layers,memory,seed,T,mode,family,cos,rel,norm,energy_share
1,0,0,256,trace,embedding,1.0000000777691544,2.562361981902863e-07,1.000000143328692,0.09663686612823949
1,0,0,256,trace,decoder,0.9999999005539594,2.9857908835391275e-07,0.9999998483229537,0.3452018355720699
1,0,0,256,trace,decay,0.9999999409409124,6.245735519242634e-07,0.9999994784302506,6.418992175305356e-05
1,0,0,256,trace,phase,0.999999885649361,4.856329100534724e-07,0.999999580493318,0.045126853884113534
1,0,0,256,trace,write,0.9453961750229962,0.33788865547381614,1.0345186051726827,0.0007282995229177251
1,0,0,256,trace,phase_controller,1.0000000743200335,2.725065387890716e-07,1.0000000667230438,0.44592047583087485
1,0,0,256,trace,other,0.9999999588709995,2.9943050781195325e-07,0.9999999999941944,0.06632213063514619
1,0,0,256,trace,predictor,0.0,0.0,0.0,0.0
1,0,0,256,instant,embedding,0.7742483920566869,0.6328920859236703,0.7778192409708351,0.09663686612823949
1,0,0,256,instant,decoder,0.9999999005539594,2.9857908835391275e-07,0.9999998483229537,0.3452018355720699
1,0,0,256,instant,decay,0.9873566771230912,0.3867045734659742,0.634633596142628,6.418992175305356e-05
1,0,0,256,instant,phase,0.45484740229742743,0.9452659937056768,0.13796543616486937,0.045126853884113534
1,0,0,256,instant,write,0.5071908076848399,0.8731063834221594,0.647038516003629,0.0007282995229177251
1,0,0,256,instant,phase_controller,0.4271330913355276,0.9473242594489982,0.1445277628217235,0.44592047583087485
1,0,0,256,instant,other,0.9999999588709995,2.9943050781195325e-07,0.9999999999941944,0.06632213063514619
1,0,0,256,instant,predictor,0.0,0.0,0.0,0.0
1,1,0,256,trace,embedding,0.9896408348170079,0.144130310019067,0.9769015091611077,0.035567770519783014
1,1,0,256,trace,decoder,1.0000000853743602,3.043686409379384e-07,1.0000001420328124,0.18441587272523277
1,1,0,256,trace,decay,0.980265560924181,0.197697104332166,0.9824389121253496,8.559810545582131e-05
1,1,0,256,trace,phase,0.9973828302954572,0.12662707006402782,0.893426271925413,0.06356452126983331
1,1,0,256,trace,write,0.9935394352280857,0.15136743829798602,0.8933750703176405,0.000543790531567471
1,1,0,256,trace,phase_controller,0.9973428988002032,0.12686600631188494,0.893478212957646,0.630916820531353
1,1,0,256,trace,other,0.9912581016688402,0.1320237186152853,0.9959614393091369,0.08490564112119652
1,1,0,256,trace,predictor,0.0,0.0,0.0,0.0
1,1,0,256,instant,embedding,0.8746841993977509,0.48473918728023874,0.8679423804679703,0.035567770519783014
1,1,0,256,instant,decoder,1.0000000853743602,3.043686409379384e-07,1.0000001420328124,0.18441587272523277
1,1,0,256,instant,decay,-0.10247722093006044,1.2517745424340334,0.6574183331639596,8.559810545582131e-05
1,1,0,256,instant,phase,0.9973862710525527,0.8463879170033429,0.1540881385646298,0.06356452126983331
1,1,0,256,instant,write,0.4850936596124075,0.8877336897200131,0.33216512633511835,0.000543790531567471
1,1,0,256,instant,phase_controller,0.9600528598935553,0.8504377496697215,0.15696759782376213,0.630916820531353
1,1,0,256,instant,other,0.9912581016688402,0.1320237186152853,0.9959614393091369,0.08490564112119652
1,1,0,256,instant,predictor,0.0,0.0,0.0,0.0
2,0,0,256,trace,embedding,0.878128922219666,0.4792408872716152,0.8501693869828478,0.07390165829985032
2,0,0,256,trace,decoder,0.9999998286511071,2.9641506964666027e-07,0.9999997311593659,0.2760767519191954
2,0,0,256,trace,decay,0.9910501806947157,0.16563242094634723,1.0891033289739493,0.0018545260580634135
2,0,0,256,trace,phase,0.9842301651758669,0.46875951091384205,0.550128271924572,0.047407258681267835
2,0,0,256,trace,write,0.7833618332274536,0.637097478119102,0.9231790548768527,0.0005387667976625993
2,0,0,256,trace,phase_controller,0.9810087901671845,0.4698966853573778,0.5530119908071041,0.47545521843557476
2,0,0,256,trace,other,0.922808807911355,0.38649421006628554,0.8919216281084481,0.1247663662241499
2,0,0,256,trace,predictor,0.0,0.0,0.0,0.0
2,0,0,256,instant,embedding,0.6631536023250538,0.7487533536044603,0.6832566624284184,0.07390165829985032
2,0,0,256,instant,decoder,0.9999998286511071,2.9641506964666027e-07,0.9999997311593659,0.2760767519191954
2,0,0,256,instant,decay,0.9406303304158834,0.747847395682117,0.27425131006720876,0.0018545260580634135
2,0,0,256,instant,phase,0.6438974599969333,0.8321317630603736,0.3167169522880935,0.047407258681267835
2,0,0,256,instant,write,0.3198636045980792,1.0353947084129818,0.7374218043297854,0.0005387667976625993
2,0,0,256,instant,phase_controller,0.620775735382376,0.8371986485551627,0.32706791889029974,0.47545521843557476
2,0,0,256,instant,other,0.922808807911355,0.38649421006628554,0.8919216281084481,0.1247663662241499
2,0,0,256,instant,predictor,0.0,0.0,0.0,0.0
2,1,0,256,trace,embedding,0.6153236446019595,0.7962772616308784,0.7279328497930224,0.11001009091077389
2,1,0,256,trace,decoder,0.9999999819797551,2.742967065513375e-07,0.9999998036664774,0.19696339792745343
2,1,0,256,trace,decay,0.8482220601740524,0.5967759221437143,0.5732275071688737,0.0043277902818413235
2,1,0,256,trace,phase,0.8303909612451253,0.5663448114851652,0.7289248282775759,0.042559024519890194
2,1,0,256,trace,write,0.1468498077658411,1.2138464289698947,0.8504037404046275,0.0008591448210171304
2,1,0,256,trace,phase_controller,0.8319612847762136,0.5645431124916945,0.727709080670096,0.4402759113146372
2,1,0,256,trace,other,0.7771175091762498,0.6294755432630238,0.7894278459585112,0.20500600910251682
2,1,0,256,trace,predictor,0.0,0.0,0.0,0.0
2,1,0,256,instant,embedding,0.5235141646934545,0.853119413166582,0.5668758984448101,0.11001009091077389
2,1,0,256,instant,decoder,0.9999999819797551,2.742967065513375e-07,0.9999998036664774,0.19696339792745343
2,1,0,256,instant,decay,0.6448495440215658,0.9328307181289255,0.11005630441911471,0.0043277902818413235
2,1,0,256,instant,phase,0.44181292505323516,0.9101288997496596,0.28840799033045206,0.042559024519890194
2,1,0,256,instant,write,0.4970038672211274,0.8724983600386884,0.5879230381061533,0.0008591448210171304
2,1,0,256,instant,phase_controller,0.4605065972919715,0.9028655751377296,0.295483787291753,0.4402759113146372
2,1,0,256,instant,other,0.7771175091762498,0.6294755432630238,0.7894278459585112,0.20500600910251682
2,1,0,256,instant,predictor,0.0,0.0,0.0,0.0
4,0,0,256,trace,embedding,0.5195538650336495,0.8577810276775764,0.4438925393150888,0.02711375037257704
4,0,0,256,trace,decoder,0.9999999554999129,3.336333370960242e-07,1.0000001133280723,0.05202434638294965
4,0,0,256,trace,decay,0.5833627087984229,0.8381017291841953,0.3766586075603894,0.001047209510477122
4,0,0,256,trace,phase,0.43979483374429557,0.9061498550843368,0.5603223452012401,0.07520031206721078
4,0,0,256,trace,write,0.7415026766063485,0.7229409305603673,0.4723002033743564,0.0009101208039448515
4,0,0,256,trace,phase_controller,0.4427195470458818,0.9046850233856019,0.5629508408746322,0.753755446537521
4,0,0,256,trace,other,0.7086074444543334,0.7062609276780195,0.7390961091030852,0.08994835438726342
4,0,0,256,trace,predictor,0.0,0.0,0.0,0.0
4,0,0,256,instant,embedding,0.43685017804468806,0.8996522271621215,0.42227567152808443,0.02711375037257704
4,0,0,256,instant,decoder,0.9999999554999129,3.336333370960242e-07,1.0000001133280723,0.05202434638294965
4,0,0,256,instant,decay,0.2498170390365515,0.9746670503379152,0.3611031676073589,0.001047209510477122
4,0,0,256,instant,phase,0.22273305050380862,0.9814362547515093,0.10947655737652064,0.07520031206721078
4,0,0,256,instant,write,0.055538956638006884,1.0800603470658754,0.4673825438738157,0.0009101208039448515
4,0,0,256,instant,phase_controller,0.2282556098503013,0.9803794861077548,0.11317036388582156,0.753755446537521
4,0,0,256,instant,other,0.7086074444543334,0.7062609276780195,0.7390961091030852,0.08994835438726342
4,0,0,256,instant,predictor,0.0,0.0,0.0,0.0
4,1,0,256,trace,embedding,0.7262039900565388,0.705755229964203,0.5666333650010493,0.038198034859992805
4,1,0,256,trace,decoder,1.0000000444807753,2.590978209970629e-07,0.9999998943473644,0.0930395061118899
4,1,0,256,trace,decay,0.739635857736685,0.6734188236591517,0.7631752781682324,0.0016238087222363955
4,1,0,256,trace,phase,0.9002460544245633,0.4389675234565985,0.9562414455659927,0.06075773598817571
4,1,0,256,trace,write,0.8008446074946601,0.6052016331668044,0.8881437598103774,0.0007683236671702691
4,1,0,256,trace,phase_controller,0.9004914832251334,0.43852169865087337,0.956940481842271,0.6030921029890293
4,1,0,256,trace,other,0.847658411826699,0.5374022113970337,0.7620707330446321,0.20252009987091918
4,1,0,256,trace,predictor,0.0,0.0,0.0,0.0
4,1,0,256,instant,embedding,0.5886674121682902,0.8164285754307099,0.4742765256067828,0.038198034859992805
4,1,0,256,instant,decoder,1.0000000444807753,2.590978209970629e-07,0.9999998943473644,0.0930395061118899
4,1,0,256,instant,decay,0.5205070049330478,0.8741035860439107,0.3334652875407476,0.0016238087222363955
4,1,0,256,instant,phase,0.14687403104384705,1.001428064718434,0.30317632291375324,0.06075773598817571
4,1,0,256,instant,write,0.5547774906815156,0.8594233301096997,0.7701532176578364,0.0007683236671702691
4,1,0,256,instant,phase_controller,0.15979370109842142,1.0006056047438185,0.32333400807157237,0.6030921029890293
4,1,0,256,instant,other,0.847658411826699,0.5374022113970337,0.7620707330446321,0.20252009987091918
4,1,0,256,instant,predictor,0.0,0.0,0.0,0.0
1,0,1,256,trace,embedding,1.0000000650993415,2.1531786972172133e-07,0.9999998636475398,0.193948189655951
1,0,1,256,trace,decoder,0.9999998925264447,2.9413696296879574e-07,0.9999999196405842,0.5583906582873739
1,0,1,256,trace,decay,1.0000000298797247,1.8356440052992627e-07,1.0000000906316702,0.0017128375074650045
1,0,1,256,trace,phase,0.9999999751822636,2.0625857168670234e-07,1.0000001021092617,0.005400563834653485
1,0,1,256,trace,write,0.8728291219966016,0.489834309703618,0.8307813775559726,0.0013719662888483735
1,0,1,256,trace,phase_controller,0.9999999162964788,3.835368480720587e-07,1.0000003493896887,0.06645466328658879
1,0,1,256,trace,other,0.9999999824264091,2.7633593166946134e-07,0.9999999999951519,0.1727219515726119
1,0,1,256,trace,predictor,0.0,0.0,0.0,0.0
1,0,1,256,instant,embedding,0.7918545876901097,0.6108014385492019,0.8024272786813843,0.193948189655951
1,0,1,256,instant,decoder,0.9999998925264447,2.9413696296879574e-07,0.9999999196405842,0.5583906582873739
1,0,1,256,instant,decay,0.8741464291797493,0.5861361345781074,0.5459884507421938,0.0017128375074650045
1,0,1,256,instant,phase,-0.24937781997864328,1.3812181065074376,0.7354840287652197,0.005400563834653485
1,0,1,256,instant,write,0.7431449104579074,0.706722700531589,0.9705674584714438,0.0013719662888483735
1,0,1,256,instant,phase_controller,-0.2944702724065893,1.3563837078632694,0.668072894563266,0.06645466328658879
1,0,1,256,instant,other,0.9999999824264091,2.7633593166946134e-07,0.9999999999951519,0.1727219515726119
1,0,1,256,instant,predictor,0.0,0.0,0.0,0.0
1,1,1,256,trace,embedding,0.9894343448644053,0.14710466002574388,0.9645475387105105,0.11553670505684077
1,1,1,256,trace,decoder,1.0000000360749521,3.271285396148676e-07,0.9999999229581332,0.36735532636489127
1,1,1,256,trace,decay,0.9996569421170172,0.07853361705037766,0.9256214051211268,0.003918585318422333
1,1,1,256,trace,phase,0.9873242481822044,0.169723209896153,1.0474501131944227,0.03214177549810814
1,1,1,256,trace,write,0.9531446704666111,0.3209330370394103,1.060301100939286,0.0010870095855827877
1,1,1,256,trace,phase_controller,0.9873638922770149,0.17006709824187355,1.0490923355581496,0.32304780200781247
1,1,1,256,trace,other,0.977153695053278,0.2133183636837633,0.9954206395222773,0.15691368364522607
1,1,1,256,trace,predictor,0.0,0.0,0.0,0.0
1,1,1,256,instant,embedding,0.7764536122127147,0.6397204992421284,0.6663512625954047,0.11553670505684077
1,1,1,256,instant,decoder,1.0000000360749521,3.271285396148676e-07,0.9999999229581332,0.36735532636489127
1,1,1,256,instant,decay,-0.995467085407226,1.072612915085515,0.07292106058457039,0.003918585318422333
1,1,1,256,instant,phase,0.9971880651972795,0.6352555499388037,0.36636817844928593,0.03214177549810814
1,1,1,256,instant,write,0.5498496523963141,0.8462557817842496,0.41389547146280087,0.0010870095855827877
1,1,1,256,instant,phase_controller,0.98798158913835,0.6324022279802982,0.3747604631760595,0.32304780200781247
1,1,1,256,instant,other,0.977153695053278,0.2133183636837633,0.9954206395222773,0.15691368364522607
1,1,1,256,instant,predictor,0.0,0.0,0.0,0.0
2,0,1,256,trace,embedding,0.8961809423223523,0.44606385424893374,0.9421506585632395,0.043133061358379195
2,0,1,256,trace,decoder,0.9999998616181746,3.130067173305639e-07,0.9999999999977437,0.33075763064811875
2,0,1,256,trace,decay,0.9412853369857425,0.345387105553898,0.8684127925584125,0.0004615760518389686
2,0,1,256,trace,phase,0.9286633283246069,0.3764764945039504,0.8642419209444228,0.0423298591187919
2,0,1,256,trace,write,0.09182211065499565,1.5197073053694015,1.2398384466014825,0.0001507360150702461
2,0,1,256,trace,phase_controller,0.92885542086045,0.37533137053472826,0.868472460480145,0.42445727084953633
2,0,1,256,trace,other,0.9030804789554812,0.4294750832898613,0.9049270586849077,0.158710372536142
2,0,1,256,trace,predictor,0.0,0.0,0.0,0.0
2,0,1,256,instant,embedding,0.8291133171024698,0.5602175275156301,0.8647902233597188,0.043133061358379195
2,0,1,256,instant,decoder,0.9999998616181746,3.130067173305639e-07,0.9999999999977437,0.33075763064811875
2,0,1,256,instant,decay,0.6476848252514403,0.814171717491867,0.3606807500295443,0.0004615760518389686
2,0,1,256,instant,phase,0.7557577159901459,0.8692970719767552,0.18405226162160768,0.0423298591187919
2,0,1,256,instant,write,-0.2832994657750571,1.5563465792558222,0.9424548921814776,0.0001507360150702461
2,0,1,256,instant,phase_controller,0.6593512105620826,0.8686605685369154,0.22424753809306722,0.42445727084953633
2,0,1,256,instant,other,0.9030804789554812,0.4294750832898613,0.9049270586849077,0.158710372536142
2,0,1,256,instant,predictor,0.0,0.0,0.0,0.0
2,1,1,256,trace,embedding,0.8810641679759098,0.4767720379208064,0.8211828927220125,0.04972764264575408
2,1,1,256,trace,decoder,1.000000048557508,2.8831157709930976e-07,0.9999999361069757,0.19022707989743476
2,1,1,256,trace,decay,0.9995713756131448,0.19696886637675165,0.8047904250456503,0.0014559177399908
2,1,1,256,trace,phase,0.9967872098696173,0.1596977804755891,0.8586274019178415,0.05397582374985221
2,1,1,256,trace,write,0.6968759857709114,0.7611453728235895,0.9517847492889001,0.0007998432497400361
2,1,1,256,trace,phase_controller,0.9966171361649786,0.16205812725732316,0.856944884803281,0.5398611405586407
2,1,1,256,trace,other,0.9327682374821563,0.38601285091453297,0.7947003428186247,0.16395303285881188
2,1,1,256,trace,predictor,0.0,0.0,0.0,0.0
2,1,1,256,instant,embedding,0.707895804429514,0.707518943842725,0.666669353335369,0.04972764264575408
2,1,1,256,instant,decoder,1.000000048557508,2.8831157709930976e-07,0.9999999361069757,0.19022707989743476
2,1,1,256,instant,decay,0.004180548409414324,1.0518254619767977,0.33030080146946705,0.0014559177399908
2,1,1,256,instant,phase,0.6723917468202347,0.8805438917482544,0.1954556633783186,0.05397582374985221
2,1,1,256,instant,write,0.44918185288206325,0.9176892278597031,0.6587478380709575,0.0007998432497400361
2,1,1,256,instant,phase_controller,0.6757277810387958,0.879318944813902,0.1963431626723312,0.5398611405586407
2,1,1,256,instant,other,0.9327682374821563,0.38601285091453297,0.7947003428186247,0.16395303285881188
2,1,1,256,instant,predictor,0.0,0.0,0.0,0.0
4,0,1,256,trace,embedding,0.8401098694540124,0.5463586289813811,0.9056247316295651,0.018132813959202236
4,0,1,256,trace,decoder,0.9999999308343093,3.351406231790903e-07,0.9999999999979814,0.08248332794905287
4,0,1,256,trace,decay,0.8812119459796905,0.4757402205696971,0.9347215699726598,0.00099419638083285
4,0,1,256,trace,phase,0.963886805065596,0.3548773299329832,0.7293321041043608,0.0712418538690173
4,0,1,256,trace,write,0.20363796194049183,0.9939644302601897,0.3752001191983456,0.001148370474552818
4,0,1,256,trace,phase_controller,0.9635815507803641,0.355096493896112,0.7299515941032998,0.717042484028199
4,0,1,256,trace,other,0.8730023847144333,0.4884956731440611,0.9005914689391017,0.10895768279994968
4,0,1,256,trace,predictor,0.0,0.0,0.0,0.0
4,0,1,256,instant,embedding,0.7640893721687477,0.6452871387982385,0.7489845135355363,0.018132813959202236
4,0,1,256,instant,decoder,0.9999999308343093,3.351406231790903e-07,0.9999999999979814,0.08248332794905287
4,0,1,256,instant,decay,0.5528298589056506,0.858274417783487,0.34726785945554467,0.00099419638083285
4,0,1,256,instant,phase,0.814243637490301,0.8913350085226895,0.13787779031113256,0.0712418538690173
4,0,1,256,instant,write,0.41522292048430964,0.9161111127949645,0.3071961081478303,0.001148370474552818
4,0,1,256,instant,phase_controller,0.7814392145695889,0.8889433633297601,0.1482979747776426,0.717042484028199
4,0,1,256,instant,other,0.8730023847144333,0.4884956731440611,0.9005914689391017,0.10895768279994968
4,0,1,256,instant,predictor,0.0,0.0,0.0,0.0
4,1,1,256,trace,embedding,0.6696115203274497,0.7487539854207625,0.7645440548039137,0.04963103815091518
4,1,1,256,trace,decoder,1.0000001296450467,3.623061790063238e-07,0.999999999998117,0.11499042014945013
4,1,1,256,trace,decay,0.5985386597291216,0.8026048511518469,0.6477633516082609,0.0010781387019294947
4,1,1,256,trace,phase,0.9343084327390422,0.3823508543364186,0.7960166485931238,0.06451292359402341
4,1,1,256,trace,write,0.6280089284368278,0.801123148419925,0.8182558409846274,0.0006565746553963243
4,1,1,256,trace,phase_controller,0.9331610903678691,0.384446828501805,0.7968197277164817,0.6453425051729734
4,1,1,256,trace,other,0.8479776437560439,0.5307269830902797,0.8751363016204876,0.12378885888889055
4,1,1,256,trace,predictor,0.0,0.0,0.0,0.0
4,1,1,256,instant,embedding,0.5302365130141617,0.8490034574120014,0.5744857336258197,0.04963103815091518
4,1,1,256,instant,decoder,1.0000001296450467,3.623061790063238e-07,0.999999999998117,0.11499042014945013
4,1,1,256,instant,decay,0.061127586821498346,1.045166483973943,0.3711430785924809,0.0010781387019294947
4,1,1,256,instant,phase,0.8080248271610944,0.8509649244240518,0.1939843456388763,0.06451292359402341
4,1,1,256,instant,write,0.6418629581648067,0.7669130462118929,0.65384317955656,0.0006565746553963243
4,1,1,256,instant,phase_controller,0.7710844265343063,0.8547799029617301,0.20080396090887512,0.6453425051729734
4,1,1,256,instant,other,0.8479776437560439,0.5307269830902797,0.8751363016204876,0.12378885888889055
4,1,1,256,instant,predictor,0.0,0.0,0.0,0.0
1,0,2,256,trace,embedding,1.0000001299948762,2.4843103252339494e-07,0.999999904918664,0.08865031495762254
1,0,2,256,trace,decoder,1.0000000504121913,2.507532108736381e-07,0.9999999999975079,0.581073580162541
1,0,2,256,trace,decay,1.000000068047488,3.614375081322248e-07,1.0000002890723056,0.0005990270016612563
1,0,2,256,trace,phase,0.9999999490704115,4.875495672925413e-07,0.9999998109475497,0.012613864700533575
1,0,2,256,trace,write,-0.026480792903421545,1.9013685100719324,1.5908946060978297,0.00018738067150211816
1,0,2,256,trace,phase_controller,1.0000001479176823,1.6450551199809127e-07,1.0000000801483109,0.12472844445773851
1,0,2,256,trace,other,1.0000000214038116,2.4557510143893424e-07,0.9999999999956661,0.19214799757769005
1,0,2,256,trace,predictor,0.0,0.0,0.0,0.0
1,0,2,256,instant,embedding,0.9030983477643904,0.4294362235743849,0.9046756627165832,0.08865031495762254
1,0,2,256,instant,decoder,1.0000000504121913,2.507532108736381e-07,0.9999999999975079,0.581073580162541
1,0,2,256,instant,decay,-0.11585606471520817,1.1204186543047092,0.40256515014527244,0.0005990270016612563
1,0,2,256,instant,phase,0.7251288543317945,0.6886391281262159,0.7310988408721386,0.012613864700533575
1,0,2,256,instant,write,0.6912206371565853,1.0601232055268652,1.4668799687769032,0.00018738067150211816
1,0,2,256,instant,phase_controller,0.7240770232177396,0.6897560057519659,0.7311904938966917,0.12472844445773851
1,0,2,256,instant,other,1.0000000214038116,2.4557510143893424e-07,0.9999999999956661,0.19214799757769005
1,0,2,256,instant,predictor,0.0,0.0,0.0,0.0
1,1,2,256,trace,embedding,0.9910394820437037,0.13358483088130035,0.9889469996005065,0.09673289628140676
1,1,2,256,trace,decoder,0.9999999657150737,3.4989260600728146e-07,1.0000000729843221,0.42601916409367596
1,1,2,256,trace,decay,0.989177841538067,0.17790659892049188,1.089795051009974,0.0004680846335739343
1,1,2,256,trace,phase,0.9996071816495937,0.12096201418794279,1.1172777718921918,0.03221953644690913
1,1,2,256,trace,write,0.9802467067307727,0.19788830376630948,0.9868334048247269,0.003002977261496711
1,1,2,256,trace,phase_controller,0.9995879533392036,0.12084599040920917,1.11697480049257,0.31871979628886554
1,1,2,256,trace,other,0.9780239280613144,0.20926860522195415,0.9960332916117616,0.1228376906979082
1,1,2,256,trace,predictor,0.0,0.0,0.0,0.0
1,1,2,256,instant,embedding,0.8062832811975766,0.5920847102581488,0.8319159560208288,0.09673289628140676
1,1,2,256,instant,decoder,0.9999999657150737,3.4989260600728146e-07,1.0000000729843221,0.42601916409367596
1,1,2,256,instant,decay,-0.2108071096237989,1.0721283560640287,0.2295324262871771,0.0004680846335739343
1,1,2,256,instant,phase,0.8510247860902771,0.66465651347296,0.443579715931673,0.03221953644690913
1,1,2,256,instant,write,0.4336225400425207,0.9203242020866816,0.24647241068069622,0.003002977261496711
1,1,2,256,instant,phase_controller,0.8481369554618363,0.665207743407415,0.44584662960839355,0.31871979628886554
1,1,2,256,instant,other,0.9780239280613144,0.20926860522195415,0.9960332916117616,0.1228376906979082
1,1,2,256,instant,predictor,0.0,0.0,0.0,0.0
2,0,2,256,trace,embedding,0.8872115446221903,0.4768653327839132,0.7666087774531538,0.04752981419467733
2,0,2,256,trace,decoder,1.0000000388592833,3.6499423197178865e-07,0.99999999999763,0.08760987739824569
2,0,2,256,trace,decay,0.9839794908735214,0.17914902437241295,1.0015913988135232,0.0003490781139373254
2,0,2,256,trace,phase,0.9799005415641379,0.2916158537049448,0.7671923523038175,0.07305308189915387
2,0,2,256,trace,write,0.8257267141280622,0.6219930806960446,1.0878335110092205,0.0003520268876628386
2,0,2,256,trace,phase_controller,0.97736661948672,0.2985361988031579,0.7667261839880061,0.7345348594330631
2,0,2,256,trace,other,0.9770442989392291,0.21386351931652192,0.9958408483912096,0.056570743638990645
2,0,2,256,trace,predictor,0.0,0.0,0.0,0.0
2,0,2,256,instant,embedding,0.5781405641176143,0.8167160131408762,0.6138057137686408,0.04752981419467733
2,0,2,256,instant,decoder,1.0000000388592833,3.6499423197178865e-07,0.99999999999763,0.08760987739824569
2,0,2,256,instant,decay,0.48680428330265035,0.9024007078326356,0.2602972527343669,0.0003490781139373254
2,0,2,256,instant,phase,0.5471895662875846,0.9554476238305689,0.08643292395197542,0.07305308189915387
2,0,2,256,instant,write,0.38004036907179223,0.984361453370106,0.7167868919915686,0.0003520268876628386
2,0,2,256,instant,phase_controller,0.4482227117204798,0.9586685227971077,0.10188578865289477,0.7345348594330631
2,0,2,256,instant,other,0.9770442989392291,0.21386351931652192,0.9958408483912096,0.056570743638990645
2,0,2,256,instant,predictor,0.0,0.0,0.0,0.0
2,1,2,256,trace,embedding,0.9281966146316586,0.3730169386825245,0.9544654426782813,0.05065086056841857
2,1,2,256,trace,decoder,1.0000000836734064,2.7559355211461247e-07,1.0000000724694973,0.16168689993974875
2,1,2,256,trace,decay,0.9831917213362552,0.2994157093066024,0.7458824045793112,0.0009936505049727795
2,1,2,256,trace,phase,0.9662932288736292,0.31736142092133807,1.1518743809231933,0.056999246176902676
2,1,2,256,trace,write,0.8489824333914795,0.5376382335277051,0.9481095338505517,0.0010946945118669997
2,1,2,256,trace,phase_controller,0.9654184294433803,0.3195107599484843,1.1501343223780507,0.5799378416862899
2,1,2,256,trace,other,0.9029335012281811,0.43834034560545715,0.8167266431869659,0.14863720667214603
2,1,2,256,trace,predictor,0.0,0.0,0.0,0.0
2,1,2,256,instant,embedding,0.7087270354611283,0.7083849189452198,0.6446704503822662,0.05065086056841857
2,1,2,256,instant,decoder,1.0000000836734064,2.7559355211461247e-07,1.0000000724694973,0.16168689993974875
2,1,2,256,instant,decay,0.42544175580558724,0.930865975099553,0.6434144878467289,0.0009936505049727795
2,1,2,256,instant,phase,0.9625521087692542,0.6987637172309454,0.3185201346794877,0.056999246176902676
2,1,2,256,instant,write,0.40281142396027647,0.9392963644545402,0.6138440193243709,0.0010946945118669997
2,1,2,256,instant,phase_controller,0.95750733718246,0.6944469317532985,0.32578197574394935,0.5799378416862899
2,1,2,256,instant,other,0.9029335012281811,0.43834034560545715,0.8167266431869659,0.14863720667214603
2,1,2,256,instant,predictor,0.0,0.0,0.0,0.0
4,0,2,256,trace,embedding,0.7579220283286658,0.7307117314686344,0.42870234334351465,0.1065992239097997
4,0,2,256,trace,decoder,1.0000000572459005,3.316401012944245e-07,0.9999999999979766,0.05490384569397139
4,0,2,256,trace,decay,0.8768289285582852,0.4870336373708152,0.7991703837603205,0.0010831726922066207
4,0,2,256,trace,phase,0.6973672345277014,0.7345746715825237,0.5363676931661435,0.065132442544791
4,0,2,256,trace,write,0.6145768008363157,0.790895505624422,0.6713243756692175,0.0011276701700827442
4,0,2,256,trace,phase_controller,0.6934067861897357,0.737664651308221,0.5354124087854266,0.649575142961643
4,0,2,256,trace,other,0.7365093389994921,0.6804302150320273,0.6628085856911681,0.12157868303010348
4,0,2,256,trace,predictor,0.0,0.0,0.0,0.0
4,0,2,256,instant,embedding,0.4545425878294509,0.8995678990212949,0.3287178626948973,0.1065992239097997
4,0,2,256,instant,decoder,1.0000000572459005,3.316401012944245e-07,0.9999999999979766,0.05490384569397139
4,0,2,256,instant,decay,0.8237163036322269,0.5851991308554958,0.6789177293743732,0.0010831726922066207
4,0,2,256,instant,phase,0.745001316132399,0.9106695442103947,0.1250449293502327,0.065132442544791
4,0,2,256,instant,write,0.6178041879589018,0.8435665127880979,0.9232323506333743,0.0011276701700827442
4,0,2,256,instant,phase_controller,0.7073268879599983,0.910160792917642,0.13399973786499558,0.649575142961643
4,0,2,256,instant,other,0.7365093389994921,0.6804302150320273,0.6628085856911681,0.12157868303010348
4,0,2,256,instant,predictor,0.0,0.0,0.0,0.0
4,1,2,256,trace,embedding,0.8866475105520623,0.4658777615363753,0.8302011433358476,0.01552737169403999
4,1,2,256,trace,decoder,0.9999998148190237,3.112302230300355e-07,0.999999999998255,0.09614844123145777
4,1,2,256,trace,decay,0.7977176919335472,0.6039452976141746,0.83093553996679,0.0013237387801348559
4,1,2,256,trace,phase,0.8679908753413702,0.49921208436864856,0.8167954042152578,0.0691528591960769
4,1,2,256,trace,write,0.5317373112251886,0.8929520638444678,0.8147707380859148,0.0010209544056617593
4,1,2,256,trace,phase_controller,0.8698543793958816,0.49617983563063023,0.8165510958830616,0.7002702365635886
4,1,2,256,trace,other,0.7826829294427277,0.6255802577544679,0.7198881910910653,0.11655684333474854
4,1,2,256,trace,predictor,0.0,0.0,0.0,0.0
4,1,2,256,instant,embedding,0.7165910985199564,0.69830285003718,0.6829754986364658,0.01552737169403999
4,1,2,256,instant,decoder,0.9999998148190237,3.112302230300355e-07,0.999999999998255,0.09614844123145777
4,1,2,256,instant,decay,0.40117026005217155,0.9175959489335493,0.347135230221228,0.0013237387801348559
4,1,2,256,instant,phase,0.7552529484217196,0.8674903564100735,0.18696915652300908,0.0691528591960769
4,1,2,256,instant,write,0.6817624122708186,0.7619916055178235,0.46861675848487006,0.0010209544056617593
4,1,2,256,instant,phase_controller,0.73743331941307,0.8676729564978654,0.19276421139828567,0.7002702365635886
4,1,2,256,instant,other,0.7826829294427277,0.6255802577544679,0.7198881910910653,0.11655684333474854
4,1,2,256,instant,predictor,0.0,0.0,0.0,0.0
1,0,3,256,trace,embedding,0.9999999922178449,2.654626890244115e-07,0.9999999999942846,0.1429588877408759
1,0,3,256,trace,decoder,1.0000001749892107,2.3761905799776108e-07,0.999999999997399,0.6902328055086078
1,0,3,256,trace,decay,0.9999999966713023,5.40399603299693e-07,1.0000005394408944,0.0006818320056460782
1,0,3,256,trace,phase,1.000000104136847,3.167095606921184e-07,0.9999997644218174,0.004672278196289756
1,0,3,256,trace,write,0.34659377827865523,1.4426965062416943,1.4427236069959886,0.0006678793441987318
1,0,3,256,trace,phase_controller,1.0000000372733107,2.765810715216469e-07,1.0000000739444241,0.04739743118970311
1,0,3,256,trace,other,1.0000000930099133,2.5025810763422035e-07,0.9999999999935826,0.11339099272993404
1,0,3,256,trace,predictor,0.0,0.0,0.0,0.0
1,0,3,256,instant,embedding,0.9291749164324228,0.3708847642851774,0.9595203254234921,0.1429588877408759
1,0,3,256,instant,decoder,1.0000001749892107,2.3761905799776108e-07,0.999999999997399,0.6902328055086078
1,0,3,256,instant,decay,0.4994881669148088,0.919488657903521,0.8076241319937542,0.0006818320056460782
1,0,3,256,instant,phase,0.863910214520033,0.5803306838086725,0.5755970222020883,0.004672278196289756
1,0,3,256,instant,write,0.0853598408240267,1.1746737064306665,0.707569154952554,0.0006678793441987318
1,0,3,256,instant,phase_controller,0.739365631621861,0.6792387582849272,0.649772904672679,0.04739743118970311
1,0,3,256,instant,other,1.0000000930099133,2.5025810763422035e-07,0.9999999999935826,0.11339099272993404
1,0,3,256,instant,predictor,0.0,0.0,0.0,0.0
1,1,3,256,trace,embedding,0.9975127796296968,0.07081900525169585,0.990699063572031,0.08796793551300702
1,1,3,256,trace,decoder,1.000000063715398,2.7809793275351267e-07,1.000000074432365,0.49064328842259314
1,1,3,256,trace,decay,0.999884651337312,0.05853397492788122,1.0564122973380061,0.0010066368356055181
1,1,3,256,trace,phase,0.9999959420418814,0.066848951921236,1.0667837136125204,0.014572596492684333
1,1,3,256,trace,write,0.870881186607431,0.907857499754188,1.6341892099204798,0.0018675885563519121
1,1,3,256,trace,phase_controller,0.999991925868749,0.0668270256470417,1.0666975741103466,0.14432085924577973
1,1,3,256,trace,other,0.9973217559318701,0.0737776824601406,0.9876313543097949,0.2596211893995888
1,1,3,256,trace,predictor,0.0,0.0,0.0,0.0
1,1,3,256,instant,embedding,0.9414664872866726,0.3371214578273734,0.9446135555700238,0.08796793551300702
1,1,3,256,instant,decoder,1.000000063715398,2.7809793275351267e-07,1.000000074432365,0.49064328842259314
1,1,3,256,instant,decay,-0.9567425994265262,1.267465492716437,0.276880115469251,0.0010066368356055181
1,1,3,256,instant,phase,0.7996423554484287,0.8364333501656079,0.21736361707188517,0.014572596492684333
1,1,3,256,instant,write,0.7096566154393743,0.7772042072824512,0.3815424841927247,0.0018675885563519121
1,1,3,256,instant,phase_controller,0.6659956513433755,0.8456563403222491,0.26764311627383797,0.14432085924577973
1,1,3,256,instant,other,0.9973217559318701,0.0737776824601406,0.9876313543097949,0.2596211893995888
1,1,3,256,instant,predictor,0.0,0.0,0.0,0.0
2,0,3,256,trace,embedding,0.8709614389214673,0.4984690990766875,0.7870308401776445,0.03946532329015359
2,0,3,256,trace,decoder,1.000000081761599,3.095879271241691e-07,0.9999999999976791,0.11992761299326521
2,0,3,256,trace,decay,0.9823936835622875,0.23350158752439787,0.8423212870297287,0.0021435485684862788
2,0,3,256,trace,phase,0.996103915227326,0.08908564411291332,0.9834767135527699,0.05512292997607819
2,0,3,256,trace,write,0.8880702079400701,0.47470149120244604,0.7697056976583557,0.001530457732156381
2,0,3,256,trace,phase_controller,0.9953424772894237,0.09724814781067628,0.9825429802602239,0.5475946709680298
2,0,3,256,trace,other,0.9033351472441407,0.5165143650358236,0.6155830339606919,0.23421565360295943
2,0,3,256,trace,predictor,0.0,0.0,0.0,0.0
2,0,3,256,instant,embedding,0.8000299988456426,0.610374833488769,0.6877569826640284,0.03946532329015359
2,0,3,256,instant,decoder,1.000000081761599,3.095879271241691e-07,0.9999999999976791,0.11992761299326521
2,0,3,256,instant,decay,0.7228950707826783,0.8544979325927318,0.22015855559265637,0.0021435485684862788
2,0,3,256,instant,phase,0.9075752631653564,0.7588640727711164,0.27546168411243444,0.05512292997607819
2,0,3,256,instant,write,0.46323734814838946,0.8919030352164584,0.3628369646904104,0.001530457732156381
2,0,3,256,instant,phase_controller,0.9010559120277809,0.7581813453451074,0.2791710859663049,0.5475946709680298
2,0,3,256,instant,other,0.9033351472441407,0.5165143650358236,0.6155830339606919,0.23421565360295943
2,0,3,256,instant,predictor,0.0,0.0,0.0,0.0
2,1,3,256,trace,embedding,0.8829612645993474,0.49352599170068245,0.7306832855648453,0.20436430336795777
2,1,3,256,trace,decoder,1.0000000593485658,3.1789801519779575e-07,0.9999999333711803,0.3994954462480214
2,1,3,256,trace,decay,0.9055004274276401,0.5451976302988646,0.5631970467567843,0.002690413389761311
2,1,3,256,trace,phase,0.7717280735622862,0.8036369281818553,1.2630493308608084,0.015416517809242207
2,1,3,256,trace,write,0.6330342684103805,0.7744232418078458,0.6545692709632505,0.001857212181519353
2,1,3,256,trace,phase_controller,0.7719625920914979,0.8039837784022889,1.2642188168369828,0.15668333600503573
2,1,3,256,trace,other,0.9248930057485604,0.38059092949800205,0.9082532110674586,0.21949337291785126
2,1,3,256,trace,predictor,0.0,0.0,0.0,0.0
2,1,3,256,instant,embedding,0.5909768469647997,0.8068948029984487,0.60922487961068,0.20436430336795777
2,1,3,256,instant,decoder,1.0000000593485658,3.1789801519779575e-07,0.9999999333711803,0.3994954462480214
2,1,3,256,instant,decay,0.8772720484638103,0.711887909252575,0.35154323915367525,0.002690413389761311
2,1,3,256,instant,phase,-0.15357598043814644,1.0812687192154105,0.285431449817075,0.015416517809242207
2,1,3,256,instant,write,0.7233875059038506,0.7232541639513927,0.5080129331493431,0.001857212181519353
2,1,3,256,instant,phase_controller,-0.1462231166412068,1.0857085042903105,0.30115154747945305,0.15668333600503573
2,1,3,256,instant,other,0.9248930057485604,0.38059092949800205,0.9082532110674586,0.21949337291785126
2,1,3,256,instant,predictor,0.0,0.0,0.0,0.0
4,0,3,256,trace,embedding,0.8380661104186653,0.552689246932769,0.9265015505744287,0.02815678222421093
4,0,3,256,trace,decoder,1.000000127232486,3.4222398931435285e-07,0.9999999999981477,0.2195858246631045
4,0,3,256,trace,decay,0.9289323506862038,0.398842209057496,0.7806407736149293,0.0013830980491531576
4,0,3,256,trace,phase,0.8313232973278968,0.5573129602929725,0.7901402797026551,0.04920098353107905
4,0,3,256,trace,write,0.8736774050751269,0.49026145926437953,0.8131099066640967,0.0018908001481976675
4,0,3,256,trace,phase_controller,0.8340041245769392,0.5530443169887241,0.7963092906412524,0.5009936011614865
4,0,3,256,trace,other,0.8877278708294797,0.4666778661868805,0.8112505697409389,0.19878875045778246
4,0,3,256,trace,predictor,0.0,0.0,0.0,0.0
4,0,3,256,instant,embedding,0.7378000188461619,0.6841253570019783,0.8490509027600734,0.02815678222421093
4,0,3,256,instant,decoder,1.000000127232486,3.4222398931435285e-07,0.9999999999981477,0.2195858246631045
4,0,3,256,instant,decay,0.8054915810344446,0.7872392333597541,0.28726160007370266,0.0013830980491531576
4,0,3,256,instant,phase,0.6238555775906921,0.8510848711603834,0.2868969959277606,0.04920098353107905
4,0,3,256,instant,write,0.579984271490442,0.8272352394145477,0.43610940532396214,0.0018908001481976675
4,0,3,256,instant,phase_controller,0.6158934780408393,0.8524003513140913,0.29045320997505236,0.5009936011614865
4,0,3,256,instant,other,0.8877278708294797,0.4666778661868805,0.8112505697409389,0.19878875045778246
4,0,3,256,instant,predictor,0.0,0.0,0.0,0.0
4,1,3,256,trace,embedding,0.9101332262384492,0.4144002659303422,0.9185067054442646,0.03733747856447524
4,1,3,256,trace,decoder,0.9999999853522509,3.4510309767698965e-07,0.9999998951539636,0.20129521642885284
4,1,3,256,trace,decay,0.5738956569166129,0.8642758640106413,0.8501723030469843,0.0008344702056539218
4,1,3,256,trace,phase,0.9225765154519208,0.38707325591947184,0.9537759356831139,0.05390907352311763
4,1,3,256,trace,write,0.7706148346103892,0.6455602107721188,0.8735483110429475,0.0016089620834346492
4,1,3,256,trace,phase_controller,0.9214630157852294,0.3898909218606123,0.9547661976203342,0.5415577714276409
4,1,3,256,trace,other,0.9135077343743673,0.4076269464875932,0.8879066786208595,0.16345743271415006
4,1,3,256,trace,predictor,0.0,0.0,0.0,0.0
4,1,3,256,instant,embedding,0.6937266611459371,0.7202751145256648,0.700989503788263,0.03733747856447524
4,1,3,256,instant,decoder,0.9999999853522509,3.4510309767698965e-07,0.9999998951539636,0.20129521642885284
4,1,3,256,instant,decay,0.3399243172222592,1.0930675747306384,0.8970104959091212,0.0008344702056539218
4,1,3,256,instant,phase,0.7384123234076055,0.8745921619083813,0.1814885445721394,0.05390907352311763
4,1,3,256,instant,write,0.6623385868811629,0.7536071104437393,0.7436787018485098,0.0016089620834346492
4,1,3,256,instant,phase_controller,0.6396462671889633,0.8816719489359091,0.20779814698753443,0.5415577714276409
4,1,3,256,instant,other,0.9135077343743673,0.4076269464875932,0.8879066786208595,0.16345743271415006
4,1,3,256,instant,predictor,0.0,0.0,0.0,0.0
1,0,4,256,trace,embedding,1.000000058266793,2.3408537443778157e-07,1.0000000708125993,0.10164803718488188
1,0,4,256,trace,decoder,0.9999999858379128,2.6909448565302894e-07,0.9999999999973134,0.3180603573333187
1,0,4,256,trace,decay,0.9999999928491512,1.1539337018174386e-07,1.000000161601139,0.00030467941214572204
1,0,4,256,trace,phase,0.9999999924174687,4.092099425855176e-07,1.0000003505724029,0.03732896866288729
1,0,4,256,trace,write,0.8456723870256025,0.5370746421129969,0.7855809996800175,0.00038677691456878374
1,0,4,256,trace,phase_controller,0.9999999399090804,2.1610051909382223e-07,1.000000219345707,0.38142826454865786
1,0,4,256,trace,other,0.9999998914689981,2.873342900659389e-07,0.999999999996222,0.16084257574569918
1,0,4,256,trace,predictor,0.0,0.0,0.0,0.0
1,0,4,256,instant,embedding,0.6638119931650233,0.7504757686709868,0.7259408846454939,0.10164803718488188
1,0,4,256,instant,decoder,0.9999999858379128,2.6909448565302894e-07,0.9999999999973134,0.3180603573333187
1,0,4,256,instant,decay,0.8095093934703856,0.7073664865226202,1.2040634443046592,0.00030467941214572204
1,0,4,256,instant,phase,0.6511678569872564,0.8562558473796273,0.2546914356264446,0.03732896866288729
1,0,4,256,instant,write,0.4431158346196984,1.0749318921479032,1.0362685351065928,0.00038677691456878374
1,0,4,256,instant,phase_controller,0.6563396753277769,0.8528687120081773,0.2586377111978275,0.38142826454865786
1,0,4,256,instant,other,0.9999998914689981,2.873342900659389e-07,0.999999999996222,0.16084257574569918
1,0,4,256,instant,predictor,0.0,0.0,0.0,0.0
1,1,4,256,trace,embedding,0.9889349025924374,0.14929411962073735,0.9721701300757842,0.05389978821061862
1,1,4,256,trace,decoder,0.9999999261506639,3.3469166209298546e-07,0.9999999999974005,0.19293014514558654
1,1,4,256,trace,decay,0.9981543887996744,0.06198990543913251,0.985706137278191,0.0007431273484865791
1,1,4,256,trace,phase,0.9941760930385807,0.12823832088924084,1.063682679913813,0.06270508007551591
1,1,4,256,trace,write,0.924106959438087,0.4012932670088167,1.046620634009326,0.0007789119047417077
1,1,4,256,trace,phase_controller,0.9942047060843637,0.12827083154988855,1.0641792322319619,0.6233570494120391
1,1,4,256,trace,other,0.9737258227644983,0.22839387796516358,0.9912022554411629,0.06558643218026597
1,1,4,256,trace,predictor,0.0,0.0,0.0,0.0
1,1,4,256,instant,embedding,0.7656152415533882,0.6433269117609276,0.771629557409204,0.05389978821061862
1,1,4,256,instant,decoder,0.9999999261506639,3.3469166209298546e-07,0.9999999999974005,0.19293014514558654
1,1,4,256,instant,decay,0.9842697422559418,0.4017252372916586,0.6234789760286051,0.0007431273484865791
1,1,4,256,instant,phase,0.9956262306163789,0.7767355246726941,0.22452976477485886,0.06270508007551591
1,1,4,256,instant,write,-0.4900802320267896,1.2717430565725063,0.4359376357214784,0.0007789119047417077
1,1,4,256,instant,phase_controller,0.980995003915554,0.7805951909612657,0.22489974742551036,0.6233570494120391
1,1,4,256,instant,other,0.9737258227644983,0.22839387796516358,0.9912022554411629,0.06558643218026597
1,1,4,256,instant,predictor,0.0,0.0,0.0,0.0
2,0,4,256,trace,embedding,0.8765851251029138,0.4883981541008847,0.7933136077536276,0.04984813807950241
2,0,4,256,trace,decoder,1.0000001338110478,3.5038416990299215e-07,1.0000000696899298,0.1086889945335757
2,0,4,256,trace,decay,0.4617014289143666,1.2518812067084415,1.3450896409894912,0.00011159664632481263
2,0,4,256,trace,phase,0.9982530823586478,0.30451807743168,0.6995215061570158,0.06535490077017096
2,0,4,256,trace,write,0.58131426583946,0.9302268068469015,1.0321444511877582,0.0016853434907520553
2,0,4,256,trace,phase_controller,0.9978981551003829,0.30415327828371835,0.7007282424121146,0.6541279398596446
2,0,4,256,trace,other,0.9406983824301716,0.35271942903506776,0.8441346134900517,0.12018316116179568
2,0,4,256,trace,predictor,0.0,0.0,0.0,0.0
2,0,4,256,instant,embedding,0.6188901803624377,0.7859372010791057,0.6457734339224901,0.04984813807950241
2,0,4,256,instant,decoder,1.0000001338110478,3.5038416990299215e-07,1.0000000696899298,0.1086889945335757
2,0,4,256,instant,decay,-0.09363003608412604,1.6699389432377498,1.2470647518109945,0.00011159664632481263
2,0,4,256,instant,phase,0.6072274649981367,0.8819110634148506,0.2244842080848264,0.06535490077017096
2,0,4,256,instant,write,0.4747600949264469,0.8810591782458143,0.43398933825029223,0.0016853434907520553
2,0,4,256,instant,phase_controller,0.6011136242881528,0.883031225663854,0.22550505503869367,0.6541279398596446
2,0,4,256,instant,other,0.9406983824301716,0.35271942903506776,0.8441346134900517,0.12018316116179568
2,0,4,256,instant,predictor,0.0,0.0,0.0,0.0
2,1,4,256,trace,embedding,0.9067342632429286,0.4232332991761818,0.9427012791712182,0.08148264718394643
2,1,4,256,trace,decoder,0.9999999029841353,3.437671880420603e-07,1.000000138991169,0.2326318167125479
2,1,4,256,trace,decay,0.8581242068324382,0.5899263432128045,1.1486239302643146,0.0007519293735711681
2,1,4,256,trace,phase,0.963284435117448,0.42040846393315284,1.286796471117364,0.05280423758031328
2,1,4,256,trace,write,0.22870443640829444,1.4088693387655251,1.247143877141307,0.001225413354373277
2,1,4,256,trace,phase_controller,0.9624197320417959,0.42520786347410616,1.2896104343669919,0.526430808639056
2,1,4,256,trace,other,0.9420783641908774,0.3357137780469976,0.9567515087234029,0.1046728151097726
2,1,4,256,trace,predictor,0.0,0.0,0.0,0.0
2,1,4,256,instant,embedding,0.7151393037537337,0.6997685404245206,0.7483062974212521,0.08148264718394643
2,1,4,256,instant,decoder,0.9999999029841353,3.437671880420603e-07,1.000000138991169,0.2326318167125479
2,1,4,256,instant,decay,0.7085264264505637,0.7483503436524795,0.4594524141673205,0.0007519293735711681
2,1,4,256,instant,phase,0.764957319039796,0.8758849176669345,0.17137977285108605,0.05280423758031328
2,1,4,256,instant,write,-0.04680351016485802,1.1030821894294078,0.42115053076685977,0.001225413354373277
2,1,4,256,instant,phase_controller,0.7538319023241362,0.8779870254112637,0.17148862559175712,0.526430808639056
2,1,4,256,instant,other,0.9420783641908774,0.3357137780469976,0.9567515087234029,0.1046728151097726
2,1,4,256,instant,predictor,0.0,0.0,0.0,0.0
4,0,4,256,trace,embedding,0.8515631941610343,0.5408131558520578,0.7187522108436186,0.06529113029149561
4,0,4,256,trace,decoder,0.9999999370642072,2.6828983538230235e-07,1.0000001023088658,0.13578523753778465
4,0,4,256,trace,decay,0.8876983313582512,0.4701774035651986,0.7924351847287604,0.0034961380674888793
4,0,4,256,trace,phase,0.8768861516116531,0.48111351805033664,0.8568966632880106,0.052160792005626115
4,0,4,256,trace,write,0.5424604920946708,0.857402273263483,0.7139311590667388,0.003200638672737686
4,0,4,256,trace,phase_controller,0.8831175622489701,0.4696244340342076,0.8620499695143345,0.5605416597110549
4,0,4,256,trace,other,0.8580846155236004,0.5427378238844687,0.6823744514795533,0.17952418584049798
4,0,4,256,trace,predictor,0.0,0.0,0.0,0.0
4,0,4,256,instant,embedding,0.4468332503694134,0.8946233346479435,0.4501741196351765,0.06529113029149561
4,0,4,256,instant,decoder,0.9999999370642072,2.6828983538230235e-07,1.0000001023088658,0.13578523753778465
4,0,4,256,instant,decay,0.6564326042278884,0.8093547831418644,0.3632451016460877,0.0034961380674888793
4,0,4,256,instant,phase,0.43278005905476846,0.9238248983457921,0.2309110566218714,0.052160792005626115
4,0,4,256,instant,write,0.3042743784432816,0.9632111870789899,0.44695793353942087,0.003200638672737686
4,0,4,256,instant,phase_controller,0.42368410302128884,0.9240001554955618,0.2412427813540122,0.5605416597110549
4,0,4,256,instant,other,0.8580846155236004,0.5427378238844687,0.6823744514795533,0.17952418584049798
4,0,4,256,instant,predictor,0.0,0.0,0.0,0.0
4,1,4,256,trace,embedding,0.8563368862483269,0.5246497217790114,0.7637611901720638,0.02172364922141094
4,1,4,256,trace,decoder,0.9999998898101117,3.6757864695424437e-07,0.9999999999980278,0.054130225219824295
4,1,4,256,trace,decay,0.9629310795329825,0.2859462252738091,0.8680538513386146,0.001020480271017098
4,1,4,256,trace,phase,0.9452064685531021,0.32870462067331285,0.9069718877231727,0.07673417312571759
4,1,4,256,trace,write,0.7200244624176715,0.6998003220706512,0.8103324097923591,0.0008357098003919903
4,1,4,256,trace,phase_controller,0.9445765583698643,0.3305989372755872,0.9055860157245105,0.7686626429020644
4,1,4,256,trace,other,0.8267220593599562,0.5685666208666637,0.7446377123208197,0.07689381650619194
4,1,4,256,trace,predictor,0.0,0.0,0.0,0.0
4,1,4,256,instant,embedding,0.6619953935954805,0.7521183427119819,0.5993840770605948,0.02172364922141094
4,1,4,256,instant,decoder,0.9999998898101117,3.6757864695424437e-07,0.9999999999980278,0.054130225219824295
4,1,4,256,instant,decay,0.8985660701696869,0.7264762614275933,0.3196111324339738,0.001020480271017098
4,1,4,256,instant,phase,0.920319096013716,0.8528315672638609,0.16248743577159408,0.07673417312571759
4,1,4,256,instant,write,0.5707151175057793,0.8335305395086041,0.42757666293809327,0.0008357098003919903
4,1,4,256,instant,phase_controller,0.8904072931629146,0.8549193735158515,0.16672757764651586,0.7686626429020644
4,1,4,256,instant,other,0.8267220593599562,0.5685666208666637,0.7446377123208197,0.07689381650619194
4,1,4,256,instant,predictor,0.0,0.0,0.0,0.0
1,0,5,256,trace,embedding,0.9999999018893553,2.0010027789533765e-07,1.0000000849047619,0.0868632781765322
1,0,5,256,trace,decoder,1.0000000734674033,2.535417033510727e-07,1.0000001497164432,0.4470180018007641
1,0,5,256,trace,decay,0.9999999769378598,4.063435447352539e-07,0.9999995147648401,0.0014964228253184684
1,0,5,256,trace,phase,1.000000000380414,4.08287683113466e-07,0.9999995523286805,0.028125613264130742
1,0,5,256,trace,write,0.32815978951051195,1.0882834550803664,0.8685760033683421,0.0005046691100181301
1,0,5,256,trace,phase_controller,1.000000029406778,1.775030236133281e-07,1.0000000932553723,0.2880326572078692
1,0,5,256,trace,other,1.0000000466054775,2.8519856290863354e-07,0.9999998698773838,0.14795926587955816
1,0,5,256,trace,predictor,0.0,0.0,0.0,0.0
1,0,5,256,instant,embedding,0.8435236920510406,0.5371307923338042,0.849962537500107,0.0868632781765322
1,0,5,256,instant,decoder,1.0000000734674033,2.535417033510727e-07,1.0000001497164432,0.4470180018007641
1,0,5,256,instant,decay,-0.7198109980493858,1.1013052870462086,0.1351751481494527,0.0014964228253184684
1,0,5,256,instant,phase,0.10527476474700741,0.9950699060333883,0.06996076528376205,0.028125613264130742
1,0,5,256,instant,write,0.23313393130196708,1.022686126734567,0.5497381006558133,0.0005046691100181301
1,0,5,256,instant,phase_controller,0.18137508181427392,0.988255863648502,0.08366775637645144,0.2880326572078692
1,0,5,256,instant,other,1.0000000466054775,2.8519856290863354e-07,0.9999998698773838,0.14795926587955816
1,0,5,256,instant,predictor,0.0,0.0,0.0,0.0
1,1,5,256,trace,embedding,0.9966252429649076,0.08420029464904452,0.9778737767883555,0.03810946494351616
1,1,5,256,trace,decoder,0.9999999901201785,3.167003370963443e-07,1.00000016192483,0.0736584602887798
1,1,5,256,trace,decay,0.9999843800375768,0.007402009550876734,0.995143405621669,0.0008895591950319063
1,1,5,256,trace,phase,0.9998089641716162,0.036611883689450384,0.9688512907110775,0.07850091031468007
1,1,5,256,trace,write,0.8456321677085342,0.5352333885052518,0.8852392035309968,0.0002470327512121705
1,1,5,256,trace,phase_controller,0.9998051045495396,0.03678913076590541,0.968761360661443,0.7783314376903929
1,1,5,256,trace,other,0.9879692270134742,0.16316147036980375,0.9359604511277845,0.030263087169884528
1,1,5,256,trace,predictor,0.0,0.0,0.0,0.0
1,1,5,256,instant,embedding,0.6994090209852182,0.7228114008801263,0.5915691246346599,0.03810946494351616
1,1,5,256,instant,decoder,0.9999999901201785,3.167003370963443e-07,1.00000016192483,0.0736584602887798
1,1,5,256,instant,decay,0.9127368771462596,0.7487335888533179,0.2852892554225878,0.0008895591950319063
1,1,5,256,instant,phase,0.9130825501652846,0.8149961841399955,0.20743508786927686,0.07850091031468007
1,1,5,256,instant,write,0.2176878178966536,1.099352551144173,0.7236167255127536,0.0002470327512121705
1,1,5,256,instant,phase_controller,0.9109575380511261,0.8144626828297041,0.20868044011879291,0.7783314376903929
1,1,5,256,instant,other,0.9879692270134742,0.16316147036980375,0.9359604511277845,0.030263087169884528
1,1,5,256,instant,predictor,0.0,0.0,0.0,0.0
2,0,5,256,trace,embedding,0.8143678398805944,0.6009430453263557,0.6583952263920347,0.05119103777246546
2,0,5,256,trace,decoder,0.9999998603676306,3.334752458642151e-07,0.9999999999976275,0.13585241414041688
2,0,5,256,trace,decay,0.860932955324936,0.5269547697725596,0.9983624335614326,0.00047641443579150996
2,0,5,256,trace,phase,0.6751843571325198,0.7479648528459193,0.5513892755425208,0.06080631376694935
2,0,5,256,trace,write,0.23117806482197334,1.0169187944015647,0.527095564506813,0.0008511497368332245
2,0,5,256,trace,phase_controller,0.6764205511885676,0.7466550143385048,0.5537888305520201,0.6026028293269302
2,0,5,256,trace,other,0.7445050027754562,0.6727201634324596,0.6617945975731717,0.14822000950893297
2,0,5,256,trace,predictor,0.0,0.0,0.0,0.0
2,0,5,256,instant,embedding,0.6221463037978349,0.7831217486602109,0.6407382381080601,0.05119103777246546
2,0,5,256,instant,decoder,0.9999998603676306,3.334752458642151e-07,0.9999999999976275,0.13585241414041688
2,0,5,256,instant,decay,-0.015253094666700814,1.310432528525243,0.8317807435351047,0.00047641443579150996
2,0,5,256,instant,phase,0.42645865899741464,0.9562755417248673,0.11608824488056779,0.06080631376694935
2,0,5,256,instant,write,0.6109665013829855,0.7999156472032125,0.7256179839804793,0.0008511497368332245
2,0,5,256,instant,phase_controller,0.4202196597364357,0.9561059560482065,0.11901698260665225,0.6026028293269302
2,0,5,256,instant,other,0.7445050027754562,0.6727201634324596,0.6617945975731717,0.14822000950893297
2,0,5,256,instant,predictor,0.0,0.0,0.0,0.0
2,1,5,256,trace,embedding,0.8985115836451509,0.440715975314814,0.8591019564536179,0.02693799884584896
2,1,5,256,trace,decoder,1.0000000183107864,2.7579079267328624e-07,0.9999999999975303,0.059500766282520545
2,1,5,256,trace,decay,0.5480627134969779,1.6231695112852078,1.9391243446489514,2.36784227825777e-05
2,1,5,256,trace,phase,0.9281324529937244,0.46977333010864386,0.6415723012879567,0.0784160983910365
2,1,5,256,trace,write,0.3666046978600625,1.091800743863369,0.9379434730812222,0.0003813264834771536
2,1,5,256,trace,phase_controller,0.9291610901182676,0.468547630204132,0.641277327605744,0.7909756719015538
2,1,5,256,trace,other,0.920198281973482,0.39186443339798765,0.9022449822901185,0.04376410734058152
2,1,5,256,trace,predictor,0.0,0.0,0.0,0.0
2,1,5,256,instant,embedding,0.6832373884799654,0.7301967439470846,0.6837970764044496,0.02693799884584896
2,1,5,256,instant,decoder,1.0000000183107864,2.7579079267328624e-07,0.9999999999975303,0.059500766282520545
2,1,5,256,instant,decay,-0.5394219416529792,1.8454022258632539,1.1026759265773005,2.36784227825777e-05
2,1,5,256,instant,phase,0.228818944012262,0.9843272016093115,0.08301768144251644,0.0784160983910365
2,1,5,256,instant,write,0.4804550761955193,0.8772395176304932,0.5001100996903133,0.0003813264834771536
2,1,5,256,instant,phase_controller,0.2575683243883714,0.981176987191644,0.08712851287735912,0.7909756719015538
2,1,5,256,instant,other,0.920198281973482,0.39186443339798765,0.9022449822901185,0.04376410734058152
2,1,5,256,instant,predictor,0.0,0.0,0.0,0.0
4,0,5,256,trace,embedding,0.7979807386853001,0.6637084922324082,0.5199834578762927,0.08503530868905727
4,0,5,256,trace,decoder,0.9999998987424377,3.152950764282381e-07,0.9999998788690585,0.12175491639140015
4,0,5,256,trace,decay,0.8265325705087313,0.7455647950918837,0.33763292491607627,0.006290452963640555
4,0,5,256,trace,phase,0.7244914359829251,0.689589558075449,0.7450189967670182,0.052401998606092993
4,0,5,256,trace,write,0.3969518882549652,0.927757278731061,0.5322450285553121,0.0015565383323781063
4,0,5,256,trace,phase_controller,0.7241700963193163,0.690005277554511,0.7471831650795119,0.5442825541871011
4,0,5,256,trace,other,0.9152918985277807,0.40479023405084225,0.8751094788718369,0.1886787678660312
4,0,5,256,trace,predictor,0.0,0.0,0.0,0.0
4,0,5,256,instant,embedding,0.4404443214377609,0.8978478645051806,0.4514887729011286,0.08503530868905727
4,0,5,256,instant,decoder,0.9999998987424377,3.152950764282381e-07,0.9999998788690585,0.12175491639140015
4,0,5,256,instant,decay,-0.15370318214472264,1.0601007350935185,0.23027357496567044,0.006290452963640555
4,0,5,256,instant,phase,0.7460593243863525,0.8627467145094192,0.19748276073702883,0.052401998606092993
4,0,5,256,instant,write,0.08083246583833689,1.0846416808932315,0.5085957438226475,0.0015565383323781063
4,0,5,256,instant,phase_controller,0.7343137823682919,0.8652791753347674,0.19772775526516234,0.5442825541871011
4,0,5,256,instant,other,0.9152918985277807,0.40479023405084225,0.8751094788718369,0.1886787678660312
4,0,5,256,instant,predictor,0.0,0.0,0.0,0.0
4,1,5,256,trace,embedding,0.8777255804712399,0.47966512920134474,0.8996486358528769,0.026336061001450015
4,1,5,256,trace,decoder,0.9999999695338129,3.044652685301744e-07,0.999999896382754,0.25731006509876564
4,1,5,256,trace,decay,0.9629349804891738,0.2788453049633757,1.0336348990216104,0.0011949312256017879
4,1,5,256,trace,phase,0.8632756481843489,0.5318273498024673,1.0308616770914634,0.04939219412700941
4,1,5,256,trace,write,-0.1745860520233607,2.0027421979920432,1.5693910964719278,0.0004267216842022424
4,1,5,256,trace,phase_controller,0.8639733810989614,0.5278737295020028,1.0224050925227284,0.5133095166117237
4,1,5,256,trace,other,0.8645838743348321,0.50530565684092,0.9178660636635148,0.15203117123173318
4,1,5,256,trace,predictor,0.0,0.0,0.0,0.0
4,1,5,256,instant,embedding,0.710995907340497,0.7086746337236253,0.798944652552431,0.026336061001450015
4,1,5,256,instant,decoder,0.9999999695338129,3.044652685301744e-07,0.999999896382754,0.25731006509876564
4,1,5,256,instant,decay,0.8691745642887719,0.547312312699304,0.634621464705412,0.0011949312256017879
4,1,5,256,instant,phase,0.30379772038772196,0.9527408656594573,0.30666127337184085,0.04939219412700941
4,1,5,256,instant,write,-0.03078026206376991,1.5713426306174902,1.1816821517767508,0.0004267216842022424
4,1,5,256,instant,phase_controller,0.2961289339756131,0.9554806901411115,0.3213419638773809,0.5133095166117237
4,1,5,256,instant,other,0.8645838743348321,0.50530565684092,0.9178660636635148,0.15203117123173318
4,1,5,256,instant,predictor,0.0,0.0,0.0,0.0
1,0,6,256,trace,embedding,0.9999999575002495,2.353514534768791e-07,1.0000001186127356,0.09553886852255192
1,0,6,256,trace,decoder,1.0000000007824756,2.5955860804052725e-07,0.9999999189852142,0.20482004172697724
1,0,6,256,trace,decay,1.0000000518201584,6.339816783909683e-07,0.9999995643430681,0.0009961457293110516
1,0,6,256,trace,phase,0.9999999982737608,2.4491060091675397e-07,1.0000002300949877,0.05712426878340202
1,0,6,256,trace,write,0.7421207681036607,0.6735593803856623,0.6755953853064817,0.003038619807499432
1,0,6,256,trace,phase_controller,0.9999998946099433,1.634264744649576e-07,0.9999999025872891,0.56665038420107
1,0,6,256,trace,other,1.0000000321118403,2.7958994683319904e-07,0.9999999315966588,0.07183160133204909
1,0,6,256,trace,predictor,0.0,0.0,0.0,0.0
1,0,6,256,instant,embedding,0.6686613920505069,0.7436819696038791,0.6817237143848419,0.09553886852255192
1,0,6,256,instant,decoder,1.0000000007824756,2.5955860804052725e-07,0.9999999189852142,0.20482004172697724
1,0,6,256,instant,decay,0.1265353675665884,1.0890901152997448,0.5761223859703355,0.0009961457293110516
1,0,6,256,instant,phase,0.28878534682806495,0.9625896297501221,0.1889070143868823,0.05712426878340202
1,0,6,256,instant,write,0.3340546696282391,0.9445680221559009,0.27239933813643474,0.003038619807499432
1,0,6,256,instant,phase_controller,0.28958214699400125,0.9612750057870822,0.20065830649057148,0.56665038420107
1,0,6,256,instant,other,1.0000000321118403,2.7958994683319904e-07,0.9999999315966588,0.07183160133204909
1,0,6,256,instant,predictor,0.0,0.0,0.0,0.0
1,1,6,256,trace,embedding,0.9961311814248838,0.08939629938939182,0.9797037404867982,0.0778389257340526
1,1,6,256,trace,decoder,0.9999999694633295,3.082671420583035e-07,0.9999998535459765,0.2104158220581621
1,1,6,256,trace,decay,0.9989624984456429,0.18781979416231664,0.816748032113258,0.0007703628870916356
1,1,6,256,trace,phase,0.9998586823037254,0.0913427680689737,0.9100767605013637,0.05725999945579326
1,1,6,256,trace,write,0.9346717367905683,0.6423832464320671,1.4697113092269432,0.0011483703529151046
1,1,6,256,trace,phase_controller,0.9997024116379021,0.08860016972598038,0.9145273816584928,0.602823301405629
1,1,6,256,trace,other,0.9866004818992858,0.16316591476560946,0.9882954017180146,0.04974353568690388
1,1,6,256,trace,predictor,0.0,0.0,0.0,0.0
1,1,6,256,instant,embedding,0.7765418404797256,0.6328150673052082,0.7176143930985254,0.0778389257340526
1,1,6,256,instant,decoder,0.9999999694633295,3.082671420583035e-07,0.9999998535459765,0.2104158220581621
1,1,6,256,instant,decay,-0.8520275449458848,1.5200547552352248,0.5750384009936975,0.0007703628870916356
1,1,6,256,instant,phase,0.8403707039268482,0.8202908038955319,0.22465983181196308,0.05725999945579326
1,1,6,256,instant,write,-0.05115584231617474,1.2236069660041253,0.6558314435742938,0.0011483703529151046
1,1,6,256,instant,phase_controller,0.8470708664641118,0.8111290004940878,0.23432365322263893,0.602823301405629
1,1,6,256,instant,other,0.9866004818992858,0.16316591476560946,0.9882954017180146,0.04974353568690388
1,1,6,256,instant,predictor,0.0,0.0,0.0,0.0
2,0,6,256,trace,embedding,0.647315258826978,0.7983679109054804,0.8848196035656375,0.043562299032348
2,0,6,256,trace,decoder,0.999999845379471,3.1077507121755204e-07,0.999999999997608,0.24250579764351793
2,0,6,256,trace,decay,-0.6036683728020867,1.5522564194428137,0.7282157505919438,0.0011359501008730098
2,0,6,256,trace,phase,0.9129979382339142,0.42513787769714984,1.0326113588085424,0.048025274799177405
2,0,6,256,trace,write,0.4367881169562385,0.9257848274461643,0.6555611215395888,0.0013091659829421011
2,0,6,256,trace,phase_controller,0.9103848461010816,0.4314268942629047,1.0325720533376097,0.4751287296204004
2,0,6,256,trace,other,0.6784779993376765,0.734679135316159,0.6877305434270147,0.18833278063188807
2,0,6,256,trace,predictor,0.0,0.0,0.0,0.0
2,0,6,256,instant,embedding,0.7395420849338359,0.673200587504542,0.7505663787250354,0.043562299032348
2,0,6,256,instant,decoder,0.999999845379471,3.1077507121755204e-07,0.999999999997608,0.24250579764351793
2,0,6,256,instant,decay,-0.05363874154430839,1.1298364307690991,0.47495138439495677,0.0011359501008730098
2,0,6,256,instant,phase,0.5065238599493097,0.8788890073359112,0.33619399640624825,0.048025274799177405
2,0,6,256,instant,write,0.4792560429093161,0.8778298877143039,0.4627709533927395,0.0013091659829421011
2,0,6,256,instant,phase_controller,0.497409515928748,0.88155491959789,0.34070807412108595,0.4751287296204004
2,0,6,256,instant,other,0.6784779993376765,0.734679135316159,0.6877305434270147,0.18833278063188807
2,0,6,256,instant,predictor,0.0,0.0,0.0,0.0
2,1,6,256,trace,embedding,0.898727437444185,0.4385291863764083,0.8943307244187787,0.06319911448829447
2,1,6,256,trace,decoder,0.9999999880056697,3.642947183315945e-07,1.000000074764221,0.2726588954380999
2,1,6,256,trace,decay,0.9396350136226715,0.38455897486709534,1.1151336542986825,0.0004327526726231056
2,1,6,256,trace,phase,0.9911276548390384,0.17626160655151377,1.1068952394373877,0.04341176168327755
2,1,6,256,trace,write,0.9072548612521615,0.44133529168167607,1.041001113981772,0.0011312664310218323
2,1,6,256,trace,phase_controller,0.9911617118416114,0.17549235482636014,1.1060488011656784,0.43379004434406376
2,1,6,256,trace,other,0.9274286614724251,0.374648835077069,0.9053965191687509,0.18537583119034087
2,1,6,256,trace,predictor,0.0,0.0,0.0,0.0
2,1,6,256,instant,embedding,0.8295957719649691,0.5589109775373543,0.8048865560150001,0.06319911448829447
2,1,6,256,instant,decoder,0.9999999880056697,3.642947183315945e-07,1.000000074764221,0.2726588954380999
2,1,6,256,instant,decay,0.9096415778501561,0.6444382668834296,0.4169463851566094,0.0004327526726231056
2,1,6,256,instant,phase,-0.22661352101041454,1.0383405510594925,0.1332542160582052,0.04341176168327755
2,1,6,256,instant,write,0.7539015029700452,0.6584091708823265,0.7971480418984428,0.0011312664310218323
2,1,6,256,instant,phase_controller,-0.1722346510500378,1.0363751531373229,0.1498497769917706,0.43379004434406376
2,1,6,256,instant,other,0.9274286614724251,0.374648835077069,0.9053965191687509,0.18537583119034087
2,1,6,256,instant,predictor,0.0,0.0,0.0,0.0
4,0,6,256,trace,embedding,0.6711165497067039,0.74575718504531,0.5901771419272089,0.021525272186083733
4,0,6,256,trace,decoder,0.9999999838057997,3.402970633685645e-07,0.9999998869824276,0.04943010943973781
4,0,6,256,trace,decay,0.9004091961869019,0.4377128429686535,0.8521477332074954,0.0005885372496042528
4,0,6,256,trace,phase,0.876933188052103,0.5003515932938172,0.7377799358386747,0.07611581383301312
4,0,6,256,trace,write,0.5460865663565803,0.8866185172122303,0.836435898592666,0.0006729814841135403
4,0,6,256,trace,phase_controller,0.8763387340157771,0.5018491794812668,0.7355474109818668,0.7660751157269664
4,0,6,256,trace,other,0.6787407705912224,0.7351413179334176,0.6452506136052297,0.08559200691088735
4,0,6,256,trace,predictor,0.0,0.0,0.0,0.0
4,0,6,256,instant,embedding,0.5182076221480267,0.8565711857199338,0.4707384896951607,0.021525272186083733
4,0,6,256,instant,decoder,0.9999999838057997,3.402970633685645e-07,0.9999998869824276,0.04943010943973781
4,0,6,256,instant,decay,0.5496712637800052,0.8586248789986072,0.35123952550424076,0.0005885372496042528
4,0,6,256,instant,phase,0.6224652590936093,0.9076973111865021,0.16270710579996153,0.07611581383301312
4,0,6,256,instant,write,0.2320056677452109,0.984061384345385,0.38101349913413834,0.0006729814841135403
4,0,6,256,instant,phase_controller,0.6091163727223153,0.9091734620721198,0.16457266769524265,0.7660751157269664
4,0,6,256,instant,other,0.6787407705912224,0.7351413179334176,0.6452506136052297,0.08559200691088735
4,0,6,256,instant,predictor,0.0,0.0,0.0,0.0
4,1,6,256,trace,embedding,0.6694011690504061,0.7490197082238459,0.7649431187867651,0.02093870203132648
4,1,6,256,trace,decoder,1.0000000980328796,3.1657638112452305e-07,1.0000000887199338,0.07593932757024878
4,1,6,256,trace,decay,0.8377979121815875,0.548377437424548,0.8890170112399979,0.0013205265561218157
4,1,6,256,trace,phase,0.7391558729838428,0.6740438987597616,0.7653589583800142,0.0674039734809501
4,1,6,256,trace,write,0.28120557060685625,1.146726244037102,0.9089457419955475,0.001582421346981965
4,1,6,256,trace,phase_controller,0.740698609719252,0.6724701592386396,0.7698627239069268,0.7094535628523798
4,1,6,256,trace,other,0.7725931119346396,0.6350622713522085,0.7583252672753558,0.12336178612744106
4,1,6,256,trace,predictor,0.0,0.0,0.0,0.0
4,1,6,256,instant,embedding,0.5999398838041774,0.8011246395506848,0.6415145530066751,0.02093870203132648
4,1,6,256,instant,decoder,1.0000000980328796,3.1657638112452305e-07,1.0000000887199338,0.07593932757024878
4,1,6,256,instant,decay,0.6317998107902387,0.8105441441901526,0.39483365056978525,0.0013205265561218157
4,1,6,256,instant,phase,0.7529875432735151,0.8083860214568109,0.2834363396016572,0.0674039734809501
4,1,6,256,instant,write,0.4194239238645232,0.9117214819514773,0.5039979720835969,0.001582421346981965
4,1,6,256,instant,phase_controller,0.7500363850582228,0.8071411503637893,0.28740112294412057,0.7094535628523798
4,1,6,256,instant,other,0.7725931119346396,0.6350622713522085,0.7583252672753558,0.12336178612744106
4,1,6,256,instant,predictor,0.0,0.0,0.0,0.0
1,0,7,256,trace,embedding,0.9999999879395777,2.3862256176332066e-07,1.0000002336294223,0.10340234646436165
1,0,7,256,trace,decoder,1.0000000423767565,2.6280174806587527e-07,0.99999999999726,0.21159560276927264
1,0,7,256,trace,decay,0.999999990652271,1.010111496847612e-07,0.9999999075196288,0.0025792537513169137
1,0,7,256,trace,phase,1.0000000037509382,2.7725669954642654e-07,0.9999997587870421,0.054568337712964037
1,0,7,256,trace,write,0.902630165097555,0.4307102391526049,0.8867399926814354,0.0032063928413892323
1,0,7,256,trace,phase_controller,1.0000000176948167,1.5294391378603644e-07,0.9999998985929114,0.5488807243314497
1,0,7,256,trace,other,0.9999999095986531,3.682740992918517e-07,1.0000002046958756,0.07576784737349872
1,0,7,256,trace,predictor,0.0,0.0,0.0,0.0
1,0,7,256,instant,embedding,0.6825387280842362,0.7310274540175089,0.6664083265962402,0.10340234646436165
1,0,7,256,instant,decoder,1.0000000423767565,2.6280174806587527e-07,0.99999999999726,0.21159560276927264
1,0,7,256,instant,decay,0.9997550655012579,0.5804630506786037,0.419714047908187,0.0025792537513169137
1,0,7,256,instant,phase,0.0069486388127490695,1.0342459260589951,0.2709811985926837,0.054568337712964037
1,0,7,256,instant,write,0.6361305203963497,0.8187987982377178,0.36209845155777537,0.0032063928413892323
1,0,7,256,instant,phase_controller,0.011284802344237604,1.0326358028535958,0.26909123736734636,0.5488807243314497
1,0,7,256,instant,other,0.9999999095986531,3.682740992918517e-07,1.0000002046958756,0.07576784737349872
1,0,7,256,instant,predictor,0.0,0.0,0.0,0.0
1,1,7,256,trace,embedding,0.9906717328115111,0.13630468733903375,0.987600002228655,0.08041909921342064
1,1,7,256,trace,decoder,1.0000002628608289,3.0996399607078114e-07,0.9999999223153149,0.5122973176319982
1,1,7,256,trace,decay,0.9659141918815091,0.29104347975567535,0.832885792945318,8.723698449774407e-05
1,1,7,256,trace,phase,0.9829953369538244,0.3831419318063744,0.6467255340224887,0.013391660494911369
1,1,7,256,trace,write,0.9490902706118295,0.777429140062827,1.6598424222553139,0.00022334266516506343
1,1,7,256,trace,phase_controller,0.9800451732941001,0.3672606086125242,0.6712265963098633,0.14542756724078826
1,1,7,256,trace,other,0.9946259512651551,0.11091617620377504,0.9548402845199094,0.24815424447103948
1,1,7,256,trace,predictor,0.0,0.0,0.0,0.0
1,1,7,256,instant,embedding,0.8951319363013708,0.45253815762565164,0.9729244625301422,0.08041909921342064
1,1,7,256,instant,decoder,1.0000002628608289,3.0996399607078114e-07,0.9999999223153149,0.5122973176319982
1,1,7,256,instant,decay,0.6051284705171305,1.6196831748708658,2.015644141731652,8.723698449774407e-05
1,1,7,256,instant,phase,0.7732335545854653,0.7850752157851381,0.31038030560281094,0.013391660494911369
1,1,7,256,instant,write,0.7044836672708804,0.9685288471810463,1.3635324972466796,0.00022334266516506343
1,1,7,256,instant,phase_controller,0.7926988933548621,0.7686531475702314,0.3245116235652863,0.14542756724078826
1,1,7,256,instant,other,0.9946259512651551,0.11091617620377504,0.9548402845199094,0.24815424447103948
1,1,7,256,instant,predictor,0.0,0.0,0.0,0.0
2,0,7,256,trace,embedding,0.9044021650890046,0.4315914502070348,0.8394789732174264,0.09207077741010768
2,0,7,256,trace,decoder,1.000000136514248,3.3354358667238973e-07,0.9999998591334107,0.21473860559498667
2,0,7,256,trace,decay,0.9525516381015099,0.5849547859742111,1.4520777699781098,0.00047857748270314904
2,0,7,256,trace,phase,0.7865536467683923,0.6630619393922365,0.5450631446173866,0.04523737791463976
2,0,7,256,trace,write,0.47187198700780514,1.1470136825676787,1.2055637813092024,0.001630807284446771
2,0,7,256,trace,phase_controller,0.7961017334519042,0.6488275586557642,0.5621030690969102,0.47055909501621546
2,0,7,256,trace,other,0.9506334060805678,0.31065888689914106,0.9652189951761653,0.17528497215470717
2,0,7,256,trace,predictor,0.0,0.0,0.0,0.0
2,0,7,256,instant,embedding,0.57944311162329,0.8150134965257159,0.5781448202512577,0.09207077741010768
2,0,7,256,instant,decoder,1.000000136514248,3.3354358667238973e-07,0.9999998591334107,0.21473860559498667
2,0,7,256,instant,decay,0.4359005701323996,0.9442044605747159,0.7214374803705929,0.00047857748270314904
2,0,7,256,instant,phase,0.38592001129146397,0.9322505442951046,0.251661787352532,0.04523737791463976
2,0,7,256,instant,write,0.5280164637999913,0.8508907287119986,0.4749453245502923,0.001630807284446771
2,0,7,256,instant,phase_controller,0.34214341917240837,0.9407043992632637,0.29756571567510065,0.47055909501621546
2,0,7,256,instant,other,0.9506334060805678,0.31065888689914106,0.9652189951761653,0.17528497215470717
2,0,7,256,instant,predictor,0.0,0.0,0.0,0.0
2,1,7,256,trace,embedding,0.9098748661466931,0.515464583808723,0.6039734347239253,0.04618443704901009
2,1,7,256,trace,decoder,1.0000000145952308,2.916771455694014e-07,0.9999998553768953,0.04007442368146534
2,1,7,256,trace,decay,0.9571853352232389,0.3356309101597212,0.787326949421507,0.0010840245205581656
2,1,7,256,trace,phase,0.9128576339328155,0.5315920207644792,0.5724178611695685,0.07816854976063271
2,1,7,256,trace,write,0.29982604030898746,0.9559574768561039,0.3610652042715201,0.0017994397389090198
2,1,7,256,trace,phase_controller,0.9123092666731175,0.530801081351434,0.5745843465639277,0.7773368057359309
2,1,7,256,trace,other,0.9258797572171944,0.42909243696666566,0.7224735691896602,0.0553528947099037
2,1,7,256,trace,predictor,0.0,0.0,0.0,0.0
2,1,7,256,instant,embedding,0.6037828535361587,0.8061965298994022,0.48333948307559527,0.04618443704901009
2,1,7,256,instant,decoder,1.0000000145952308,2.916771455694014e-07,0.9999998553768953,0.04007442368146534
2,1,7,256,instant,decay,0.015277286039815608,1.1007665318477735,0.47562533310223787,0.0010840245205581656
2,1,7,256,instant,phase,0.6984950995727316,0.9201948138873303,0.12000217039732945,0.07816854976063271
2,1,7,256,instant,write,0.4551363830666692,0.8927586085593772,0.3905845412198849,0.0017994397389090198
2,1,7,256,instant,phase_controller,0.6775068272109684,0.9184151330393285,0.12750513598718596,0.7773368057359309
2,1,7,256,instant,other,0.9258797572171944,0.42909243696666566,0.7224735691896602,0.0553528947099037
2,1,7,256,instant,predictor,0.0,0.0,0.0,0.0
4,0,7,256,trace,embedding,0.9296637464173687,0.44152866778813316,0.6863079221783484,0.04738909605696096
4,0,7,256,trace,decoder,1.0000000503347417,3.163448494247406e-07,1.000000220512343,0.03887623062796478
4,0,7,256,trace,decay,0.9608965912740629,0.29314692397059855,0.8646815456814779,0.0012653381171544452
4,0,7,256,trace,phase,0.844312026621751,0.5792604339680598,0.6242994954995976,0.0787416297174079
4,0,7,256,trace,write,0.5051013053339435,0.9496284342480675,0.9012343479247524,0.0002970482046385779
4,0,7,256,trace,phase_controller,0.8453046606776845,0.5774950848755067,0.6261231433045016,0.7852481882297759
4,0,7,256,trace,other,0.8820431180807995,0.47118052842238667,0.8853956736263052,0.04818260862006698
4,0,7,256,trace,predictor,0.0,0.0,0.0,0.0
4,0,7,256,instant,embedding,0.5385105739500159,0.8540448158132086,0.3992761649940063,0.04738909605696096
4,0,7,256,instant,decoder,1.0000000503347417,3.163448494247406e-07,1.000000220512343,0.03887623062796478
4,0,7,256,instant,decay,0.7337612874565899,0.8511021759707559,0.2211400578931686,0.0012653381171544452
4,0,7,256,instant,phase,0.16610341205748316,0.9871947591528434,0.11980336175518058,0.0787416297174079
4,0,7,256,instant,write,0.39418088742841806,0.9929105108370324,0.7700128539151909,0.0002970482046385779
4,0,7,256,instant,phase_controller,0.15941651612726118,0.9877942021401196,0.12548935354887167,0.7852481882297759
4,0,7,256,instant,other,0.8820431180807995,0.47118052842238667,0.8853956736263052,0.04818260862006698
4,0,7,256,instant,predictor,0.0,0.0,0.0,0.0
4,1,7,256,trace,embedding,0.40377915879154797,0.9181443264955019,0.48141228787158474,0.015731078347271946
4,1,7,256,trace,decoder,1.0000000122975423,3.6870453281524236e-07,0.9999999999980642,0.03633572547925872
4,1,7,256,trace,decay,0.26610513826558774,0.9690689628258485,0.3656368536930495,0.0014465947391162598
4,1,7,256,trace,phase,0.48814449678020005,0.8888998510802425,0.656750199084513,0.08206148417407856
4,1,7,256,trace,write,0.7699343415632083,0.638323495383558,0.7859136922801496,0.000295368022269118
4,1,7,256,trace,phase_controller,0.4985554553525789,0.8829616076121577,0.6664198308089933,0.823550281673497
4,1,7,256,trace,other,0.7371858822322603,0.6776482264349479,0.7886573366393967,0.040579370331744864
4,1,7,256,trace,predictor,0.0,0.0,0.0,0.0
4,1,7,256,instant,embedding,0.39991525047510235,0.9211213906336281,0.491550912407249,0.015731078347271946
4,1,7,256,instant,decoder,1.0000000122975423,3.6870453281524236e-07,0.9999999999980642,0.03633572547925872
4,1,7,256,instant,decay,0.3177172448115367,0.9638367471114991,0.1447273196185663,0.0014465947391162598
4,1,7,256,instant,phase,0.33335767960730955,0.9641075893199823,0.13178659953590685,0.08206148417407856
4,1,7,256,instant,write,0.4497006349482901,0.893180322274376,0.45096714219833056,0.000295368022269118
4,1,7,256,instant,phase_controller,0.3501092179002171,0.9601835035635659,0.13909081404156076,0.823550281673497
4,1,7,256,instant,other,0.7371858822322603,0.6776482264349479,0.7886573366393967,0.040579370331744864
4,1,7,256,instant,predictor,0.0,0.0,0.0,0.0
1,0,8,256,trace,embedding,0.9999999958182516,2.4288389295783174e-07,0.9999999999951701,0.10587163272615316
1,0,8,256,trace,decoder,0.9999999344453058,2.7010692607462916e-07,0.9999999999971673,0.3077738673353732
1,0,8,256,trace,decay,1.0000000401246432,9.464322877345624e-08,0.99999990555443,0.0002406694715620292
1,0,8,256,trace,phase,0.9999998954630219,2.3941552106223735e-07,1.000000112530871,0.04330024569219657
1,0,8,256,trace,write,0.9338579760662915,0.3577320112026889,0.9417998486225574,0.0004891231593351237
1,0,8,256,trace,phase_controller,1.0000000476719657,5.763268122419564e-07,0.9999995003915089,0.4306184440131764
1,0,8,256,trace,other,0.9999998603662968,3.5757747778696445e-07,0.9999999299291281,0.11170568081050705
1,0,8,256,trace,predictor,0.0,0.0,0.0,0.0
1,0,8,256,instant,embedding,0.7846208592447683,0.6278258606523278,0.6856510706915692,0.10587163272615316
1,0,8,256,instant,decoder,0.9999999344453058,2.7010692607462916e-07,0.9999999999971673,0.3077738673353732
1,0,8,256,instant,decay,0.999821330672352,0.4155332460290803,1.4149242065015595,0.0002406694715620292
1,0,8,256,instant,phase,0.9582011553884695,0.7603412682617758,0.2537378793285341,0.04330024569219657
1,0,8,256,instant,write,-0.39344211050682815,1.6375670982635342,0.9617046865870594,0.0004891231593351237
1,0,8,256,instant,phase_controller,0.9535103727971659,0.7583882079239634,0.25756883608419,0.4306184440131764
1,0,8,256,instant,other,0.9999998603662968,3.5757747778696445e-07,0.9999999299291281,0.11170568081050705
1,0,8,256,instant,predictor,0.0,0.0,0.0,0.0
1,1,8,256,trace,embedding,0.9847132693895391,0.17464275884065097,0.9973733483364193,0.09798802490715573
1,1,8,256,trace,decoder,1.0000001050845513,3.0525868379359926e-07,1.0000000860336722,0.36547531295025937
1,1,8,256,trace,decay,0.9913162740858302,0.2418356698792364,1.1942750222571168,0.0004395725022512554
1,1,8,256,trace,phase,0.9997236600773178,0.17934306816239357,1.1775193461296574,0.038842757841167044
1,1,8,256,trace,write,0.8622345917849751,0.5825194473480642,1.1499450767807637,0.0005911279455349617
1,1,8,256,trace,phase_controller,0.9996226948395364,0.1794562563846994,1.1769643293587209,0.3850343411203958
1,1,8,256,trace,other,0.9685740066453673,0.24883824364555612,0.9760540534136265,0.11162905211690839
1,1,8,256,trace,predictor,0.0,0.0,0.0,0.0
1,1,8,256,instant,embedding,0.8486905120494842,0.5297123352819527,0.8781896109131881,0.09798802490715573
1,1,8,256,instant,decoder,1.0000001050845513,3.0525868379359926e-07,1.0000000860336722,0.36547531295025937
1,1,8,256,instant,decay,0.9169133672827962,0.4017573570776004,0.9631631031730817,0.0004395725022512554
1,1,8,256,instant,phase,0.98819104307199,0.8617910788996277,0.14013126325161307,0.038842757841167044
1,1,8,256,instant,write,0.8642111379845213,0.9982113461371782,1.7263519477103622,0.0005911279455349617
1,1,8,256,instant,phase_controller,0.8263399159863772,0.8609619809791841,0.17511547013997106,0.3850343411203958
1,1,8,256,instant,other,0.9685740066453673,0.24883824364555612,0.9760540534136265,0.11162905211690839
1,1,8,256,instant,predictor,0.0,0.0,0.0,0.0
2,0,8,256,trace,embedding,0.864949871863476,0.5019626530550775,0.8751457089874718,0.02695985778918338
2,0,8,256,trace,decoder,0.9999999226855449,3.004765495362791e-07,1.0000000741783395,0.08699995205142712
2,0,8,256,trace,decay,0.863005269467755,0.6665517717823762,0.42818422035301473,0.0033902676324000396
2,0,8,256,trace,phase,0.9452058430684344,0.4022176013267842,0.7102733496871717,0.06978237138853773
2,0,8,256,trace,write,0.8196731617709939,0.5766071629241641,0.8855518553984697,0.0007000773989203619
2,0,8,256,trace,phase_controller,0.9454384499118869,0.4023249295869448,0.7093894364901911,0.6969576366926477
2,0,8,256,trace,other,0.7348772091567072,0.6790142914840348,0.7681182738809926,0.11521015637583669
2,0,8,256,trace,predictor,0.0,0.0,0.0,0.0
2,0,8,256,instant,embedding,0.7296521788141905,0.6853489330123426,0.6838820986275125,0.02695985778918338
2,0,8,256,instant,decoder,0.9999999226855449,3.004765495362791e-07,1.0000000741783395,0.08699995205142712
2,0,8,256,instant,decay,0.43395256867320836,0.9100251932500677,0.3056531566976315,0.0033902676324000396
2,0,8,256,instant,phase,0.41988623134854447,0.9467003722273862,0.15054219352274617,0.06978237138853773
2,0,8,256,instant,write,0.38630791055704805,0.9314109757230808,0.5157694832920909,0.0007000773989203619
2,0,8,256,instant,phase_controller,0.4169357255324738,0.9463698748319814,0.1533995449303288,0.6969576366926477
2,0,8,256,instant,other,0.7348772091567072,0.6790142914840348,0.7681182738809926,0.11521015637583669
2,0,8,256,instant,predictor,0.0,0.0,0.0,0.0
2,1,8,256,trace,embedding,0.9251196282622517,0.38004510115600276,0.9418931037191374,0.04359297371796986
2,1,8,256,trace,decoder,1.000000040998145,3.3437937465620104e-07,0.9999999270398231,0.10649625118199492
2,1,8,256,trace,decay,0.61311052452238,0.8207528091805693,0.3905355222916796,0.0004740923345824002
2,1,8,256,trace,phase,0.9543042471796845,0.3096031953254869,1.0352414515285937,0.06705884369712835
2,1,8,256,trace,write,0.17467616953211354,1.2621462222003712,0.964312063263628,0.001097630658904115
2,1,8,256,trace,phase_controller,0.9545107784368551,0.3082865075543566,1.0328131639224019,0.6721843680554926
2,1,8,256,trace,other,0.910724516127229,0.41302539946813677,0.9077573755736504,0.10909585543450466
2,1,8,256,trace,predictor,0.0,0.0,0.0,0.0
2,1,8,256,instant,embedding,0.6907008347451558,0.7236054287849315,0.7166409826507993,0.04359297371796986
2,1,8,256,instant,decoder,1.000000040998145,3.3437937465620104e-07,0.9999999270398231,0.10649625118199492
2,1,8,256,instant,decay,0.8345572083250937,0.6754199421265379,0.4438169139603375,0.0004740923345824002
2,1,8,256,instant,phase,0.9866095857903685,0.8681987144746678,0.133868400800947,0.06705884369712835
2,1,8,256,instant,write,-0.13638452198399928,1.1076427630836112,0.3590681147740456,0.001097630658904115
2,1,8,256,instant,phase_controller,0.9679443083152843,0.8692151761745871,0.13580791804989564,0.6721843680554926
2,1,8,256,instant,other,0.910724516127229,0.41302539946813677,0.9077573755736504,0.10909585543450466
2,1,8,256,instant,predictor,0.0,0.0,0.0,0.0
4,0,8,256,trace,embedding,0.6878992610378627,0.7412998275968354,0.5371315522385339,0.014424840120296554
4,0,8,256,trace,decoder,0.9999999998660142,3.1976082989767307e-07,0.9999999999980789,0.028744577277412628
4,0,8,256,trace,decay,0.9810031680190691,0.3047011810466628,0.7460351068500892,0.0005865082922752572
4,0,8,256,trace,phase,0.9217697645919951,0.502037535957796,0.6028632548612028,0.08128297298223254
4,0,8,256,trace,write,0.7773085531175047,0.6678125832596921,0.5532950165658752,0.0006822613953051809
4,0,8,256,trace,phase_controller,0.9212150491484489,0.5026382135998497,0.602966070864512,0.8076009351260515
4,0,8,256,trace,other,0.6980878713793686,0.7169594055094326,0.6612407355327646,0.06667848732655327
4,0,8,256,trace,predictor,0.0,0.0,0.0,0.0
4,0,8,256,instant,embedding,0.4299542207640171,0.903260411249993,0.45716032159549025,0.014424840120296554
4,0,8,256,instant,decoder,0.9999999998660142,3.1976082989767307e-07,0.9999999999980789,0.028744577277412628
4,0,8,256,instant,decay,-0.3647099513538268,1.124609051981811,0.2659714258709179,0.0005865082922752572
4,0,8,256,instant,phase,0.8459772337649166,0.9107800033832767,0.10760215002863015,0.08128297298223254
4,0,8,256,instant,write,0.6449261738813892,0.7828279928356456,0.4753697611000982,0.0006822613953051809
4,0,8,256,instant,phase_controller,0.7986554634713815,0.9109363007576621,0.1148020196995647,0.8076009351260515
4,0,8,256,instant,other,0.6980878713793686,0.7169594055094326,0.6612407355327646,0.06667848732655327
4,0,8,256,instant,predictor,0.0,0.0,0.0,0.0
4,1,8,256,trace,embedding,0.7062183077321941,0.7096550311654722,0.6576963719601998,0.067460218494256
4,1,8,256,trace,decoder,0.9999999139891417,3.8245468620581566e-07,1.0000001123260753,0.13581779281802875
4,1,8,256,trace,decay,0.7968937360909683,0.6353818731598461,0.9937424071358824,0.001686873180996124
4,1,8,256,trace,phase,0.8383262736814289,0.556980678935103,0.9524243617881178,0.04026929710835589
4,1,8,256,trace,write,0.5916203149162527,0.8184282327257083,0.7324722273312485,0.0015149729967266793
4,1,8,256,trace,phase_controller,0.8334855929424593,0.5645377746950614,0.949248642611856,0.40562166693501717
4,1,8,256,trace,other,0.7796274669311806,0.6341404231523448,0.6798624614127492,0.34762955978252963
4,1,8,256,trace,predictor,0.0,0.0,0.0,0.0
4,1,8,256,instant,embedding,0.6457971827892717,0.7673902926094246,0.5687150452871939,0.067460218494256
4,1,8,256,instant,decoder,0.9999999139891417,3.8245468620581566e-07,1.0000001123260753,0.13581779281802875
4,1,8,256,instant,decay,0.3681527168581142,0.9335984576184477,0.4526661465315819,0.001686873180996124
4,1,8,256,instant,phase,0.6637755254150198,0.8083520206691586,0.35713097702037716,0.04026929710835589
4,1,8,256,instant,write,0.10225718633533921,1.0645929200726245,0.48148636968344155,0.0015149729967266793
4,1,8,256,instant,phase_controller,0.6542917702850096,0.8131573129963016,0.3554232337973993,0.40562166693501717
4,1,8,256,instant,other,0.7796274669311806,0.6341404231523448,0.6798624614127492,0.34762955978252963
4,1,8,256,instant,predictor,0.0,0.0,0.0,0.0
1,0,9,256,trace,embedding,1.0000001265801757,2.4330455531509437e-07,1.0000000951473942,0.08578599889589703
1,0,9,256,trace,decoder,1.0000000010175312,2.8596074250906695e-07,1.0000001582872686,0.49600030384886556
1,0,9,256,trace,decay,1.0000001069061029,1.4092114526094114e-07,0.9999999003066744,0.001222425937877647
1,0,9,256,trace,phase,0.9999999744248251,1.809445784991419e-07,1.0000001734697646,0.025808492211413226
1,0,9,256,trace,write,0.728049530690518,0.6855783397389681,0.7194597240675751,0.0020487641353713584
1,0,9,256,trace,phase_controller,0.9999999606800012,1.2756540807783072e-07,1.0000002188428192,0.2594832394912753
1,0,9,256,trace,other,0.9999999192969697,3.3805216663345445e-07,0.9999997677921163,0.12965119412074058
1,0,9,256,trace,predictor,0.0,0.0,0.0,0.0
1,0,9,256,instant,embedding,0.7077942636045673,0.7174462266913063,0.8331016973097449,0.08578599889589703
1,0,9,256,instant,decoder,1.0000000010175312,2.8596074250906695e-07,1.0000001582872686,0.49600030384886556
1,0,9,256,instant,decay,0.9721502764222942,0.32662467477057133,0.7446426900283768,0.001222425937877647
1,0,9,256,instant,phase,0.9331873118632545,0.7596655382480129,0.26391134388539006,0.025808492211413226
1,0,9,256,instant,write,0.15540062952773936,1.0547590740229225,0.525084452722749,0.0020487641353713584
1,0,9,256,instant,phase_controller,0.897640274581162,0.767762948979906,0.2689766989754455,0.2594832394912753
1,0,9,256,instant,other,0.9999999192969697,3.3805216663345445e-07,0.9999997677921163,0.12965119412074058
1,0,9,256,instant,predictor,0.0,0.0,0.0,0.0
1,1,9,256,trace,embedding,0.9808452411998888,0.20254057514688115,1.0363445339561455,0.08210318760481557
1,1,9,256,trace,decoder,1.0000000913990181,3.7668407641369086e-07,0.9999999999972758,0.3340548868067613
1,1,9,256,trace,decay,0.9557729730510525,0.3682091996874026,0.7342331518656698,0.00022983092483863483
1,1,9,256,trace,phase,0.9477755874155636,0.3355630536122516,0.8434634457189549,0.036738192922429046
1,1,9,256,trace,write,0.756892360360761,1.0075991779566633,1.5237967425851935,0.0003266306182562769
1,1,9,256,trace,phase_controller,0.9481394930731498,0.33406598845362556,0.8453357100578296,0.36588429203033185
1,1,9,256,trace,other,0.9861281736797952,0.1698344990917249,1.022077606791586,0.18066310498295884
1,1,9,256,trace,predictor,0.0,0.0,0.0,0.0
1,1,9,256,instant,embedding,0.872999978683312,0.49117193912139595,0.9311264027209752,0.08210318760481557
1,1,9,256,instant,decoder,1.0000000913990181,3.7668407641369086e-07,0.9999999999972758,0.3340548868067613
1,1,9,256,instant,decay,0.5518969767764426,0.9174358123700089,0.9343609373656273,0.00022983092483863483
1,1,9,256,instant,phase,0.9812447934204711,0.766599652133469,0.23927699224701116,0.036738192922429046
1,1,9,256,instant,write,0.7979656682818309,0.7034556632322779,1.1607311593199892,0.0003266306182562769
1,1,9,256,instant,phase_controller,0.9656044264048346,0.7708343579831173,0.23994781684330102,0.36588429203033185
1,1,9,256,instant,other,0.9861281736797952,0.1698344990917249,1.022077606791586,0.18066310498295884
1,1,9,256,instant,predictor,0.0,0.0,0.0,0.0
2,0,9,256,trace,embedding,0.7931805052357651,0.610562225474447,0.7493484275991891,0.007193092000527083
2,0,9,256,trace,decoder,0.9999998227527296,2.964230555726664e-07,1.000000141124589,0.0205258915489342
2,0,9,256,trace,decay,0.9886744101761236,0.15026645705012434,0.9811139803785088,0.00043376384683450523
2,0,9,256,trace,phase,0.940948771621784,0.6072529600642353,0.4368251232682184,0.0872269527171543
2,0,9,256,trace,write,0.5902725635340889,0.8095878774125176,0.652356700333111,0.0003458889195457635
2,0,9,256,trace,phase_controller,0.9408460323679031,0.6070944857366737,0.43710503583165006,0.8615372423719849
2,0,9,256,trace,other,0.7215235748581416,0.7152068033034465,0.9007364383006499,0.022737459212132664
2,0,9,256,trace,predictor,0.0,0.0,0.0,0.0
2,0,9,256,instant,embedding,0.4928868877019586,0.8752030706621708,0.587321310029774,0.007193092000527083
2,0,9,256,instant,decoder,0.9999998227527296,2.964230555726664e-07,1.000000141124589,0.0205258915489342
2,0,9,256,instant,decay,0.9401372730074454,0.7675820395140339,0.2523580220429886,0.00043376384683450523
2,0,9,256,instant,phase,-0.03114194831432142,1.0068885622279824,0.09048960191436074,0.0872269527171543
2,0,9,256,instant,write,0.26328998063599207,0.9834774406381835,0.45446934730009775,0.0003458889195457635
2,0,9,256,instant,phase_controller,-0.026790771146478754,1.0070842824319812,0.0954237482043665,0.8615372423719849
2,0,9,256,instant,other,0.7215235748581416,0.7152068033034465,0.9007364383006499,0.022737459212132664
2,0,9,256,instant,predictor,0.0,0.0,0.0,0.0
2,1,9,256,trace,embedding,0.9237870152441279,0.4109909170462889,0.774469140543518,0.056037907978394315
2,1,9,256,trace,decoder,0.9999997678643695,3.286358107419458e-07,0.9999999999976434,0.1434148978395248
2,1,9,256,trace,decay,0.978570191620007,0.2497775901768799,1.1199514617938862,0.0004825415054030461
2,1,9,256,trace,phase,0.9464640282330495,0.39801348229902767,0.7136359425872222,0.061832028072912854
2,1,9,256,trace,write,0.9316777416621074,0.36492968309302654,0.9662735844546855,0.0006892996871281522
2,1,9,256,trace,phase_controller,0.9464813987046171,0.39687986002010356,0.7155253271840448,0.6150345685103089
2,1,9,256,trace,other,0.9370220475039598,0.3493098568882338,0.9316914138998216,0.12250766340674682
2,1,9,256,trace,predictor,0.0,0.0,0.0,0.0
2,1,9,256,instant,embedding,0.6913119944052045,0.7226431121106125,0.6801219973929972,0.056037907978394315
2,1,9,256,instant,decoder,0.9999997678643695,3.286358107419458e-07,0.9999999999976434,0.1434148978395248
2,1,9,256,instant,decay,0.9653263272109843,0.7873050839506097,0.22255842040453122,0.0004825415054030461
2,1,9,256,instant,phase,0.31787474959158885,0.9598721702548009,0.1682119971567387,0.061832028072912854
2,1,9,256,instant,write,0.7897768958488792,0.6272928527237429,0.6584610239186405,0.0006892996871281522
2,1,9,256,instant,phase_controller,0.3211730385988916,0.9586613366734585,0.17223149759970677,0.6150345685103089
2,1,9,256,instant,other,0.9370220475039598,0.3493098568882338,0.9316914138998216,0.12250766340674682
2,1,9,256,instant,predictor,0.0,0.0,0.0,0.0
4,0,9,256,trace,embedding,0.7565473835069713,0.6747679911489647,0.5901863920547432,0.13362034282721397
4,0,9,256,trace,decoder,0.9999998984220486,2.735740610066725e-07,0.9999999999980421,0.26131411737622895
4,0,9,256,trace,decay,0.9238505595807571,0.49790182829931634,1.2422939477840365,0.00046205508730702696
4,0,9,256,trace,phase,0.8670801635775722,0.5309734582472825,0.6833386239754071,0.03280236837209508
4,0,9,256,trace,write,0.5319047644378181,0.8820151717755215,0.7786291576399504,0.0028464412229184002
4,0,9,256,trace,phase_controller,0.8751504673934033,0.5187021120577749,0.6882274662680742,0.34571359907966864
4,0,9,256,trace,other,0.819185540831137,0.5853060626167289,0.9360123803895105,0.22324199377033785
4,0,9,256,trace,predictor,0.0,0.0,0.0,0.0
4,0,9,256,instant,embedding,0.535594449136449,0.8448135540863564,0.5594947701911449,0.13362034282721397
4,0,9,256,instant,decoder,0.9999998984220486,2.735740610066725e-07,0.9999999999980421,0.26131411737622895
4,0,9,256,instant,decay,0.19131877402310485,1.0766358657373054,0.6337523952451176,0.00046205508730702696
4,0,9,256,instant,phase,0.17858179066598362,0.9888765509051647,0.2774169708258046,0.03280236837209508
4,0,9,256,instant,write,0.6352349944853671,0.7936022698137922,0.45267613359552505,0.0028464412229184002
4,0,9,256,instant,phase_controller,0.21189684524168306,0.9808023629342776,0.2948057484142291,0.34571359907966864
4,0,9,256,instant,other,0.819185540831137,0.5853060626167289,0.9360123803895105,0.22324199377033785
4,0,9,256,instant,predictor,0.0,0.0,0.0,0.0
4,1,9,256,trace,embedding,0.3906368965263274,0.9258069463384732,0.4892056243357759,0.03105744724285142
4,1,9,256,trace,decoder,0.9999998886016587,3.2646746696010746e-07,1.000000112142063,0.032689557580256184
4,1,9,256,trace,decay,0.5909914405915239,0.8152724482710009,0.47292299911495167,0.001076901982623623
4,1,9,256,trace,phase,-0.1205761995960099,1.0945972792353789,0.340598258241832,0.07476010065109728
4,1,9,256,trace,write,-0.008004578288515217,1.0613732610148667,0.3477730963852688,0.004318739567530469
4,1,9,256,trace,phase_controller,-0.11550298833236407,1.0943056704090184,0.3436765434323273,0.7428554770241226
4,1,9,256,trace,other,0.4134194069720552,0.9112209478555663,0.44861509959161733,0.11324185079050429
4,1,9,256,trace,predictor,0.0,0.0,0.0,0.0
4,1,9,256,instant,embedding,0.36277398040269776,0.9345778871119981,0.43377677395340114,0.03105744724285142
4,1,9,256,instant,decoder,0.9999998886016587,3.2646746696010746e-07,1.000000112142063,0.032689557580256184
4,1,9,256,instant,decay,-0.7701798329588508,1.2948582513783913,0.35668978143649815,0.001076901982623623
4,1,9,256,instant,phase,-0.4660811661656361,1.0535731513693896,0.10597465886998664,0.07476010065109728
4,1,9,256,instant,write,-0.24165835919672804,1.0653007338174558,0.19796056113131047,0.004318739567530469
4,1,9,256,instant,phase_controller,-0.4658495834885081,1.0544960453661716,0.10771621661291832,0.7428554770241226
4,1,9,256,instant,other,0.4134194069720552,0.9112209478555663,0.44861509959161733,0.11324185079050429
4,1,9,256,instant,predictor,0.0,0.0,0.0,0.0
1,0,0,2,trace,embedding,0.9999999722919697,1.457166191784494e-08,0.999999999999022,0.32966991911818105
1,0,0,2,trace,decoder,1.0000000442686432,0.0,0.9999999999992206,0.5191529062533085
1,0,0,2,trace,decay,0.9999990133210045,4.877455778398757e-07,1.0000001077900593,3.614321496734953e-07
1,0,0,2,trace,phase,0.999999976063369,0.0,0.999999999841419,1.2535896440663282e-05
1,0,0,2,trace,write,0.999917809963118,0.012827961517913567,1.0000983268983639,0.0002249110200210391
1,0,0,2,trace,phase_controller,1.000000065953563,0.0,0.9999999999507426,0.00012993132193938353
1,0,0,2,trace,other,0.9999999358920239,0.0,0.9999999999985543,0.15081213416971184
1,0,0,2,trace,predictor,0.0,0.0,0.0,0.0
1,0,0,2,instant,embedding,0.9992694637394001,0.03982471995593365,1.0104667664679623,0.32966991911818105
1,0,0,2,instant,decoder,1.0000000442686432,0.0,0.9999999999992206,0.5191529062533085
1,0,0,2,instant,decay,0.8756868900527921,1.6644166583532065,2.4685184223883128,3.614321496734953e-07
1,0,0,2,instant,phase,0.999999976063369,0.0,0.999999999841419,1.2535896440663282e-05
1,0,0,2,instant,write,0.9969896423453839,0.08147192075297095,1.0220073813159933,0.0002249110200210391
1,0,0,2,instant,phase_controller,1.000000065953563,0.0,0.9999999999507426,0.00012993132193938353
1,0,0,2,instant,other,0.9999999358920239,0.0,0.9999999999985543,0.15081213416971184
1,0,0,2,instant,predictor,0.0,0.0,0.0,0.0
1,0,0,4,trace,embedding,0.9999999581159169,8.028265387580223e-08,0.9999999999982723,0.275106894083284
1,0,0,4,trace,decoder,0.9999999588718699,2.8600951253919345e-08,0.999999999998803,0.5730911991238288
1,0,0,4,trace,decay,0.9999999973621032,1.0316712874283962e-07,0.9999999998892518,6.695805891389753e-05
1,0,0,4,trace,phase,1.0000000278471566,4.226610958859601e-08,0.999999999977312,0.0015954543309991437
1,0,0,4,trace,write,0.25918877084928654,1.2402923253230311,1.0373298207343444,0.00033783867504962414
1,0,0,4,trace,phase_controller,1.0000000977631227,5.299879064515422e-08,0.9999999999928878,0.016235980592452893
1,0,0,4,trace,other,1.0000000231574908,4.015679519073495e-08,0.9999999999975204,0.13356854513534872
1,0,0,4,trace,predictor,0.0,0.0,0.0,0.0
1,0,0,4,instant,embedding,0.9931702601528483,0.11959034367410698,0.9669152275227576,0.275106894083284
1,0,0,4,instant,decoder,0.9999999588718699,2.8600951253919345e-08,0.999999999998803,0.5730911991238288
1,0,0,4,instant,decay,-0.05305560153942063,1.3273981819082146,0.8214734308672234,6.695805891389753e-05
1,0,0,4,instant,phase,0.9809595878336449,0.41547788829896504,0.6136673745302433,0.0015954543309991437
1,0,0,4,instant,write,0.42012857346139426,0.9228599566703001,0.5879925928370697,0.00033783867504962414
1,0,0,4,instant,phase_controller,0.9761889475887644,0.4263397122285408,0.6091598945298224,0.016235980592452893
1,0,0,4,instant,other,1.0000000231574908,4.015679519073495e-08,0.9999999999975204,0.13356854513534872
1,0,0,4,instant,predictor,0.0,0.0,0.0,0.0
1,0,0,8,trace,embedding,0.999999920133587,7.995005347153761e-08,0.9999999999973131,0.13780502356647997
1,0,0,8,trace,decoder,0.9999999700901164,5.614242284194635e-08,0.9999999999982815,0.33685525465797
1,0,0,8,trace,decay,0.9999999739179332,4.772185139141942e-07,1.0000005007560173,1.3749843702338306e-05
1,0,0,8,trace,phase,0.9999999710591999,6.805980179977486e-08,0.999999999994781,0.03652327576022835
1,0,0,8,trace,write,0.9201921434529743,0.46036713701371385,1.1624550758974368,0.0005587829278007441
1,0,0,8,trace,phase_controller,0.999999928353225,4.668281564587681e-08,1.000000099008191,0.36054518053836954
1,0,0,8,trace,other,0.9999999317440698,5.902541962593586e-08,0.9999999999972089,0.12769857706128426
1,0,0,8,trace,predictor,0.0,0.0,0.0,0.0
1,0,0,8,instant,embedding,0.9224376268462853,0.38888511647612617,0.8763630228428992,0.13780502356647997
1,0,0,8,instant,decoder,0.9999999700901164,5.614242284194635e-08,0.9999999999982815,0.33685525465797
1,0,0,8,instant,decay,0.9291730223949185,3.3121557988461268,4.220637632092737,1.3749843702338306e-05
1,0,0,8,instant,phase,0.8912653300690225,0.7032456629448015,0.3537634182799137,0.03652327576022835
1,0,0,8,instant,write,0.15222372646167537,1.1447539299418514,0.7298340041767875,0.0005587829278007441
1,0,0,8,instant,phase_controller,0.8803600884355358,0.7048588094746661,0.35895838665366775,0.36054518053836954
1,0,0,8,instant,other,0.9999999317440698,5.902541962593586e-08,0.9999999999972089,0.12769857706128426
1,0,0,8,instant,predictor,0.0,0.0,0.0,0.0
1,0,0,16,trace,embedding,1.0000000341903608,1.0933802290596755e-07,1.0000001219418706,0.09606066949509878
1,0,0,16,trace,decoder,1.000000034562109,9.058330842253957e-08,0.9999999999976437,0.2896456512916707
1,0,0,16,trace,decay,0.9999999892730745,1.2784102603554825e-07,0.999999841305861,0.00022181193739944863
1,0,0,16,trace,phase,1.000000031810492,1.736317744587474e-07,1.0000000867677044,0.04742921775962455
1,0,0,16,trace,write,0.9484034767724397,0.3234681540815559,1.012441151839914,0.00048575708471307685
1,0,0,16,trace,phase_controller,1.000000015659377,1.1454056661901444e-07,0.9999998895432971,0.46835037610317004
1,0,0,16,trace,other,0.9999999902921957,8.085930350970467e-08,0.9999999999959448,0.09780661586266856
1,0,0,16,trace,predictor,0.0,0.0,0.0,0.0
1,0,0,16,instant,embedding,0.8415834321556315,0.5402864644776436,0.8284400788297971,0.09606066949509878
1,0,0,16,instant,decoder,1.000000034562109,9.058330842253957e-08,0.9999999999976437,0.2896456512916707
1,0,0,16,instant,decay,0.36171791995126346,0.9899962139191915,0.02865300336578056,0.00022181193739944863
1,0,0,16,instant,phase,0.9993261914225599,0.7945861475388317,0.20558818047246824,0.04742921775962455
1,0,0,16,instant,write,0.07031872266271845,1.1108253711915739,0.5590698556456238,0.00048575708471307685
1,0,0,16,instant,phase_controller,0.9881484774133101,0.7945494508004464,0.20856761267156823,0.46835037610317004
1,0,0,16,instant,other,0.9999999902921957,8.085930350970467e-08,0.9999999999959448,0.09780661586266856
1,0,0,16,instant,predictor,0.0,0.0,0.0,0.0
1,0,0,32,trace,embedding,1.00000008435156,1.2526407670503678e-07,1.0000001341408047,0.1838031176552185
1,0,0,32,trace,decoder,1.0000000356052037,1.1507390954536779e-07,0.9999999999974323,0.5647683790707019
1,0,0,32,trace,decay,0.9999999581939782,9.127033527579099e-07,0.9999992017433826,0.00024845522056960026
1,0,0,32,trace,phase,1.0000000217491734,3.192383067690505e-07,0.9999996557380068,0.01090265680809985
1,0,0,32,trace,write,0.9903106376609493,0.13893511670423112,0.9945448055660325,0.0011132597263325587
1,0,0,32,trace,phase_controller,0.9999999147178046,2.9772053142151977e-07,1.000000087438586,0.10813824078586566
1,0,0,32,trace,other,0.9999999891272083,9.385932831946101e-08,0.9999999999946688,0.13102796750569662
1,0,0,32,trace,predictor,0.0,0.0,0.0,0.0
1,0,0,32,instant,embedding,0.7907015924047333,0.6122104691530129,0.7939326212238746,0.1838031176552185
1,0,0,32,instant,decoder,1.0000000356052037,1.1507390954536779e-07,0.9999999999974323,0.5647683790707019
1,0,0,32,instant,decay,0.7256873077702757,0.8574694242293357,0.21394930477042223,0.00024845522056960026
1,0,0,32,instant,phase,0.4664717712323767,0.8900604642909373,0.36745874344104995,0.01090265680809985
1,0,0,32,instant,write,0.3348248001447859,0.9844928035744844,0.6200154612678433,0.0011132597263325587
1,0,0,32,instant,phase_controller,0.4408300132269717,0.8994384404543613,0.38320503337048994,0.10813824078586566
1,0,0,32,instant,other,0.9999999891272083,9.385932831946101e-08,0.9999999999946688,0.13102796750569662
1,0,0,32,instant,predictor,0.0,0.0,0.0,0.0
1,0,0,64,trace,embedding,0.9999999662310227,1.430873091799529e-07,0.9999999999952235,0.11956829747166259
1,0,0,64,trace,decoder,1.0000000024710114,1.6576447344258776e-07,0.9999999234465977,0.41345404668058167
1,0,0,64,trace,decay,0.99999999520286,5.510738152973162e-07,0.9999995641933364,7.792779740827777e-05
1,0,0,64,trace,phase,1.0000000000236258,3.6802178424177713e-07,0.9999997382221958,0.03535823689231405
1,0,0,64,trace,write,0.9451743728677152,0.34108186733000595,1.0436201820535402,0.0008630542989897156
1,0,0,64,trace,phase_controller,1.0000000536486915,1.8772731031788748e-07,0.99999991674049,0.3495332869643998
1,0,0,64,trace,other,0.9999999735340667,1.6960354408065773e-07,0.999999999994202,0.08114554485802851
1,0,0,64,trace,predictor,0.0,0.0,0.0,0.0
1,0,0,64,instant,embedding,0.7929660414358518,0.6092870859205883,0.7878911938376338,0.11956829747166259
1,0,0,64,instant,decoder,1.0000000024710114,1.6576447344258776e-07,0.9999999234465977,0.41345404668058167
1,0,0,64,instant,decay,0.8281759734754395,0.5979304584517778,0.6198583276886213,7.792779740827777e-05
1,0,0,64,instant,phase,0.31092122448856224,0.958932301745554,0.18355129203464776,0.03535823689231405
1,0,0,64,instant,write,0.482045987958558,0.902725169638151,0.6994878833190513,0.0008630542989897156
1,0,0,64,instant,phase_controller,0.2887104159264757,0.9621659001610198,0.19322847316369748,0.3495332869643998
1,0,0,64,instant,other,0.9999999735340667,1.6960354408065773e-07,0.999999999994202,0.08114554485802851
1,0,0,64,instant,predictor,0.0,0.0,0.0,0.0
1,0,0,128,trace,embedding,0.9999999856352668,1.7557467377608342e-07,0.9999999999952421,0.11282646580863949
1,0,0,128,trace,decoder,1.0000001731975874,2.3031439235847154e-07,0.9999999999974349,0.38818036560222213
1,0,0,128,trace,decay,0.9999999682086713,2.469730360325344e-07,0.9999999998213488,8.002394883593837e-05
1,0,0,128,trace,phase,1.000000013798698,2.640170607063339e-07,1.0000002417739855,0.0388046229757501
1,0,0,128,trace,write,0.9646862395073396,0.26941816501690347,1.0213066987966641,0.0008116612979601404
1,0,0,128,trace,phase_controller,0.9999999953828432,2.3300009174525876e-07,0.9999998461428384,0.38332830144262153
1,0,0,128,trace,other,0.9999999396528382,1.8956536449634314e-07,0.9999999999942017,0.07596894433507274
1,0,0,128,trace,predictor,0.0,0.0,0.0,0.0
1,0,0,128,instant,embedding,0.7719266869234176,0.6357130688078066,0.7733903858959025,0.11282646580863949
1,0,0,128,instant,decoder,1.0000001731975874,2.3031439235847154e-07,0.9999999999974349,0.38818036560222213
1,0,0,128,instant,decay,0.9946311020783288,0.5076247802540936,0.49766624510484003,8.002394883593837e-05
1,0,0,128,instant,phase,0.3558495133542268,0.9580467560562131,0.14494084256833434,0.0388046229757501
1,0,0,128,instant,write,0.47391797334563024,0.8962590009038909,0.640887214335651,0.0008116612979601404
1,0,0,128,instant,phase_controller,0.33041657218420456,0.9604909899655867,0.15232084249498043,0.38332830144262153
1,0,0,128,instant,other,0.9999999396528382,1.8956536449634314e-07,0.9999999999942017,0.07596894433507274
1,0,0,128,instant,predictor,0.0,0.0,0.0,0.0
1,1,0,2,trace,embedding,0.9999489037008996,0.010134406019945388,0.9992438899186088,0.12008231590335186
1,1,0,2,trace,decoder,1.0000000226410437,0.0,0.9999999999991772,0.6528823345670336
1,1,0,2,trace,decay,1.0000000768814759,0.0002038850434182195,0.999826475468712,0.0005103314302979414
1,1,0,2,trace,phase,0.9999999360721585,0.0,0.999999999987967,0.0030517149250852975
1,1,0,2,trace,write,0.4224753573131638,0.9200824981195438,0.5807070252634644,0.0011878426067488876
1,1,0,2,trace,phase_controller,0.9999999064341664,0.0,0.999999999996248,0.031386879678597615
1,1,0,2,trace,other,0.999950186662222,0.010150240072333061,0.9981692061898998,0.19089862960812234
1,1,0,2,trace,predictor,0.0,0.0,0.0,0.0
1,1,0,2,instant,embedding,0.9529537241676262,0.3031649546802635,0.9583986816476913,0.12008231590335186
1,1,0,2,instant,decoder,1.0000000226410437,0.0,0.9999999999991772,0.6528823345670336
1,1,0,2,instant,decay,0.9962741986221701,0.36862759218267704,1.354671695000747,0.0005103314302979414
1,1,0,2,instant,phase,0.9999999360721585,0.0,0.999999999987967,0.0030517149250852975
1,1,0,2,instant,write,0.9374871240299856,0.34884016182814775,0.9613975250373388,0.0011878426067488876
1,1,0,2,instant,phase_controller,0.9999999064341664,0.0,0.999999999996248,0.031386879678597615
1,1,0,2,instant,other,0.999950186662222,0.010150240072333061,0.9981692061898998,0.19089862960812234
1,1,0,2,instant,predictor,0.0,0.0,0.0,0.0
1,1,0,4,trace,embedding,0.9989421154273777,0.047132313188329875,1.009282863950366,0.13207194234865605
1,1,0,4,trace,decoder,1.0000000594300795,3.3665129962299343e-08,0.9999999999989005,0.666809772793489
1,1,0,4,trace,decay,0.9998945027303895,0.04586520131893545,1.0433975373374753,0.00020909637847613268
1,1,0,4,trace,phase,0.9986561194634661,0.08080592139997243,1.0606556438056929,0.0017439524102504848
1,1,0,4,trace,write,0.6694310873508709,0.742952577907441,0.6802232765833871,0.000763408044143662
1,1,0,4,trace,phase_controller,0.9986239137797079,0.08108750354380505,1.0604696931136177,0.017266736088122875
1,1,0,4,trace,other,0.999139186856892,0.041627271408079945,1.0026346492664486,0.1811351657699985
1,1,0,4,trace,predictor,0.0,0.0,0.0,0.0
1,1,0,4,instant,embedding,0.913932483775418,0.4061587426344447,0.9293499992577609,0.13207194234865605
1,1,0,4,instant,decoder,1.0000000594300795,3.3665129962299343e-08,0.9999999999989005,0.666809772793489
1,1,0,4,instant,decay,0.9657981327541411,1.0321415865845778,1.9648385691343457,0.00020909637847613268
1,1,0,4,instant,phase,0.8896817981056421,0.45972491358261414,0.9433548015377969,0.0017439524102504848
1,1,0,4,instant,write,0.8486003603709379,0.5693843962819783,1.0591261503761176,0.000763408044143662
1,1,0,4,instant,phase_controller,0.8874668827304254,0.4642743876053921,0.9435747196646568,0.017266736088122875
1,1,0,4,instant,other,0.999139186856892,0.041627271408079945,1.0026346492664486,0.1811351657699985
1,1,0,4,instant,predictor,0.0,0.0,0.0,0.0
1,1,0,8,trace,embedding,0.9994297251770758,0.03377715622443872,0.9986848042048729,0.15336928437183045
1,1,0,8,trace,decoder,1.0000000522169568,7.006547365026267e-08,0.9999999999983802,0.49893679405289354
1,1,0,8,trace,decay,0.9997087441919266,0.024270224822215546,1.0022561480363732,2.8179709532804725e-05
1,1,0,8,trace,phase,0.9999426695237935,0.010787280234499574,1.0012220951657145,0.019605245357468302
1,1,0,8,trace,write,0.01775436393431819,1.164875163810075,0.6154579456641683,0.0014746155737923484
1,1,0,8,trace,phase_controller,0.9999372606672874,0.011248118026450926,1.001026676821075,0.19459746952498377
1,1,0,8,trace,other,0.9994247487761565,0.034301434763394464,1.0045383111027415,0.13198849431179688
1,1,0,8,trace,predictor,0.0,0.0,0.0,0.0
1,1,0,8,instant,embedding,0.8666306356952123,0.513531279368376,0.7451274194400129,0.15336928437183045
1,1,0,8,instant,decoder,1.0000000522169568,7.006547365026267e-08,0.9999999999983802,0.49893679405289354
1,1,0,8,instant,decay,0.9958687705298026,1.6283438619753112,2.621678794943432,2.8179709532804725e-05
1,1,0,8,instant,phase,0.9982792010227913,0.4952285442135094,0.5065346749449067,0.019605245357468302
1,1,0,8,instant,write,0.8560158881523365,0.595387604930886,0.5606354174951548,0.0014746155737923484
1,1,0,8,instant,phase_controller,0.9778714613031892,0.49884060189011975,0.525019817365802,0.19459746952498377
1,1,0,8,instant,other,0.9994247487761565,0.034301434763394464,1.0045383111027415,0.13198849431179688
1,1,0,8,instant,predictor,0.0,0.0,0.0,0.0
1,1,0,16,trace,embedding,0.9992838355422676,0.03792642678663435,1.0018791539914123,0.12792297215837975
1,1,0,16,trace,decoder,1.0000000568441365,1.1167182838588091e-07,0.9999999999977749,0.5750799931274277
1,1,0,16,trace,decay,0.9998721790397036,0.016754035627175815,0.9948507370129248,1.6705854793902887e-05
1,1,0,16,trace,phase,0.9996066794415918,0.06643735917808831,0.9393778538894895,0.004779913634051178
1,1,0,16,trace,write,0.8685045406539379,0.5134824316431408,1.0025357275244535,0.00071791555154972
1,1,0,16,trace,phase_controller,0.999563104066245,0.06688768768017002,0.9395601200086666,0.04748576883130215
1,1,0,16,trace,other,0.9991742448455064,0.040845938346763595,1.0033817329575647,0.24399666873312842
1,1,0,16,trace,predictor,0.0,0.0,0.0,0.0
1,1,0,16,instant,embedding,0.8966640290149148,0.44633995582171077,0.8398675220647955,0.12792297215837975
1,1,0,16,instant,decoder,1.0000000568441365,1.1167182838588091e-07,0.9999999999977749,0.5750799931274277
1,1,0,16,instant,decay,0.9380776002928852,0.6361002734745949,1.471569423838742,1.6705854793902887e-05
1,1,0,16,instant,phase,0.9988481057434456,0.1744285355738355,0.8311494026925558,0.004779913634051178
1,1,0,16,instant,write,0.8442733500691328,0.539711833107251,0.7803475832614594,0.00071791555154972
1,1,0,16,instant,phase_controller,0.9314307964355929,0.36852843616430725,0.8733214926644043,0.04748576883130215
1,1,0,16,instant,other,0.9991742448455064,0.040845938346763595,1.0033817329575647,0.24399666873312842
1,1,0,16,instant,predictor,0.0,0.0,0.0,0.0
1,1,0,32,trace,embedding,0.9983468853615517,0.05766779527528358,1.0030910065122183,0.06965911524567761
1,1,0,32,trace,decoder,1.0000000642762983,9.893971088968092e-08,0.9999999999976558,0.3449738475664821
1,1,0,32,trace,decay,0.9952763174267221,0.11884994922149464,0.9267184710386982,0.00012058014304903402
1,1,0,32,trace,phase,0.9995271967788837,0.03810698623573428,1.0220304161540146,0.0401213755716448
1,1,0,32,trace,write,0.977785726503906,0.21908921822514968,0.9140291005962664,0.0006609803565361927
1,1,0,32,trace,phase_controller,0.99952044287391,0.03840503367049073,1.0222398264739632,0.39811354435793106
1,1,0,32,trace,other,0.9980339620503204,0.06464662436371955,1.013865460674177,0.1463506444052738
1,1,0,32,trace,predictor,0.0,0.0,0.0,0.0
1,1,0,32,instant,embedding,0.8966212314654004,0.44406317556260905,0.8631381108962586,0.06965911524567761
1,1,0,32,instant,decoder,1.0000000642762983,9.893971088968092e-08,0.9999999999976558,0.3449738475664821
1,1,0,32,instant,decay,0.46328284484096793,0.8998870400690012,0.6195762528794343,0.00012058014304903402
1,1,0,32,instant,phase,0.8708041499287602,0.8243042173273724,0.20915675310599557,0.0401213755716448
1,1,0,32,instant,write,0.6267033761639254,0.7850415780085764,0.5315859512190716,0.0006609803565361927
1,1,0,32,instant,phase_controller,0.8245657876968371,0.83137684183838,0.2153891168072164,0.39811354435793106
1,1,0,32,instant,other,0.9980339620503204,0.06464662436371955,1.013865460674177,0.1463506444052738
1,1,0,32,instant,predictor,0.0,0.0,0.0,0.0
1,1,0,64,trace,embedding,0.9964037874027258,0.08476818893681917,0.9989517252557558,0.0480463486507627
1,1,0,64,trace,decoder,0.9999999799250726,1.7238922720098887e-07,0.9999998572312104,0.24228668578076468
1,1,0,64,trace,decay,0.9960253004231162,0.08929409776679793,0.9897150699862247,0.00015215145839226628
1,1,0,64,trace,phase,0.999929641065472,0.024104799546426133,0.9789479312256102,0.0553499969226448
1,1,0,64,trace,write,0.9989019244655208,0.07425289287995918,0.9412956033668292,0.000682103447857803
1,1,0,64,trace,phase_controller,0.9999168331278734,0.024461188241492432,0.9791310565537069,0.5494088746831977
1,1,0,64,trace,other,0.9948399958036832,0.1015294934990076,0.9986822314134607,0.10407398784272388
1,1,0,64,trace,predictor,0.0,0.0,0.0,0.0
1,1,0,64,instant,embedding,0.8820412863475314,0.47192917577010834,0.8553301512350189,0.0480463486507627
1,1,0,64,instant,decoder,0.9999999799250726,1.7238922720098887e-07,0.9999998572312104,0.24228668578076468
1,1,0,64,instant,decay,0.16303657255364712,1.0295273688319198,0.45715836512432595,0.00015215145839226628
1,1,0,64,instant,phase,0.930160473338404,0.8558741490711331,0.1570375656483135,0.0553499969226448
1,1,0,64,instant,write,0.6541358426746995,0.8093866157041042,0.3660377542359209,0.000682103447857803
1,1,0,64,instant,phase_controller,0.8788589748763592,0.8608449836789329,0.16230666488529064,0.5494088746831977
1,1,0,64,instant,other,0.9948399958036832,0.1015294934990076,0.9986822314134607,0.10407398784272388
1,1,0,64,instant,predictor,0.0,0.0,0.0,0.0
1,1,0,128,trace,embedding,0.9934899799425164,0.11404188136253192,0.9882700773389389,0.038024305938952674
1,1,0,128,trace,decoder,1.0000000253558494,2.2880568612876665e-07,0.9999999999976147,0.20179001542888503
1,1,0,128,trace,decay,0.9840410225723872,0.18202211962107862,0.9457153459478941,6.578958419407437e-05
1,1,0,128,trace,phase,0.9993203431229631,0.08085162836171692,0.9273611416137797,0.06119287667564695
1,1,0,128,trace,write,0.996893178866037,0.11962178058949191,0.9068639198769026,0.0005538513837000997
1,1,0,128,trace,phase_controller,0.9992876377866904,0.08114675895582814,0.9274497487681808,0.6074081196839356
1,1,0,128,trace,other,0.993519558985122,0.11380551443599347,0.9992013571915888,0.09096515305825982
1,1,0,128,trace,predictor,0.0,0.0,0.0,0.0
1,1,0,128,instant,embedding,0.8851678467449493,0.4653062287251623,0.8794978998595961,0.038024305938952674
1,1,0,128,instant,decoder,1.0000000253558494,2.2880568612876665e-07,0.9999999999976147,0.20179001542888503
1,1,0,128,instant,decay,-0.16036150474712543,1.3669927889858717,0.7853578843936075,6.578958419407437e-05
1,1,0,128,instant,phase,0.9935933731414198,0.8317943871377576,0.16951227076532524,0.06119287667564695
1,1,0,128,instant,write,0.4996504868157425,0.8756964949562885,0.37121777625018887,0.0005538513837000997
1,1,0,128,instant,phase_controller,0.9602315838051569,0.8360551785276226,0.17217525947627446,0.6074081196839356
1,1,0,128,instant,other,0.993519558985122,0.11380551443599347,0.9992013571915888,0.09096515305825982
1,1,0,128,instant,predictor,0.0,0.0,0.0,0.0
2,0,0,2,trace,embedding,0.9803232417040436,0.1978849697051041,0.9664565703908153,0.20862150851727035
2,0,0,2,trace,decoder,0.9999999544976867,0.0,0.9999999999990924,0.2351481704419824
2,0,0,2,trace,decay,0.980230619788409,0.21540597935815103,1.0653876528098474,0.00016454326890686562
2,0,0,2,trace,phase,0.9999999612747004,0.0,0.9999999999833241,0.0006963780251112954
2,0,0,2,trace,write,0.9302934314771216,0.4285543554269234,1.1518888246225523,0.0023712403628880145
2,0,0,2,trace,phase_controller,0.9999999525140506,0.0,0.9999999999947278,0.00696694026658986
2,0,0,2,trace,other,0.992852298725949,0.12352477689727952,0.9610108046952942,0.5460311526199715
2,0,0,2,trace,predictor,0.0,0.0,0.0,0.0
2,0,0,2,instant,embedding,0.9613459919260541,0.30511825696707473,0.8298795585328618,0.20862150851727035
2,0,0,2,instant,decoder,0.9999999544976867,0.0,0.9999999999990924,0.2351481704419824
2,0,0,2,instant,decay,0.47651726366256547,1.7277389822553177,1.9638472986209594,0.00016454326890686562
2,0,0,2,instant,phase,0.9999999612747004,0.0,0.9999999999833241,0.0006963780251112954
2,0,0,2,instant,write,0.8705722027415309,0.493187816883253,0.9041971733549707,0.0023712403628880145
2,0,0,2,instant,phase_controller,0.9999999525140506,0.0,0.9999999999947278,0.00696694026658986
2,0,0,2,instant,other,0.992852298725949,0.12352477689727952,0.9610108046952942,0.5460311526199715
2,0,0,2,instant,predictor,0.0,0.0,0.0,0.0
2,0,0,4,trace,embedding,0.9704766512814489,0.242884180572064,0.9418900729761758,0.21310897278616828
2,0,0,4,trace,decoder,1.0000000447488886,4.169667337225607e-08,0.9999999999987426,0.3134756452892865
2,0,0,4,trace,decay,0.7965554776978807,0.6576412010273825,0.5377261354039271,0.0001789061284446468
2,0,0,4,trace,phase,0.9836903577510272,0.19480654686217663,0.9088822320896555,0.005343035083287364
2,0,0,4,trace,write,0.8419772537766006,0.5547761369876447,0.9712158153830763,0.0030258281297353474
2,0,0,4,trace,phase_controller,0.9828451663713136,0.19801535308987012,0.910770317938595,0.05306054395240844
2,0,0,4,trace,other,0.9743195249556802,0.22527178438990214,0.9811187772665422,0.41180737458213035
2,0,0,4,trace,predictor,0.0,0.0,0.0,0.0
2,0,0,4,instant,embedding,0.9264533650106774,0.4285369634539989,0.7216127851391411,0.21310897278616828
2,0,0,4,instant,decoder,1.0000000447488886,4.169667337225607e-08,0.9999999999987426,0.3134756452892865
2,0,0,4,instant,decay,0.514548095823243,1.0474559885876022,1.1161490993212282,0.0001789061284446468
2,0,0,4,instant,phase,0.7596578191760683,0.6509013254856924,0.7870861932455546,0.005343035083287364
2,0,0,4,instant,write,0.7735430267414216,0.6348217323525884,0.7365625552992945,0.0030258281297353474
2,0,0,4,instant,phase_controller,0.7429056923089143,0.6731073885588738,0.8134932707690741,0.05306054395240844
2,0,0,4,instant,other,0.9743195249556802,0.22527178438990214,0.9811187772665422,0.41180737458213035
2,0,0,4,instant,predictor,0.0,0.0,0.0,0.0
2,0,0,8,trace,embedding,0.9296613980120954,0.37050686020113394,0.8903493902609214,0.08818810681489102
2,0,0,8,trace,decoder,0.9999998501393668,8.101405211758018e-08,1.0000000976827146,0.2476568399860114
2,0,0,8,trace,decay,0.8596508188256755,0.6556979570649659,1.270672830244128,0.00013209989150730992
2,0,0,8,trace,phase,0.9884087232648193,0.21250899553588948,1.1371086268753148,0.021225883790785532
2,0,0,8,trace,write,0.6949942287956772,0.856467073413715,1.1603463646224668,0.0005500213984603354
2,0,0,8,trace,phase_controller,0.9866115045663575,0.21953988465780563,1.1335808349952536,0.21353294582125093
2,0,0,8,trace,other,0.9556078268235928,0.32158178625613765,0.8267640758920428,0.42871415229238796
2,0,0,8,trace,predictor,0.0,0.0,0.0,0.0
2,0,0,8,instant,embedding,0.8673651537695993,0.5051609689965394,0.780704673676828,0.08818810681489102
2,0,0,8,instant,decoder,0.9999998501393668,8.101405211758018e-08,1.0000000976827146,0.2476568399860114
2,0,0,8,instant,decay,0.6091992495771904,1.218395149570875,1.5341916285018944,0.00013209989150730992
2,0,0,8,instant,phase,0.8791613368742159,0.6385889125230593,0.45404895724088945,0.021225883790785532
2,0,0,8,instant,write,0.6708997887690552,1.00017100713722,1.342054180855209,0.0005500213984603354
2,0,0,8,instant,phase_controller,0.8730877634418479,0.6433510666265368,0.4533462694849589,0.21353294582125093
2,0,0,8,instant,other,0.9556078268235928,0.32158178625613765,0.8267640758920428,0.42871415229238796
2,0,0,8,instant,predictor,0.0,0.0,0.0,0.0
2,0,0,16,trace,embedding,0.847879946005125,0.5425085266750678,0.7329203279957874,0.07962382775757411
2,0,0,16,trace,decoder,0.9999999702893922,1.0478880785660103e-07,0.9999999999977782,0.17677299882939582
2,0,0,16,trace,decay,0.8968475463671916,0.443434439433971,0.8657075101093097,0.0007221247141740454
2,0,0,16,trace,phase,0.966675012052277,0.40664361850521663,0.6507327296397885,0.04671876652378126
2,0,0,16,trace,write,0.5264710753237276,0.9855332096685685,1.024915778267379,0.0005800338418351158
2,0,0,16,trace,phase_controller,0.9662310972284669,0.4098951688872464,0.6474579256931113,0.4704533320894231
2,0,0,16,trace,other,0.9238173738469788,0.41887860628534523,0.7538231078076154,0.2251289860308994
2,0,0,16,trace,predictor,0.0,0.0,0.0,0.0
2,0,0,16,instant,embedding,0.6536283481584987,0.757088248747462,0.6739479572014432,0.07962382775757411
2,0,0,16,instant,decoder,0.9999999702893922,1.0478880785660103e-07,0.9999999999977782,0.17677299882939582
2,0,0,16,instant,decay,0.8498925530815614,0.6336164216300794,0.49805849733319274,0.0007221247141740454
2,0,0,16,instant,phase,0.5068704733742179,0.8736796881518154,0.36462432716739873,0.04671876652378126
2,0,0,16,instant,write,0.4178403174512291,0.9774100401256614,0.7782855310337431,0.0005800338418351158
2,0,0,16,instant,phase_controller,0.5038476502378402,0.8752365671299701,0.3627758021846138,0.4704533320894231
2,0,0,16,instant,other,0.9238173738469788,0.41887860628534523,0.7538231078076154,0.2251289860308994
2,0,0,16,instant,predictor,0.0,0.0,0.0,0.0
2,0,0,32,trace,embedding,0.838155716163259,0.5536766406368456,0.7429592551977017,0.07968917128816448
2,0,0,32,trace,decoder,1.000000006271766,1.1861119818366358e-07,1.0000000696997178,0.21866595757510063
2,0,0,32,trace,decay,0.9828660781988453,0.1856737515562704,1.0052332860029032,0.0012274592163772854
2,0,0,32,trace,phase,0.9246858793154688,0.49183117951180283,0.6133311472540244,0.04964056279008651
2,0,0,32,trace,write,0.7106682044476424,0.7162791655618891,0.8452244839162322,0.0005037442495574991
2,0,0,32,trace,phase_controller,0.9254489176047901,0.4918079055731124,0.6118717087524076,0.5014637059640349
2,0,0,32,trace,other,0.9011791026161214,0.44014563527905176,0.8246823765352104,0.14881006130628355
2,0,0,32,trace,predictor,0.0,0.0,0.0,0.0
2,0,0,32,instant,embedding,0.6371540056115045,0.7715082215936125,0.671654672734405,0.07968917128816448
2,0,0,32,instant,decoder,1.000000006271766,1.1861119818366358e-07,1.0000000696997178,0.21866595757510063
2,0,0,32,instant,decay,0.7331082605527027,0.8343627524484326,0.2497773044952105,0.0012274592163772854
2,0,0,32,instant,phase,0.4062671845417108,0.9190741910753317,0.30752293075877835,0.04964056279008651
2,0,0,32,instant,write,0.34808547553905034,1.0232442552797936,0.758198188741475,0.0005037442495574991
2,0,0,32,instant,phase_controller,0.39919924861414324,0.9213007895065397,0.30889403526295384,0.5014637059640349
2,0,0,32,instant,other,0.9011791026161214,0.44014563527905176,0.8246823765352104,0.14881006130628355
2,0,0,32,instant,predictor,0.0,0.0,0.0,0.0
2,0,0,64,trace,embedding,0.8842103338364149,0.4682138520920724,0.8517747147889133,0.07089140535095925
2,0,0,64,trace,decoder,1.000000009090283,1.4934108912902675e-07,0.9999999316911279,0.25518985597444227
2,0,0,64,trace,decay,0.9898740913944291,0.15349915207605574,1.0482921747413287,0.001888290827433927
2,0,0,64,trace,phase,0.9655750323664622,0.45416040574386685,0.5932891000474795,0.047898400984182014
2,0,0,64,trace,write,0.7245561787469211,0.7065818738574433,0.880247146301988,0.0004419922696846929
2,0,0,64,trace,phase_controller,0.9647281260951867,0.4547318373748121,0.593943102190485,0.48171093601697673
2,0,0,64,trace,other,0.9336476019131245,0.36498727964080185,0.8635521928431216,0.1419794781532401
2,0,0,64,trace,predictor,0.0,0.0,0.0,0.0
2,0,0,64,instant,embedding,0.6618304037715762,0.7505092381453625,0.6976522784841225,0.07089140535095925
2,0,0,64,instant,decoder,1.000000009090283,1.4934108912902675e-07,0.9999999316911279,0.25518985597444227
2,0,0,64,instant,decay,0.9168260294166137,0.8050614636217214,0.21775954113977558,0.001888290827433927
2,0,0,64,instant,phase,0.6704280690651001,0.8201828450172763,0.32089438461391134,0.047898400984182014
2,0,0,64,instant,write,0.2127159348345039,1.105424749903064,0.729641364475859,0.0004419922696846929
2,0,0,64,instant,phase_controller,0.6495044927003425,0.8255877266924234,0.3278659876440947,0.48171093601697673
2,0,0,64,instant,other,0.9336476019131245,0.36498727964080185,0.8635521928431216,0.1419794781532401
2,0,0,64,instant,predictor,0.0,0.0,0.0,0.0
2,0,0,128,trace,embedding,0.8756409266678871,0.485092105925054,0.8302413157841599,0.07168172702737491
2,0,0,128,trace,decoder,1.0000000398257143,2.1606893588076215e-07,0.9999999322734286,0.2524968514868658
2,0,0,128,trace,decay,0.9896910772042695,0.17093527069335282,1.083004274449152,0.0016982791685963398
2,0,0,128,trace,phase,0.9840830192285983,0.44520533367807125,0.5758831699960378,0.0501128210155134
2,0,0,128,trace,write,0.7894910266887811,0.6239863343386076,0.9019853296562909,0.0004937504638700647
2,0,0,128,trace,phase_controller,0.9820003346992889,0.4464984269659612,0.5774194877483109,0.5022008015969527
2,0,0,128,trace,other,0.9127618924474458,0.40986947400703916,0.8791765254261541,0.12131609048952391
2,0,0,128,trace,predictor,0.0,0.0,0.0,0.0
2,0,0,128,instant,embedding,0.6542747986254349,0.7566337278225412,0.6781484857311022,0.07168172702737491
2,0,0,128,instant,decoder,1.0000000398257143,2.1606893588076215e-07,0.9999999322734286,0.2524968514868658
2,0,0,128,instant,decay,0.931019267372238,0.7277818436109014,0.3013660320755329,0.0016982791685963398
2,0,0,128,instant,phase,0.6267295633949945,0.8381096458794588,0.31815604058260466,0.0501128210155134
2,0,0,128,instant,write,0.2707824746187698,1.070586256668296,0.7392674920594383,0.0004937504638700647
2,0,0,128,instant,phase_controller,0.6083537834715246,0.8422397935301562,0.3264632638584896,0.5022008015969527
2,0,0,128,instant,other,0.9127618924474458,0.40986947400703916,0.8791765254261541,0.12131609048952391
2,0,0,128,instant,predictor,0.0,0.0,0.0,0.0
2,1,0,2,trace,embedding,0.992582168368346,0.13371289505028863,1.0482475060705316,0.12666684850488216
2,1,0,2,trace,decoder,0.9999999325515543,0.0,0.9999999999993142,0.5405727876295382
2,1,0,2,trace,decay,0.9953978795643305,0.11857654395779262,0.9255581638353847,0.0003473195555929329
2,1,0,2,trace,phase,0.9999999469263475,0.0,0.9999999999822531,0.0008070747679385488
2,1,0,2,trace,write,0.9927132902664587,0.12257799001029421,0.9702431837954419,0.0008703461868681404
2,1,0,2,trace,phase_controller,0.9999999319953035,0.0,0.9999999999943614,0.007995025224951005
2,1,0,2,trace,other,0.9965391904871325,0.09086998080360437,1.0332555924003255,0.3227440710462886
2,1,0,2,trace,predictor,0.0,0.0,0.0,0.0
2,1,0,2,instant,embedding,0.942166878380755,0.3464676337136919,0.8543123876722903,0.12666684850488216
2,1,0,2,instant,decoder,0.9999999325515543,0.0,0.9999999999993142,0.5405727876295382
2,1,0,2,instant,decay,0.818040203548483,1.1315384840671217,1.7924985026089317,0.0003473195555929329
2,1,0,2,instant,phase,0.9999999469263475,0.0,0.9999999999822531,0.0008070747679385488
2,1,0,2,instant,write,0.65267022948996,0.9180992980248589,1.1712116408181594,0.0008703461868681404
2,1,0,2,instant,phase_controller,0.9999999319953035,0.0,0.9999999999943614,0.007995025224951005
2,1,0,2,instant,other,0.9965391904871325,0.09086998080360437,1.0332555924003255,0.3227440710462886
2,1,0,2,instant,predictor,0.0,0.0,0.0,0.0
2,1,0,4,trace,embedding,0.9879213977686628,0.16119429672381294,0.9435089166122126,0.19755521965074643
2,1,0,4,trace,decoder,0.999999954703156,2.8624323048902106e-08,0.9999999999989074,0.33808931416080595
2,1,0,4,trace,decay,0.9837362550658525,0.18014968050417124,0.997556898450156,0.0004953532133616165
2,1,0,4,trace,phase,0.989187556311038,0.15009845984295309,0.9572249700245297,0.011456568913925685
2,1,0,4,trace,write,0.963684108766974,0.2727535117158267,0.908172617864046,0.0027764429615781214
2,1,0,4,trace,phase_controller,0.9891821667987996,0.15023891769163258,0.9567266396714957,0.1138894849271561
2,1,0,4,trace,other,0.9798198070252552,0.20437785536826897,1.0224448211780728,0.33574068868071966
2,1,0,4,trace,predictor,0.0,0.0,0.0,0.0
2,1,0,4,instant,embedding,0.8175576635465351,0.5834338078174328,0.7237730071792845,0.19755521965074643
2,1,0,4,instant,decoder,0.999999954703156,2.8624323048902106e-08,0.9999999999989074,0.33808931416080595
2,1,0,4,instant,decay,0.7092186586736987,1.2053048533103843,1.6868436191236302,0.0004953532133616165
2,1,0,4,instant,phase,0.8193535780705643,0.5957140504454759,0.6574413344773369,0.011456568913925685
2,1,0,4,instant,write,0.6215896432750436,0.79609944033059,0.7635331520260051,0.0027764429615781214
2,1,0,4,instant,phase_controller,0.8189052083285356,0.5965697624501158,0.6561128088707827,0.1138894849271561
2,1,0,4,instant,other,0.9798198070252552,0.20437785536826897,1.0224448211780728,0.33574068868071966
2,1,0,4,instant,predictor,0.0,0.0,0.0,0.0
2,1,0,8,trace,embedding,0.9677356322046884,0.2521252940639315,0.9766331851038244,0.14864124061419826
2,1,0,8,trace,decoder,1.0000000673167595,5.444071259110678e-08,0.9999999999984438,0.32025817161314724
2,1,0,8,trace,decay,0.9780662016219906,0.2693481801710783,1.1488350200911328,0.0004947341522840229
2,1,0,8,trace,phase,0.9897054539618452,0.17641248563936823,0.8865626472881611,0.02711262070961994
2,1,0,8,trace,write,0.9153996536615018,0.4051089630382658,0.8699063929155272,0.002648934671502482
2,1,0,8,trace,phase_controller,0.9882491436248371,0.18675992345027498,0.8809400339650841,0.277063073698911
2,1,0,8,trace,other,0.9694325701536254,0.2482131641783774,1.0069702437208559,0.22378101568099507
2,1,0,8,trace,predictor,0.0,0.0,0.0,0.0
2,1,0,8,instant,embedding,0.8036217303648402,0.6017639002969294,0.7145839861559854,0.14864124061419826
2,1,0,8,instant,decoder,1.0000000673167595,5.444071259110678e-08,0.9999999999984438,0.32025817161314724
2,1,0,8,instant,decay,0.6818306751256032,0.8874386992088398,1.1842653378270653,0.0004947341522840229
2,1,0,8,instant,phase,0.8508434515282526,0.606223557010478,0.5484504686963335,0.02711262070961994
2,1,0,8,instant,write,0.7571176903689367,0.6720017154721692,0.5995957088327933,0.002648934671502482
2,1,0,8,instant,phase_controller,0.8520166409549076,0.6051712738246929,0.5484306173706931,0.277063073698911
2,1,0,8,instant,other,0.9694325701536254,0.2482131641783774,1.0069702437208559,0.22378101568099507
2,1,0,8,instant,predictor,0.0,0.0,0.0,0.0
2,1,0,16,trace,embedding,0.907875361240112,0.4290519030452098,0.9991081958809244,0.05318117908385118
2,1,0,16,trace,decoder,1.00000000271119,9.394573350098138e-08,1.0000001225814998,0.19893460694839168
2,1,0,16,trace,decay,0.9314888250443643,0.37913399397078573,0.8246527523008126,0.001238458590087687
2,1,0,16,trace,phase,0.9194044570702845,0.39334031356797344,0.92400460357755,0.05518686710687143
2,1,0,16,trace,write,0.4623880692096942,0.9306028070490634,0.7449201736919541,0.0005617372882508643
2,1,0,16,trace,phase_controller,0.9178774544841035,0.39686516273968314,0.9169766340166224,0.5593383319343533
2,1,0,16,trace,other,0.8171085162264831,0.5921829287055804,0.9525591156933936,0.13155903133721822
2,1,0,16,trace,predictor,0.0,0.0,0.0,0.0
2,1,0,16,instant,embedding,0.801943263555424,0.59766250827049,0.7842401272938274,0.05318117908385118
2,1,0,16,instant,decoder,1.00000000271119,9.394573350098138e-08,1.0000001225814998,0.19893460694839168
2,1,0,16,instant,decay,0.8035159180802662,0.6729920468709082,0.489579583780389,0.001238458590087687
2,1,0,16,instant,phase,0.27051378918921193,0.9670543713618561,0.17901608925943477,0.05518686710687143
2,1,0,16,instant,write,0.31142739192871394,1.0272331731472066,0.7015495233364483,0.0005617372882508643
2,1,0,16,instant,phase_controller,0.2965187855155547,0.9612656317839259,0.18718051065636024,0.5593383319343533
2,1,0,16,instant,other,0.8171085162264831,0.5921829287055804,0.9525591156933936,0.13155903133721822
2,1,0,16,instant,predictor,0.0,0.0,0.0,0.0
2,1,0,32,trace,embedding,0.7761196097944074,0.6361895630013387,0.8603702255526281,0.09434538712557619
2,1,0,32,trace,decoder,1.0000001414580117,1.0605874655872592e-07,0.9999999327570885,0.2216232769659874
2,1,0,32,trace,decay,0.872296671279929,0.5271700395426295,0.6752952827311477,0.004385241070222616
2,1,0,32,trace,phase,0.9062320314399206,0.4487131401525742,0.7558989490702859,0.04444718576168852
2,1,0,32,trace,write,0.10243255113251012,1.204393546600873,0.7814439517815357,0.0008036695854116355
2,1,0,32,trace,phase_controller,0.9062380228579067,0.4502010286372684,0.7514859972094162,0.45690347721286406
2,1,0,32,trace,other,0.7799089377323736,0.6298610637318328,0.8504966217139056,0.1774917574183699
2,1,0,32,trace,predictor,0.0,0.0,0.0,0.0
2,1,0,32,instant,embedding,0.6518424805654801,0.7583798568877146,0.6580135186585387,0.09434538712557619
2,1,0,32,instant,decoder,1.0000001414580117,1.0605874655872592e-07,0.9999999327570885,0.2216232769659874
2,1,0,32,instant,decay,0.732313702901613,0.8523066447024784,0.21976124390056972,0.004385241070222616
2,1,0,32,instant,phase,0.21973632230310003,0.9756257650893538,0.23112147485960025,0.04444718576168852
2,1,0,32,instant,write,0.3606470484797088,0.9589804165385291,0.5836036746523479,0.0008036695854116355
2,1,0,32,instant,phase_controller,0.2512480704996085,0.9680402538676726,0.23616598717354567,0.45690347721286406
2,1,0,32,instant,other,0.7799089377323736,0.6298610637318328,0.8504966217139056,0.1774917574183699
2,1,0,32,instant,predictor,0.0,0.0,0.0,0.0
2,1,0,64,trace,embedding,0.6558018330138801,0.7731127586769381,0.8224711539992257,0.10990731054616029
2,1,0,64,trace,decoder,0.9999999837780847,1.7987850323154375e-07,0.9999998650344417,0.22705817575333018
2,1,0,64,trace,decay,0.8332183632200463,0.5924921443162942,0.6203813141660278,0.004690976022844591
2,1,0,64,trace,phase,0.8951274253502313,0.47053708922365994,0.7446012820046538,0.039392076748502
2,1,0,64,trace,write,0.09819761310557172,1.2639925990454037,0.8775052268932756,0.0008575476693333247
2,1,0,64,trace,phase_controller,0.892637289230703,0.47482863247519563,0.7434276675595279,0.40559063622501723
2,1,0,64,trace,other,0.7738994732089642,0.6346422078284079,0.8150212694818659,0.21250366047729116
2,1,0,64,trace,predictor,0.0,0.0,0.0,0.0
2,1,0,64,instant,embedding,0.5784584054521719,0.8176684423818218,0.6349899888524534,0.10990731054616029
2,1,0,64,instant,decoder,0.9999999837780847,1.7987850323154375e-07,0.9999998650344417,0.22705817575333018
2,1,0,64,instant,decay,0.6867152392952072,0.9077541597489661,0.14302833547271876,0.004690976022844591
2,1,0,64,instant,phase,0.44090083231651045,0.9053064110916714,0.3226927529146819,0.039392076748502
2,1,0,64,instant,write,0.4217375468138925,0.93282921049312,0.640901683676099,0.0008575476693333247
2,1,0,64,instant,phase_controller,0.45421893787789663,0.8994776144482314,0.33022356013204496,0.40559063622501723
2,1,0,64,instant,other,0.7738994732089642,0.6346422078284079,0.8150212694818659,0.21250366047729116
2,1,0,64,instant,predictor,0.0,0.0,0.0,0.0
2,1,0,128,trace,embedding,0.6502697396023361,0.7677597117570235,0.7612018119757086,0.10071852795146692
2,1,0,128,trace,decoder,0.9999999438544543,2.362757009680361e-07,0.9999999338315942,0.1976689194300615
2,1,0,128,trace,decay,0.8514787534708961,0.5876019616840288,0.5863521394092145,0.0040544213168764495
2,1,0,128,trace,phase,0.8528139949226627,0.5399164598755996,0.7156955555545285,0.04429087141563794
2,1,0,128,trace,write,0.13851836412789606,1.217874758049779,0.847324638317735,0.0008002466848898713
2,1,0,128,trace,phase_controller,0.8532114711628973,0.5397851574315351,0.7141501607215089,0.4562757247655393
2,1,0,128,trace,other,0.7785234951480973,0.6280740594220587,0.8025256490668567,0.1961917224509142
2,1,0,128,trace,predictor,0.0,0.0,0.0,0.0
2,1,0,128,instant,embedding,0.5560540818134847,0.8319547913854184,0.5927222866425581,0.10071852795146692
2,1,0,128,instant,decoder,0.9999999438544543,2.362757009680361e-07,0.9999999338315942,0.1976689194300615
2,1,0,128,instant,decay,0.6371208626098466,0.9297214920892769,0.11721223046952223,0.0040544213168764495
2,1,0,128,instant,phase,0.40477108372938014,0.9237740593655553,0.27362975294626135,0.04429087141563794
2,1,0,128,instant,write,0.49301036532335896,0.8741170562709549,0.5775062082081952,0.0008002466848898713
2,1,0,128,instant,phase_controller,0.4230362758423019,0.9173478013376585,0.2799041500427276,0.4562757247655393
2,1,0,128,instant,other,0.7785234951480973,0.6280740594220587,0.8025256490668567,0.1961917224509142
2,1,0,128,instant,predictor,0.0,0.0,0.0,0.0
1,0,1,2,trace,embedding,0.9999999480925056,3.369669302796869e-08,0.9999999999984255,0.14221075953753676
1,0,1,2,trace,decoder,0.9999999759074389,0.0,0.9999999999992466,0.6212494155994414
1,0,1,2,trace,decay,1.000000006217993,1.5172123952600352e-07,0.9999998482380331,0.00021256919020816613
1,0,1,2,trace,phase,0.9999999785377894,0.0,0.9999999999886736,0.00274849702849023
1,0,1,2,trace,write,0.9646263807622074,0.26369335045200926,0.9708265886707614,0.0009829129640814493
1,0,1,2,trace,phase_controller,1.0000000698344234,0.0,0.999999999996398,0.027175308775949578
1,0,1,2,trace,other,1.0000000013376789,0.0,0.9999999999986899,0.20542042737749958
1,0,1,2,trace,predictor,0.0,0.0,0.0,0.0
1,0,1,2,instant,embedding,0.962444774995644,0.273266484327731,0.9312245586714007,0.14221075953753676
1,0,1,2,instant,decoder,0.9999999759074389,0.0,0.9999999999992466,0.6212494155994414
1,0,1,2,instant,decay,0.8175204120344082,0.6301112799174722,0.5618255706196654,0.00021256919020816613
1,0,1,2,instant,phase,0.9999999785377894,0.0,0.9999999999886736,0.00274849702849023
1,0,1,2,instant,write,0.9374893262899694,0.5628814037088407,0.49508494123160757,0.0009829129640814493
1,0,1,2,instant,phase_controller,1.0000000698344234,0.0,0.999999999996398,0.027175308775949578
1,0,1,2,instant,other,1.0000000013376789,0.0,0.9999999999986899,0.20542042737749958
1,0,1,2,instant,predictor,0.0,0.0,0.0,0.0
1,0,1,4,trace,embedding,0.9999999889679866,6.987772266563153e-08,0.9999999999986183,0.26133317086937885
1,0,1,4,trace,decoder,0.9999999495606852,5.647541483569419e-08,0.9999999323498444,0.387288128065725
1,0,1,4,trace,decay,0.9999999933203537,7.954326955031533e-08,1.0000001045810607,0.0006326710613905387
1,0,1,4,trace,phase,0.9999999606098525,1.8445212303525954e-08,0.9999999999951965,0.02162115287546552
1,0,1,4,trace,write,0.9506633008220181,0.3104427429045297,0.939024475423251,0.001174644328872176
1,0,1,4,trace,phase_controller,0.999999940286256,9.113835333890794e-08,0.9999999096101119,0.2169362286320114
1,0,1,4,trace,other,0.9999999800921725,6.10507482555414e-08,0.9999999999978803,0.11101629484296643
1,0,1,4,trace,predictor,0.0,0.0,0.0,0.0
1,0,1,4,instant,embedding,0.8557925444364457,0.5390577704713747,0.7042536747090093,0.26133317086937885
1,0,1,4,instant,decoder,0.9999999495606852,5.647541483569419e-08,0.9999999323498444,0.387288128065725
1,0,1,4,instant,decay,0.9189835608683627,0.44141631780021917,0.7205421180261616,0.0006326710613905387
1,0,1,4,instant,phase,0.9665179750057494,0.6558423882377394,0.3629566269880785,0.02162115287546552
1,0,1,4,instant,write,0.9011585048471014,0.43591749416878534,0.947099632585897,0.001174644328872176
1,0,1,4,instant,phase_controller,0.9647561652307751,0.6529359047007418,0.3671945121598428,0.2169362286320114
1,0,1,4,instant,other,0.9999999800921725,6.10507482555414e-08,0.9999999999978803,0.11101629484296643
1,0,1,4,instant,predictor,0.0,0.0,0.0,0.0
1,0,1,8,trace,embedding,0.999999986508816,8.128501596855008e-08,0.9999999999971828,0.1874121846791398
1,0,1,8,trace,decoder,1.0000000992526152,5.8987436357867745e-08,0.9999999056567208,0.5937632193449102
1,0,1,8,trace,decay,1.0000000077231124,1.6236384457106448e-07,1.0000001448264726,6.138067461919694e-05
1,0,1,8,trace,phase,1.0000000368410726,1.4697832598672922e-07,0.9999999306951507,0.004300179354978479
1,0,1,8,trace,write,0.8985001015837675,0.4544815579294998,1.0162108331099742,0.0014512743846136183
1,0,1,8,trace,phase_controller,0.9999999811853126,2.191695263168663e-07,0.999999999994146,0.043407400910129894
1,0,1,8,trace,other,1.0000000011189238,8.288688527034144e-08,0.9999999999970386,0.16960505988938074
1,0,1,8,trace,predictor,0.0,0.0,0.0,0.0
1,0,1,8,instant,embedding,0.8362057685782476,0.5508546171425786,0.8879832869097861,0.1874121846791398
1,0,1,8,instant,decoder,1.0000000992526152,5.8987436357867745e-08,0.9999999056567208,0.5937632193449102
1,0,1,8,instant,decay,-0.5478621301210184,3.144943435450997,2.483774395215396,6.138067461919694e-05
1,0,1,8,instant,phase,0.7243573151855734,0.6896101387273477,0.7083686981771653,0.004300179354978479
1,0,1,8,instant,write,0.8188305251481555,0.5993151166703785,0.9910572785157103,0.0014512743846136183
1,0,1,8,instant,phase_controller,0.686200554129844,0.7284132385176392,0.7243716742232766,0.043407400910129894
1,0,1,8,instant,other,1.0000000011189238,8.288688527034144e-08,0.9999999999970386,0.16960505988938074
1,0,1,8,instant,predictor,0.0,0.0,0.0,0.0
1,0,1,16,trace,embedding,0.9999999895438604,1.0860797698087176e-07,0.999999999995538,0.16127234561397946
1,0,1,16,trace,decoder,1.0000000284291086,8.938845247854158e-08,0.9999999999975996,0.5572211274689385
1,0,1,16,trace,decay,0.9999999944124788,2.737516756309515e-07,0.9999997283251837,0.0006040525786046634
1,0,1,16,trace,phase,1.0000000249475396,1.85380659181691e-07,1.0000001305395405,0.01045681977033109
1,0,1,16,trace,write,0.8771065624800837,0.48292983699279207,0.9274771216569146,0.0012684557564861339
1,0,1,16,trace,phase_controller,0.9999998271836468,3.355694526357951e-07,1.000000332039621,0.10346321084799803
1,0,1,16,trace,other,0.9999999621761971,9.952836540756707e-08,0.9999999999955982,0.16571489187174226
1,0,1,16,trace,predictor,0.0,0.0,0.0,0.0
1,0,1,16,instant,embedding,0.8236259966609423,0.5686042489014073,0.8645026647781545,0.16127234561397946
1,0,1,16,instant,decoder,1.0000000284291086,8.938845247854158e-08,0.9999999999975996,0.5572211274689385
1,0,1,16,instant,decay,0.9969119844098344,0.453088476936856,1.4431437050758007,0.0006040525786046634
1,0,1,16,instant,phase,0.8422867581703426,0.7438098979357319,0.32974386270250283,0.01045681977033109
1,0,1,16,instant,write,0.6758023632571829,0.9872574832608775,1.3326023361000612,0.0012684557564861339
1,0,1,16,instant,phase_controller,0.7753225495215766,0.7614287672124052,0.35000041090397493,0.10346321084799803
1,0,1,16,instant,other,0.9999999621761971,9.952836540756707e-08,0.9999999999955982,0.16571489187174226
1,0,1,16,instant,predictor,0.0,0.0,0.0,0.0
1,0,1,32,trace,embedding,0.9999999648889956,1.2372942648589875e-07,0.9999999999954121,0.1818260791715264
1,0,1,32,trace,decoder,1.0000000131090783,9.166411055986228e-08,0.9999999240897237,0.5899251946108262
1,0,1,32,trace,decay,1.0000000258274302,4.211524508840774e-08,0.9999999999200074,0.0005980947363583341
1,0,1,32,trace,phase,1.0000000381938636,4.113412631921027e-07,0.9999999388598675,0.0035558417265970513
1,0,1,32,trace,write,0.856382105447732,0.5167345082579085,0.8764982903735343,0.0015362608636977273
1,0,1,32,trace,phase_controller,0.9999999530973801,2.0226217525005203e-07,0.9999999999907057,0.04430290969389838
1,0,1,32,trace,other,1.0000000783564336,1.5165824187008256e-07,1.0000000690400994,0.17825751366224557
1,0,1,32,trace,predictor,0.0,0.0,0.0,0.0
1,0,1,32,instant,embedding,0.8211971333135909,0.5713439467698471,0.8494433611776705,0.1818260791715264
1,0,1,32,instant,decoder,1.0000000131090783,9.166411055986228e-08,0.9999999240897237,0.5899251946108262
1,0,1,32,instant,decay,0.8446484425239261,0.5440177133964009,0.9415301822352631,0.0005980947363583341
1,0,1,32,instant,phase,0.23569035285967443,1.0852036554046305,0.7186157357239047,0.0035558417265970513
1,0,1,32,instant,write,0.7274426299515979,0.7101222561860935,0.910325232517871,0.0015362608636977273
1,0,1,32,instant,phase_controller,0.12904915285112867,1.1213111062271564,0.6524919337929536,0.04430290969389838
1,0,1,32,instant,other,1.0000000783564336,1.5165824187008256e-07,1.0000000690400994,0.17825751366224557
1,0,1,32,instant,predictor,0.0,0.0,0.0,0.0
1,0,1,64,trace,embedding,1.0000000455589164,1.1527051882734813e-07,1.0000000672128,0.19757090340161654
1,0,1,64,trace,decoder,1.0000000293717861,1.4418735164879804e-07,0.9999999214791302,0.5791675016526563
1,0,1,64,trace,decay,0.9999999876911517,1.1906301137105489e-07,0.9999998961839143,0.001295514186145342
1,0,1,64,trace,phase,1.0000000771125717,2.0625469342533996e-07,1.0000000675518868,0.00305326055916407
1,0,1,64,trace,write,0.8546636883792254,0.519543612442396,0.8352805692155502,0.0014693563760215039
1,0,1,64,trace,phase_controller,0.9999999482025403,2.405609051206507e-07,0.9999999999901631,0.04154602105519017
1,0,1,64,trace,other,0.9999999552699333,1.613274464622825e-07,1.0000000712332646,0.1758981472857791
1,0,1,64,trace,predictor,0.0,0.0,0.0,0.0
1,0,1,64,instant,embedding,0.8023521360163275,0.5973709965342695,0.8272644839824161,0.19757090340161654
1,0,1,64,instant,decoder,1.0000000293717861,1.4418735164879804e-07,0.9999999214791302,0.5791675016526563
1,0,1,64,instant,decay,0.8499488374224073,0.5548409404946799,0.6759904706090507,0.001295514186145342
1,0,1,64,instant,phase,-0.5609303334217856,1.6574577330000984,0.8749698556431701,0.00305326055916407
1,0,1,64,instant,write,0.7313218003157446,0.7356437365071593,1.0070085683569852,0.0014693563760215039
1,0,1,64,instant,phase_controller,-0.5749348163522418,1.56725630857762,0.7617935103498519,0.04154602105519017
1,0,1,64,instant,other,0.9999999552699333,1.613274464622825e-07,1.0000000712332646,0.1758981472857791
1,0,1,64,instant,predictor,0.0,0.0,0.0,0.0
1,0,1,128,trace,embedding,0.9999998581067223,1.7541998616704019e-07,0.9999999999953528,0.19020791294609332
1,0,1,128,trace,decoder,0.999999989794613,2.220998510224789e-07,0.9999999198346249,0.5677621318928839
1,0,1,128,trace,decay,0.9999999629068412,1.006108504434189e-07,1.0000000975010928,0.0014975645821226496
1,0,1,128,trace,phase,0.9999998801347543,3.745293664016286e-07,1.000000213979529,0.00497885997881417
1,0,1,128,trace,write,0.8711640410911309,0.4921279102308258,0.8377461725508165,0.0013714812089565724
1,0,1,128,trace,phase_controller,1.000000035045677,2.1416833035256579e-07,0.9999998784045745,0.06169852206950934
1,0,1,128,trace,other,1.0000000774696045,2.5717594587490715e-07,0.999999927275722,0.17248462842432688
1,0,1,128,trace,predictor,0.0,0.0,0.0,0.0
1,0,1,128,instant,embedding,0.7988668733212776,0.6016167200511018,0.8103330588972487,0.19020791294609332
1,0,1,128,instant,decoder,0.999999989794613,2.220998510224789e-07,0.9999999198346249,0.5677621318928839
1,0,1,128,instant,decay,0.8757459257725383,0.5664079613477472,0.5795215860641432,0.0014975645821226496
1,0,1,128,instant,phase,-0.1504315524103718,1.3345478657964691,0.7460323939797487,0.00497885997881417
1,0,1,128,instant,write,0.7370156338896835,0.7102172687613413,0.9551911641976201,0.0013714812089565724
1,0,1,128,instant,phase_controller,-0.20682785036967363,1.3172098081178594,0.6751126855526173,0.06169852206950934
1,0,1,128,instant,other,1.0000000774696045,2.5717594587490715e-07,0.999999927275722,0.17248462842432688
1,0,1,128,instant,predictor,0.0,0.0,0.0,0.0
1,1,1,2,trace,embedding,0.9999143617571421,0.015584873925204547,0.9914543271669658,0.25489809338071795
1,1,1,2,trace,decoder,0.9999999459945887,0.0,0.9999999999990421,0.4269823490835485
1,1,1,2,trace,decay,0.9999998611934253,0.012585566106659625,0.9874242032642504,0.002230950756533502
1,1,1,2,trace,phase,0.9999999974791772,0.0,0.9999999999807624,0.0010584833747543242
1,1,1,2,trace,write,0.9477597894119518,0.32703785927590096,1.0198859550402775,0.002738574695987938
1,1,1,2,trace,phase_controller,1.0000000204767416,0.0,0.9999999999938904,0.010494881213619913
1,1,1,2,trace,other,0.999897041332057,0.01596030497997891,0.9928933362567995,0.30159670904577734
1,1,1,2,trace,predictor,0.0,0.0,0.0,0.0
1,1,1,2,instant,embedding,0.9756453114211645,0.23500367531955904,0.8913205555736622,0.25489809338071795
1,1,1,2,instant,decoder,0.9999999459945887,0.0,0.9999999999990421,0.4269823490835485
1,1,1,2,instant,decay,0.9937174648862112,0.27937411472009677,0.7377400075191752,0.002230950756533502
1,1,1,2,instant,phase,0.9999999974791772,0.0,0.9999999999807624,0.0010584833747543242
1,1,1,2,instant,write,0.9921888760150406,0.24961587443636457,0.7759785433156627,0.002738574695987938
1,1,1,2,instant,phase_controller,1.0000000204767416,0.0,0.9999999999938904,0.010494881213619913
1,1,1,2,instant,other,0.999897041332057,0.01596030497997891,0.9928933362567995,0.30159670904577734
1,1,1,2,instant,predictor,0.0,0.0,0.0,0.0
1,1,1,4,trace,embedding,0.9997960035871962,0.02289389847299443,0.9890203221370917,0.15073116408141468
1,1,1,4,trace,decoder,0.999999962504441,4.220279375990547e-08,0.999999999998792,0.5663198648408895
1,1,1,4,trace,decay,0.9999955246327189,0.011091264630117711,0.9893059774309597,0.003495889691228725
1,1,1,4,trace,phase,0.9999836975335141,0.007229720384151803,1.0044124170766289,0.0003982196181680141
1,1,1,4,trace,write,0.9602636413963241,0.3081133657514782,1.0908003252013652,0.00527293492328775
1,1,1,4,trace,phase_controller,0.999982517841829,0.007144721562902861,1.0039918181368435,0.004145129698968547
1,1,1,4,trace,other,0.9998149678562823,0.02081065106815411,0.9918956938420797,0.2696387158502644
1,1,1,4,trace,predictor,0.0,0.0,0.0,0.0
1,1,1,4,instant,embedding,0.9064836832203318,0.42760977584133464,0.97403253496129,0.15073116408141468
1,1,1,4,instant,decoder,0.999999962504441,4.220279375990547e-08,0.999999999998792,0.5663198648408895
1,1,1,4,instant,decay,0.9829568753071631,0.42407243413319573,0.6008026216284377,0.003495889691228725
1,1,1,4,instant,phase,0.40881631081475506,1.4013847642027473,1.4723059026280823,0.0003982196181680141
1,1,1,4,instant,write,0.9549514141352727,0.38692884950783685,0.7066650796363712,0.00527293492328775
1,1,1,4,instant,phase_controller,0.41281639772306084,1.3710391920135843,1.4375922546194442,0.004145129698968547
1,1,1,4,instant,other,0.9998149678562823,0.02081065106815411,0.9918956938420797,0.2696387158502644
1,1,1,4,instant,predictor,0.0,0.0,0.0,0.0
1,1,1,8,trace,embedding,0.9994683176396075,0.03506408662397143,0.9865804666390158,0.12490346822922455
1,1,1,8,trace,decoder,1.0000000818137351,6.456486873746362e-08,0.999999999998286,0.39367515767773886
1,1,1,8,trace,decay,0.9999163146957882,0.026147310198629578,0.9771929399934288,0.0027384617291527657
1,1,1,8,trace,phase,0.9997334165534432,0.02309530110053668,1.00033949350165,0.021371068097131688
1,1,1,8,trace,write,0.9905929635739328,0.1466075940582681,0.9379795909873776,0.00449317809990272
1,1,1,8,trace,phase_controller,0.9997355917681171,0.022998865763666287,1.0003370607790165,0.21277120929411852
1,1,1,8,trace,other,0.9996391742471504,0.03097699243895399,0.9842075953323441,0.2400483544385725
1,1,1,8,trace,predictor,0.0,0.0,0.0,0.0
1,1,1,8,instant,embedding,0.8820752628211606,0.4750947024043323,0.8206594757110549,0.12490346822922455
1,1,1,8,instant,decoder,1.0000000818137351,6.456486873746362e-08,0.999999999998286,0.39367515767773886
1,1,1,8,instant,decay,0.9808904388087187,0.40295799083049344,0.6280147355468944,0.0027384617291527657
1,1,1,8,instant,phase,0.9152576669848174,0.6545382784090212,0.39939232634755706,0.021371068097131688
1,1,1,8,instant,write,0.8687708951896479,0.5126966925187314,0.7360274462743577,0.00449317809990272
1,1,1,8,instant,phase_controller,0.9155963540922508,0.6548806102348236,0.39869666356981776,0.21277120929411852
1,1,1,8,instant,other,0.9996391742471504,0.03097699243895399,0.9842075953323441,0.2400483544385725
1,1,1,8,instant,predictor,0.0,0.0,0.0,0.0
1,1,1,16,trace,embedding,0.9994404994972066,0.0349219258146618,0.9894201635515262,0.04517398906453263
1,1,1,16,trace,decoder,1.0000000556701463,8.301660412477019e-08,0.9999999999975734,0.1260097925129857
1,1,1,16,trace,decay,0.9999989345100877,0.022210923430082814,0.9778363665015827,0.0007541176783603364
1,1,1,16,trace,phase,0.9999796526903953,0.017927340488370212,0.9832238267552665,0.07163760793380444
1,1,1,16,trace,write,0.9843560357597144,0.17638730594402663,0.9926743214672912,0.001165485458575465
1,1,1,16,trace,phase_controller,0.9999778814260994,0.018035552249721656,0.9832165839832991,0.7070898147631356
1,1,1,16,trace,other,0.9989354094317063,0.0463484590521422,0.9944599831618757,0.04816967343118625
1,1,1,16,trace,predictor,0.0,0.0,0.0,0.0
1,1,1,16,instant,embedding,0.7106403124076328,0.7039549977656363,0.6869285415313962,0.04517398906453263
1,1,1,16,instant,decoder,1.0000000556701463,8.301660412477019e-08,0.9999999999975734,0.1260097925129857
1,1,1,16,instant,decay,0.4476837975912577,0.9386268449291242,0.16230501051365728,0.0007541176783603364
1,1,1,16,instant,phase,0.9968467746887201,0.8611075462538533,0.1394030711904308,0.07163760793380444
1,1,1,16,instant,write,0.8734006782091522,0.6573544651600038,0.4318767357077426,0.001165485458575465
1,1,1,16,instant,phase_controller,0.9511191645027496,0.8623414413490242,0.1459729503875034,0.7070898147631356
1,1,1,16,instant,other,0.9989354094317063,0.0463484590521422,0.9944599831618757,0.04816967343118625
1,1,1,16,instant,predictor,0.0,0.0,0.0,0.0
1,1,1,32,trace,embedding,0.9982085127592,0.06272841931819531,0.9793533672939171,0.06217033012204366
1,1,1,32,trace,decoder,1.0000000679478558,9.568041790422816e-08,0.9999999999974287,0.1852614129741075
1,1,1,32,trace,decay,0.9999949716840029,0.0032257944887570463,0.9994640435073101,0.0016654119650535211
1,1,1,32,trace,phase,0.9997985158885309,0.06137097336953988,0.9418029837770681,0.062040967149453355
1,1,1,32,trace,write,0.9890863400533426,0.1475044257344328,0.9961189788878259,0.001117309270014756
1,1,1,32,trace,phase_controller,0.9997877457414455,0.06138728601050182,0.9419615305825892,0.6135366012775544
1,1,1,32,trace,other,0.9954503575323231,0.09614644460042099,0.9825799609031413,0.07420791941275283
1,1,1,32,trace,predictor,0.0,0.0,0.0,0.0
1,1,1,32,instant,embedding,0.7277914760460531,0.6879649905612145,0.6732370870134288,0.06217033012204366
1,1,1,32,instant,decoder,1.0000000679478558,9.568041790422816e-08,0.9999999999974287,0.1852614129741075
1,1,1,32,instant,decay,-0.7426544293539209,1.015874111123254,0.0212406341475593,0.0016654119650535211
1,1,1,32,instant,phase,0.985633415541356,0.8219089414747688,0.18126554535438844,0.062040967149453355
1,1,1,32,instant,write,0.794660695597607,0.7286478005507195,0.39165534212651537,0.001117309270014756
1,1,1,32,instant,phase_controller,0.9615660290766919,0.8215336393465476,0.18727494855940618,0.6135366012775544
1,1,1,32,instant,other,0.9954503575323231,0.09614644460042099,0.9825799609031413,0.07420791941275283
1,1,1,32,instant,predictor,0.0,0.0,0.0,0.0
1,1,1,64,trace,embedding,0.9943759389767288,0.1104630413114833,0.9629814136499464,0.07811259742279478
1,1,1,64,trace,decoder,0.9999999768178337,1.6881558974552345e-07,0.999999999997393,0.255820450458548
1,1,1,64,trace,decay,0.9990904057505396,0.04704973647271994,0.9792043660219769,0.002004957996882429
1,1,1,64,trace,phase,0.9987724719475329,0.0742134541366183,0.9435069528713617,0.05062690988036901
1,1,1,64,trace,write,0.9735515377640483,0.2352879385869283,1.0297943392291076,0.001157380648296474
1,1,1,64,trace,phase_controller,0.9986907680300249,0.07435821963425678,0.9447251759530858,0.5035376336161288
1,1,1,64,trace,other,0.9890492748258954,0.14762172869507806,0.9923691463331208,0.10873923293438983
1,1,1,64,trace,predictor,0.0,0.0,0.0,0.0
1,1,1,64,instant,embedding,0.772285424499324,0.6411201610082393,0.6859125970556424,0.07811259742279478
1,1,1,64,instant,decoder,0.9999999768178337,1.6881558974552345e-07,0.999999999997393,0.255820450458548
1,1,1,64,instant,decay,-0.6666109524509098,1.033999190133298,0.049995190841563744,0.002004957996882429
1,1,1,64,instant,phase,0.9900368888440054,0.7864322514169106,0.21631296019199592,0.05062690988036901
1,1,1,64,instant,write,0.7050166595076734,0.772388566114778,0.3990219441176573,0.001157380648296474
1,1,1,64,instant,phase_controller,0.9759740547206264,0.7840121857262228,0.22284700720281078,0.5035376336161288
1,1,1,64,instant,other,0.9890492748258954,0.14762172869507806,0.9923691463331208,0.10873923293438983
1,1,1,64,instant,predictor,0.0,0.0,0.0,0.0
1,1,1,128,trace,embedding,0.9937247631295417,0.11566958744326199,0.9642536545289055,0.10558058898958536
1,1,1,128,trace,decoder,0.99999990431786,2.1790136065473645e-07,0.9999999222775494,0.3270030736624609
1,1,1,128,trace,decay,0.9997686557355094,0.03992726725558501,0.9661297132282493,0.003334997051775509
1,1,1,128,trace,phase,0.9944787250722913,0.1052883249296484,0.9858988546578923,0.0386858923440139
1,1,1,128,trace,write,0.9628775749587191,0.2779425581269907,1.0290980540403276,0.0011226380665856222
1,1,1,128,trace,phase_controller,0.9944238876315735,0.10568423445088791,0.9875098632949929,0.38617012361901243
1,1,1,128,trace,other,0.9844896720591,0.17588876507589818,0.9970065199236811,0.13810263635242007
1,1,1,128,trace,predictor,0.0,0.0,0.0,0.0
1,1,1,128,instant,embedding,0.7543523830928787,0.6635039751033851,0.6579928533540216,0.10558058898958536
1,1,1,128,instant,decoder,0.99999990431786,2.1790136065473645e-07,0.9999999222775494,0.3270030736624609
1,1,1,128,instant,decay,-0.9764591567040156,1.0674551513226491,0.06897518419266221,0.003334997051775509
1,1,1,128,instant,phase,0.9857443898288629,0.6919459390702949,0.3145653801046635,0.0386858923440139
1,1,1,128,instant,write,0.6064157888759036,0.8227410522273967,0.39512684629506933,0.0011226380665856222
1,1,1,128,instant,phase_controller,0.9766058305745976,0.6889733395404408,0.3220500954299592,0.38617012361901243
1,1,1,128,instant,other,0.9844896720591,0.17588876507589818,0.9970065199236811,0.13810263635242007
1,1,1,128,instant,predictor,0.0,0.0,0.0,0.0
2,0,1,2,trace,embedding,0.9953365186503587,0.09781910149942376,1.0115631130118239,0.3214676096141995
2,0,1,2,trace,decoder,0.9999999873237108,0.0,0.9999999999992142,0.468091100089924
2,0,1,2,trace,decay,0.999796732813462,0.020168478031609323,1.0002169781183072,0.0003552274603902924
2,0,1,2,trace,phase,1.0000000292864948,0.0,0.9999999998402581,1.1325818016272564e-05
2,0,1,2,trace,write,0.9984441068867589,0.05879439179947699,1.0170863053005335,0.0006768247639425224
2,0,1,2,trace,phase_controller,0.9999999110936858,0.0,0.9999999999524772,0.0001279685447774228
2,0,1,2,trace,other,0.9984816008886127,0.055589380802346676,1.0059343936495218,0.2092748120226052
2,0,1,2,trace,predictor,0.0,0.0,0.0,0.0
2,0,1,2,instant,embedding,0.9969524139285821,0.07801121910521205,0.9971126409125202,0.3214676096141995
2,0,1,2,instant,decoder,0.9999999873237108,0.0,0.9999999999992142,0.468091100089924
2,0,1,2,instant,decay,0.9993314538085369,0.0567795390441399,0.9558877689294738,0.0003552274603902924
2,0,1,2,instant,phase,1.0000000292864948,0.0,0.9999999998402581,1.1325818016272564e-05
2,0,1,2,instant,write,0.9984819796802649,0.055804967712851164,0.9895234672742491,0.0006768247639425224
2,0,1,2,instant,phase_controller,0.9999999110936858,0.0,0.9999999999524772,0.0001279685447774228
2,0,1,2,instant,other,0.9984816008886127,0.055589380802346676,1.0059343936495218,0.2092748120226052
2,0,1,2,instant,predictor,0.0,0.0,0.0,0.0
2,0,1,4,trace,embedding,0.9794781456586737,0.22758989260420545,0.8737684432345256,0.1906097464299552
2,0,1,4,trace,decoder,0.9999999491028505,3.298928117950408e-08,0.9999999999989343,0.2728527829180778
2,0,1,4,trace,decay,0.9979332364245088,0.06584946004898021,1.012312680300499,0.00010875687232523489
2,0,1,4,trace,phase,0.9999772023485856,0.018195138034738767,0.9830795398076384,0.034593988964470926
2,0,1,4,trace,write,0.7349215057884791,0.678619973060989,0.7601169887443817,0.0005331015771205137
2,0,1,4,trace,phase_controller,0.999976341627871,0.018175072013550533,0.9831528942054838,0.342810018536523
2,0,1,4,trace,other,0.979423330632876,0.21181498020713613,0.9151109965716315,0.158492723567366
2,0,1,4,trace,predictor,0.0,0.0,0.0,0.0
2,0,1,4,instant,embedding,0.8654161988325326,0.5042060693129534,0.8091208428559961,0.1906097464299552
2,0,1,4,instant,decoder,0.9999999491028505,3.298928117950408e-08,0.9999999999989343,0.2728527829180778
2,0,1,4,instant,decay,0.984625930300101,0.2992102780375043,1.2275557968631423,0.00010875687232523489
2,0,1,4,instant,phase,0.9958045549959231,0.39084679726943483,0.6158207685361805,0.034593988964470926
2,0,1,4,instant,write,0.6134991021949489,0.790067829355632,0.5892405781140643,0.0005331015771205137
2,0,1,4,instant,phase_controller,0.9957256155162979,0.39079828459529886,0.6159984031989997,0.342810018536523
2,0,1,4,instant,other,0.979423330632876,0.21181498020713613,0.9151109965716315,0.158492723567366
2,0,1,4,instant,predictor,0.0,0.0,0.0,0.0
2,0,1,8,trace,embedding,0.9586888012374358,0.29268052725831206,0.8897984969975316,0.2232941545048769
2,0,1,8,trace,decoder,1.0000000247506382,5.623055295515097e-08,0.9999999074364428,0.4802529836188973
2,0,1,8,trace,decay,0.9936202180216409,0.17863857397224886,0.8550818002942798,0.00022144761170993577
2,0,1,8,trace,phase,0.9065565341374361,0.5495240037675875,1.2584388817945786,0.011333270288846899
2,0,1,8,trace,write,0.7632700431536,0.7072121445243243,1.0508981741592298,0.0005326728112313944
2,0,1,8,trace,phase_controller,0.9078850703979222,0.5401165775476658,1.248445155570896,0.11601150436462312
2,0,1,8,trace,other,0.9410950066689237,0.34390948342921684,1.0038111285458826,0.16835441952279978
2,0,1,8,trace,predictor,0.0,0.0,0.0,0.0
2,0,1,8,instant,embedding,0.8871530096514619,0.47020283060157164,0.7969814561239525,0.2232941545048769
2,0,1,8,instant,decoder,1.0000000247506382,5.623055295515097e-08,0.9999999074364428,0.4802529836188973
2,0,1,8,instant,decay,0.13135167839213824,1.0778365395719696,0.5544178482606104,0.00022144761170993577
2,0,1,8,instant,phase,0.5220532177473335,0.8718705646882005,0.7028791000543844,0.011333270288846899
2,0,1,8,instant,write,0.7378446218924237,0.6930993556446678,0.580360502976551,0.0005326728112313944
2,0,1,8,instant,phase_controller,0.539327914675859,0.8600591051782894,0.7141888593566413,0.11601150436462312
2,0,1,8,instant,other,0.9410950066689237,0.34390948342921684,1.0038111285458826,0.16835441952279978
2,0,1,8,instant,predictor,0.0,0.0,0.0,0.0
2,0,1,16,trace,embedding,0.9650734969363853,0.2663776086219631,0.9168654827133388,0.16327122685797962
2,0,1,16,trace,decoder,1.0000001227419268,8.807605536099049e-08,1.0000000643617384,0.5693942700516362
2,0,1,16,trace,decay,0.9817891229150982,0.19917729103702053,0.921944266998831,0.000669396192954428
2,0,1,16,trace,phase,0.976797857240986,0.27356097935159324,0.8065937408105058,0.004627289089758989
2,0,1,16,trace,write,0.7460522516680552,0.7900053637411985,1.1711431962271086,0.0007499387675993776
2,0,1,16,trace,phase_controller,0.9653401379574876,0.2855871045823941,0.8494021978507122,0.048440527006033726
2,0,1,16,trace,other,0.9367877133743547,0.3508530657095805,0.9109241446913977,0.2128469108284374
2,0,1,16,trace,predictor,0.0,0.0,0.0,0.0
2,0,1,16,instant,embedding,0.891941269100111,0.45489452882966785,0.8420626690914126,0.16327122685797962
2,0,1,16,instant,decoder,1.0000001227419268,8.807605536099049e-08,1.0000000643617384,0.5693942700516362
2,0,1,16,instant,decay,0.5516221504736407,0.8474847527980933,0.4015641298632942,0.000669396192954428
2,0,1,16,instant,phase,0.6208481173556624,0.7873190687237707,0.6938100143986187,0.004627289089758989
2,0,1,16,instant,write,0.5431741613041133,0.839622898703461,0.5410394642141476,0.0007499387675993776
2,0,1,16,instant,phase_controller,0.5909825269231072,0.8161526016505529,0.7149401601993473,0.048440527006033726
2,0,1,16,instant,other,0.9367877133743547,0.3508530657095805,0.9109241446913977,0.2128469108284374
2,0,1,16,instant,predictor,0.0,0.0,0.0,0.0
2,0,1,32,trace,embedding,0.9378166323585458,0.3471450679379849,0.93460450857504,0.07873541720877582
2,0,1,32,trace,decoder,1.00000002606716,1.1194572017266247e-07,0.9999999999977554,0.42655227531043804
2,0,1,32,trace,decay,0.9972255528386623,0.07510469209460292,0.9872496475084244,0.0002940769437451168
2,0,1,32,trace,phase,0.9002574756377432,0.43898541579681755,0.8439385618365515,0.030230526394467716
2,0,1,32,trace,write,0.3103189612317769,1.3392632532406852,1.2536768285064157,0.00023395439501578612
2,0,1,32,trace,phase_controller,0.8988711075288784,0.4404956391412043,0.8540885378926817,0.3024219270876056
2,0,1,32,trace,other,0.9220669493005349,0.38762982966658394,0.9005182207204132,0.1615316069989726
2,0,1,32,trace,predictor,0.0,0.0,0.0,0.0
2,0,1,32,instant,embedding,0.8741465402150405,0.4867983069171532,0.8409075798527218,0.07873541720877582
2,0,1,32,instant,decoder,1.00000002606716,1.1194572017266247e-07,0.9999999999977554,0.42655227531043804
2,0,1,32,instant,decay,0.5738620880006192,0.8308825325950541,0.4335636137875672,0.0002940769437451168
2,0,1,32,instant,phase,0.5851550556967446,0.9010070619779834,0.19244619016100015,0.030230526394467716
2,0,1,32,instant,write,-0.09551476290152418,1.2557829997083416,0.6700660718519499,0.00023395439501578612
2,0,1,32,instant,phase_controller,0.4963455925267374,0.9052719983571457,0.2396822352575776,0.3024219270876056
2,0,1,32,instant,other,0.9220669493005349,0.38762982966658394,0.9005182207204132,0.1615316069989726
2,0,1,32,instant,predictor,0.0,0.0,0.0,0.0
2,0,1,64,trace,embedding,0.9183774008197779,0.3958211815913557,0.9279263179593609,0.05045667472324011
2,0,1,64,trace,decoder,0.999999935021957,1.6754174023519295e-07,0.9999999323774883,0.33673768604932225
2,0,1,64,trace,decay,0.9571978743039307,0.3147852082239995,0.8334334876013728,0.00029464682707697665
2,0,1,64,trace,phase,0.9135691412281989,0.4117564822705646,0.8491332126003143,0.0427044393238033
2,0,1,64,trace,write,0.06747127134545725,1.552987872875359,1.2575649832552867,0.00012831808716220374
2,0,1,64,trace,phase_controller,0.9139136369217825,0.4105691213210707,0.852228562239603,0.42655024099411143
2,0,1,64,trace,other,0.903161485848425,0.42931565221868684,0.899554099977588,0.14312822564305486
2,0,1,64,trace,predictor,0.0,0.0,0.0,0.0
2,0,1,64,instant,embedding,0.8496217505227378,0.5274048041637084,0.846066085544336,0.05045667472324011
2,0,1,64,instant,decoder,0.999999935021957,1.6754174023519295e-07,0.9999999323774883,0.33673768604932225
2,0,1,64,instant,decay,0.5952877504923144,0.8335040671163347,0.37371017362265874,0.00029464682707697665
2,0,1,64,instant,phase,0.708526045356125,0.878720116445845,0.18492488988092531,0.0427044393238033
2,0,1,64,instant,write,-0.3420832563787553,1.5114726256784248,0.8417961888242858,0.00012831808716220374
2,0,1,64,instant,phase_controller,0.6342849454056787,0.8785425587683074,0.21696685460775486,0.42655024099411143
2,0,1,64,instant,other,0.903161485848425,0.42931565221868684,0.899554099977588,0.14312822564305486
2,0,1,64,instant,predictor,0.0,0.0,0.0,0.0
2,0,1,128,trace,embedding,0.905180839274324,0.427966449681706,0.9552555311101375,0.046800630327679414
2,0,1,128,trace,decoder,0.9999999974033522,2.3048146899602582e-07,0.9999999322327014,0.3518456161438243
2,0,1,128,trace,decay,0.9527370563566216,0.30892212762495214,0.8966942199279719,0.0004124752649104275
2,0,1,128,trace,phase,0.9235629725852196,0.38774014137133367,0.8660230488961244,0.03987671304939569
2,0,1,128,trace,write,0.14081450452151062,1.5143507917811214,1.2867145463343412,0.000153010764396986
2,0,1,128,trace,phase_controller,0.9234985821068248,0.387114662867942,0.8714654935269839,0.3998205680324492
2,0,1,128,trace,other,0.9077948897736129,0.41942193682329315,0.9052992462666886,0.16109104657446516
2,0,1,128,trace,predictor,0.0,0.0,0.0,0.0
2,0,1,128,instant,embedding,0.8430192939028243,0.5386469747491782,0.8716865978913347,0.046800630327679414
2,0,1,128,instant,decoder,0.9999999974033522,2.3048146899602582e-07,0.9999999322327014,0.3518456161438243
2,0,1,128,instant,decay,0.6820800172651542,0.7770767535780653,0.4192465021633445,0.0004124752649104275
2,0,1,128,instant,phase,0.7256763605570696,0.87702052290902,0.1818279649638612,0.03987671304939569
2,0,1,128,instant,write,-0.29040677918363045,1.5842132706071255,0.9721573076575861,0.000153010764396986
2,0,1,128,instant,phase_controller,0.6238391729771232,0.8770554815269489,0.2258420628617892,0.3998205680324492
2,0,1,128,instant,other,0.9077948897736129,0.41942193682329315,0.9052992462666886,0.16109104657446516
2,0,1,128,instant,predictor,0.0,0.0,0.0,0.0
2,1,1,2,trace,embedding,0.9428566191862692,0.3340496829117462,0.9666872810412052,0.10740677953647128
2,1,1,2,trace,decoder,0.999999965351128,0.0,0.9999999999991337,0.5168298252865875
2,1,1,2,trace,decay,0.9995569473429508,0.043088352112338746,1.0307171022262611,0.0018769914628547842
2,1,1,2,trace,phase,0.9999999423704062,0.0,0.9999999999731081,0.000536319320968832
2,1,1,2,trace,write,0.9749506174270746,0.22649415269507686,1.0177118490794883,0.003199033434556285
2,1,1,2,trace,phase_controller,1.00000005068134,0.0,0.9999999999916729,0.00559344202006302
2,1,1,2,trace,other,0.9835207782846231,0.18668526465534524,1.0300440353772504,0.36455852163815583
2,1,1,2,trace,predictor,0.0,0.0,0.0,0.0
2,1,1,2,instant,embedding,0.9425171627799721,0.3356181311362451,0.9112402152486029,0.10740677953647128
2,1,1,2,instant,decoder,0.999999965351128,0.0,0.9999999999991337,0.5168298252865875
2,1,1,2,instant,decay,0.9804491461468506,0.24310716707759933,1.1232139167734456,0.0018769914628547842
2,1,1,2,instant,phase,0.9999999423704062,0.0,0.9999999999731081,0.000536319320968832
2,1,1,2,instant,write,0.9774520332056621,0.23032399611640822,1.0694401157865607,0.003199033434556285
2,1,1,2,instant,phase_controller,1.00000005068134,0.0,0.9999999999916729,0.00559344202006302
2,1,1,2,instant,other,0.9835207782846231,0.18668526465534524,1.0300440353772504,0.36455852163815583
2,1,1,2,instant,predictor,0.0,0.0,0.0,0.0
2,1,1,4,trace,embedding,0.9601416571243003,0.3354909524662546,1.1456856491940408,0.10844154443491541
2,1,1,4,trace,decoder,0.9999999373824449,2.7469280760979842e-08,0.9999999999988423,0.5552175092358815
2,1,1,4,trace,decay,0.9988021467418288,0.04999155255763866,0.9885651356261473,0.001157495054392442
2,1,1,4,trace,phase,0.9928391589739037,0.2678056873972574,1.2325246860178398,0.0030967726574380365
2,1,1,4,trace,write,0.9631470741873159,0.27649263776463384,0.8991129384512838,0.0025655298885191844
2,1,1,4,trace,phase_controller,0.9926822919015145,0.27001595152483604,1.2341919239990977,0.03400596144271252
2,1,1,4,trace,other,0.9489097629293718,0.3156095941829117,0.955194326888481,0.2955159798309186
2,1,1,4,trace,predictor,0.0,0.0,0.0,0.0
2,1,1,4,instant,embedding,0.8534012638320149,0.5517062665867913,1.0341603098406063,0.10844154443491541
2,1,1,4,instant,decoder,0.9999999373824449,2.7469280760979842e-08,0.9999999999988423,0.5552175092358815
2,1,1,4,instant,decay,0.7427160790336281,0.9359555966173543,1.3966579211563117,0.001157495054392442
2,1,1,4,instant,phase,0.8986444841600355,0.6001236250902762,0.4891201711432418,0.0030967726574380365
2,1,1,4,instant,write,0.7019832200932694,0.7718024798607294,0.9994045774649026,0.0025655298885191844
2,1,1,4,instant,phase_controller,0.9014684888790389,0.5824859535289918,0.5116799162649909,0.03400596144271252
2,1,1,4,instant,other,0.9489097629293718,0.3156095941829117,0.955194326888481,0.2955159798309186
2,1,1,4,instant,predictor,0.0,0.0,0.0,0.0
2,1,1,8,trace,embedding,0.7616263179165496,0.7282767454487061,1.0939841111898505,0.06589043624640904
2,1,1,8,trace,decoder,1.0000000893878374,5.3880478208425894e-08,0.9999999999984961,0.3570693652313412
2,1,1,8,trace,decay,0.9946076499908868,0.2870887067932064,0.7269053877297292,0.003040721182503899
2,1,1,8,trace,phase,0.9319167548660129,0.3766516064894575,0.8302531663479016,0.018207919045220167
2,1,1,8,trace,write,0.9353017802543306,0.4054920041360037,0.7372777144527767,0.004323173135657857
2,1,1,8,trace,phase_controller,0.9324405652770957,0.3735883391356391,0.8375000650089578,0.18713324539454573
2,1,1,8,trace,other,0.8871131752190218,0.46461184773004105,0.8338872734569787,0.36433482322904126
2,1,1,8,trace,predictor,0.0,0.0,0.0,0.0
2,1,1,8,instant,embedding,0.8217506346932253,0.5776554505088055,0.9164056547573921,0.06589043624640904
2,1,1,8,instant,decoder,1.0000000893878374,5.3880478208425894e-08,0.9999999999984961,0.3570693652313412
2,1,1,8,instant,decay,0.6900486965820444,0.771448124967581,0.4230291103690445,0.003040721182503899
2,1,1,8,instant,phase,0.9367901336942038,0.4449882657046473,0.6618529949718837,0.018207919045220167
2,1,1,8,instant,write,0.56469650782067,0.831327312186452,0.46475963541781934,0.004323173135657857
2,1,1,8,instant,phase_controller,0.9339714309277416,0.4372883592207166,0.6819320659246316,0.18713324539454573
2,1,1,8,instant,other,0.8871131752190218,0.46461184773004105,0.8338872734569787,0.36433482322904126
2,1,1,8,instant,predictor,0.0,0.0,0.0,0.0
2,1,1,16,trace,embedding,0.8044139047582226,0.6921720981869832,1.159637150722854,0.046896517978576635
2,1,1,16,trace,decoder,1.0000000891738647,8.828381813653025e-08,1.0000000614045148,0.3411224582533222
2,1,1,16,trace,decay,0.9983428592819769,0.12445618126589446,0.8879885990777016,0.0015734678735547095
2,1,1,16,trace,phase,0.995964773667884,0.35348691613242655,1.337869629387387,0.02461559350650829
2,1,1,16,trace,write,0.9664518986143462,0.44616202176678066,0.6016371782305495,0.003749605405475016
2,1,1,16,trace,phase_controller,0.9956385967530827,0.35132883958299094,1.3343539762131715,0.24609216248349297
2,1,1,16,trace,other,0.9098086729019932,0.42147740733097305,0.8363615854052808,0.3359503335732311
2,1,1,16,trace,predictor,0.0,0.0,0.0,0.0
2,1,1,16,instant,embedding,0.8389281570421625,0.5560762537916676,0.9530378722589817,0.046896517978576635
2,1,1,16,instant,decoder,1.0000000891738647,8.828381813653025e-08,1.0000000614045148,0.3411224582533222
2,1,1,16,instant,decay,0.4649984722741086,0.903849503090601,0.2828784435221422,0.0015734678735547095
2,1,1,16,instant,phase,0.9854206184989377,0.4782464780767362,0.5384602592100665,0.02461559350650829
2,1,1,16,instant,write,0.6784760019486483,0.807222607875338,0.34390454772603724,0.003749605405475016
2,1,1,16,instant,phase_controller,0.9830306194129921,0.4766727842088582,0.5430689993086064,0.24609216248349297
2,1,1,16,instant,other,0.9098086729019932,0.42147740733097305,0.8363615854052808,0.3359503335732311
2,1,1,16,instant,predictor,0.0,0.0,0.0,0.0
2,1,1,32,trace,embedding,0.8681758486393318,0.5122789540985531,0.9952943946895334,0.05653411644096183
2,1,1,32,trace,decoder,0.9999999690009154,9.603187827126545e-08,1.0000001286447648,0.3314477575797291
2,1,1,32,trace,decay,0.9985478467441706,0.13894565821381405,0.8704716343554472,0.0021581057904334535
2,1,1,32,trace,phase,0.9759631647995903,0.3672316600748485,1.2715358012768039,0.030231505966446373
2,1,1,32,trace,write,0.9048115067651173,0.44795387342970844,0.76571868422841,0.002138624140872609
2,1,1,32,trace,phase_controller,0.9761061997662063,0.36502392104677256,1.2694075240552158,0.30317975054537266
2,1,1,32,trace,other,0.9296437078131046,0.38220100242550903,0.8280771596951114,0.2743102787418713
2,1,1,32,trace,predictor,0.0,0.0,0.0,0.0
2,1,1,32,instant,embedding,0.8033739131303737,0.5970224076523155,0.846331218820241,0.05653411644096183
2,1,1,32,instant,decoder,0.9999999690009154,9.603187827126545e-08,1.0000001286447648,0.3314477575797291
2,1,1,32,instant,decay,-0.0009074183616456518,1.0265919603063078,0.2312384786710225,0.0021581057904334535
2,1,1,32,instant,phase,0.7582348739931788,0.7538965696204258,0.3797114598697622,0.030231505966446373
2,1,1,32,instant,write,0.5254762578633377,0.8562151037672554,0.4294051553685593,0.002138624140872609
2,1,1,32,instant,phase_controller,0.7611181587625078,0.7516414509518333,0.38129473952083964,0.30317975054537266
2,1,1,32,instant,other,0.9296437078131046,0.38220100242550903,0.8280771596951114,0.2743102787418713
2,1,1,32,instant,predictor,0.0,0.0,0.0,0.0
2,1,1,64,trace,embedding,0.8800852195820613,0.4748341082195479,0.8759006407735206,0.050487863797711675
2,1,1,64,trace,decoder,0.9999999438847854,1.5441073771523853e-07,1.0000000643902602,0.24096582080565032
2,1,1,64,trace,decay,0.999636474044578,0.1466782223304591,0.8554576044151085,0.0016602155489228128
2,1,1,64,trace,phase,0.9965142294396446,0.08347204521553533,0.9994256494563568,0.044906079473424634
2,1,1,64,trace,write,0.7728965447839267,0.6412147794593384,0.8652324354273196,0.0010925619491220485
2,1,1,64,trace,phase_controller,0.9964230730560261,0.08451461043003573,0.9978938654892205,0.44961437694798045
2,1,1,64,trace,other,0.9270362138420976,0.40264940989650955,0.7803296624686118,0.2112738542076783
2,1,1,64,trace,predictor,0.0,0.0,0.0,0.0
2,1,1,64,instant,embedding,0.7589808584636105,0.6517142736532953,0.7309840966125964,0.050487863797711675
2,1,1,64,instant,decoder,0.9999999438847854,1.5441073771523853e-07,1.0000000643902602,0.24096582080565032
2,1,1,64,instant,decay,0.2134141853507283,0.9804856289260311,0.29646685057992495,0.0016602155489228128
2,1,1,64,instant,phase,0.7671590567990934,0.8357138190442971,0.23148114793620625,0.044906079473424634
2,1,1,64,instant,write,0.5989199980189102,0.8008549587513466,0.6075037177058068,0.0010925619491220485
2,1,1,64,instant,phase_controller,0.7666671949817697,0.8333409229209847,0.23540842595187358,0.44961437694798045
2,1,1,64,instant,other,0.9270362138420976,0.40264940989650955,0.7803296624686118,0.2112738542076783
2,1,1,64,instant,predictor,0.0,0.0,0.0,0.0
2,1,1,128,trace,embedding,0.8719562418635202,0.4912362262604263,0.8316965386228395,0.052053981689601334
2,1,1,128,trace,decoder,1.0000000376237868,2.004801173532178e-07,1.000000064299238,0.20658215707037259
2,1,1,128,trace,decay,0.9994691231420801,0.17692770671711047,0.8255678635512101,0.0014984549078984066
2,1,1,128,trace,phase,0.997094571630228,0.13325947258320275,0.8877521664819263,0.05113889253560237
2,1,1,128,trace,write,0.7765187390222262,0.644480754958484,0.9119315283640277,0.0009641458542988644
2,1,1,128,trace,phase_controller,0.9970019605412955,0.13510605606747655,0.8862466518897324,0.5117823736579317
2,1,1,128,trace,other,0.9343478118052577,0.3802347440988793,0.8017428606482775,0.17598062065159675
2,1,1,128,trace,predictor,0.0,0.0,0.0,0.0
2,1,1,128,instant,embedding,0.7178017473292496,0.6969898489940379,0.6856457481897448,0.052053981689601334
2,1,1,128,instant,decoder,1.0000000376237868,2.004801173532178e-07,1.000000064299238,0.20658215707037259
2,1,1,128,instant,decay,-0.03615978394968539,1.0594734370713306,0.31568038164275547,0.0014984549078984066
2,1,1,128,instant,phase,0.6339568693910552,0.8834156408771294,0.20696212064923306,0.05113889253560237
2,1,1,128,instant,write,0.4642268418042212,0.8982063463748365,0.6134960749956575,0.0009641458542988644
2,1,1,128,instant,phase_controller,0.6382396274910829,0.8821655988492849,0.20746577865251056,0.5117823736579317
2,1,1,128,instant,other,0.9343478118052577,0.3802347440988793,0.8017428606482775,0.17598062065159675
2,1,1,128,instant,predictor,0.0,0.0,0.0,0.0
1,0,2,2,trace,embedding,0.999999978252473,6.057252377041888e-08,0.9999999035633165,0.1645330659723628
1,0,2,2,trace,decoder,1.000000063690257,0.0,0.9999999999991104,0.5442485959194535
1,0,2,2,trace,decay,1.0000000536562226,1.387368209942965e-09,0.9999999999523305,0.0001895307883451389
1,0,2,2,trace,phase,0.9999999271808576,0.0,0.9999999999143028,5.864485567907371e-05
1,0,2,2,trace,write,0.9928814658663982,0.1201792927774944,1.0089096537355275,0.0006333201868190259
1,0,2,2,trace,phase_controller,0.9999999649251727,0.0,0.9999999999751853,0.0006994286492533487
1,0,2,2,trace,other,0.9999999943724904,0.0,0.9999999999987806,0.2896376227244131
1,0,2,2,trace,predictor,0.0,0.0,0.0,0.0
1,0,2,2,instant,embedding,0.9855322056872364,0.17599315098848328,0.9381288048439971,0.1645330659723628
1,0,2,2,instant,decoder,1.000000063690257,0.0,0.9999999999991104,0.5442485959194535
1,0,2,2,instant,decay,0.5146939642425991,0.9955495891095297,1.0206868364508221,0.0001895307883451389
1,0,2,2,instant,phase,0.9999999271808576,0.0,0.9999999999143028,5.864485567907371e-05
1,0,2,2,instant,write,0.8497074478420547,0.5394826294009524,0.9639198512698246,0.0006333201868190259
1,0,2,2,instant,phase_controller,0.9999999649251727,0.0,0.9999999999751853,0.0006994286492533487
1,0,2,2,instant,other,0.9999999943724904,0.0,0.9999999999987806,0.2896376227244131
1,0,2,2,instant,predictor,0.0,0.0,0.0,0.0
1,0,2,4,trace,embedding,0.9999999449450486,6.400117904578087e-08,0.9999999999971466,0.10577542826081993
1,0,2,4,trace,decoder,1.0000000567968073,2.873393962262203e-08,0.9999999999988373,0.6370651225591096
1,0,2,4,trace,decay,0.9999999948520105,1.247334844045633e-07,0.9999999998802312,6.0040766397979226e-05
1,0,2,4,trace,phase,1.0000000802102542,3.392558613128928e-10,0.9999999999766865,0.0015845942884820721
1,0,2,4,trace,write,0.9788264608185779,0.209513561303587,1.0235166864430036,0.00037405460206025985
1,0,2,4,trace,phase_controller,0.9999999210365719,5.2042682550646924e-08,0.9999998959140027,0.01765413291044158
1,0,2,4,trace,other,1.0000000945892995,4.990855302350057e-08,0.9999999999980957,0.2374879401372689
1,0,2,4,trace,predictor,0.0,0.0,0.0,0.0
1,0,2,4,instant,embedding,0.9867273334337489,0.1624613184295288,0.9817590603648969,0.10577542826081993
1,0,2,4,instant,decoder,1.0000000567968073,2.873393962262203e-08,0.9999999999988373,0.6370651225591096
1,0,2,4,instant,decay,0.5970618589171152,0.9922668184548473,1.1810794105042084,6.0040766397979226e-05
1,0,2,4,instant,phase,0.9715536618123953,0.2417646046715045,1.020202496534587,0.0015845942884820721
1,0,2,4,instant,write,0.947645545724084,0.9234497515350142,1.8141279409623208,0.00037405460206025985
1,0,2,4,instant,phase_controller,0.9714660995078074,0.2493254899372006,1.0483401218796093,0.01765413291044158
1,0,2,4,instant,other,1.0000000945892995,4.990855302350057e-08,0.9999999999980957,0.2374879401372689
1,0,2,4,instant,predictor,0.0,0.0,0.0,0.0
1,0,2,8,trace,embedding,1.0000000968710692,1.0432436768893305e-07,0.9999999999964005,0.10567798728119532
1,0,2,8,trace,decoder,0.9999999492115956,7.621429366875184e-08,0.999999901460355,0.50099259353522
1,0,2,8,trace,decay,0.9999999656065934,2.0892422067528783e-07,0.9999999997826059,2.8972327060623996e-05
1,0,2,8,trace,phase,0.9999999557510197,6.98911410824123e-08,0.9999999374806001,0.019451169461100898
1,0,2,8,trace,write,0.9036540752424576,0.4349705583236372,0.9797481580164634,0.0022636203001785383
1,0,2,8,trace,phase_controller,1.000000039737665,3.8187359034498396e-08,0.9999999242126218,0.21174545925536664
1,0,2,8,trace,other,0.9999999303212858,8.401328386099464e-08,1.0000000872228951,0.1598411468809065
1,0,2,8,trace,predictor,0.0,0.0,0.0,0.0
1,0,2,8,instant,embedding,0.8901137574660578,0.45783988336077286,0.8462941490123818,0.10567798728119532
1,0,2,8,instant,decoder,0.9999999492115956,7.621429366875184e-08,0.999999901460355,0.50099259353522
1,0,2,8,instant,decay,-0.12481111525507838,1.5696359553118775,1.0914680476114305,2.8972327060623996e-05
1,0,2,8,instant,phase,0.9378517677185683,0.5978071637817063,0.4510876040504794,0.019451169461100898
1,0,2,8,instant,write,0.849782525362362,0.5384066500980234,0.7401816983226395,0.0022636203001785383
1,0,2,8,instant,phase_controller,0.9221769235897743,0.6229970068005595,0.433775800567162,0.21174545925536664
1,0,2,8,instant,other,0.9999999303212858,8.401328386099464e-08,1.0000000872228951,0.1598411468809065
1,0,2,8,instant,predictor,0.0,0.0,0.0,0.0
1,0,2,16,trace,embedding,0.9999999887635742,1.2910639943955648e-07,0.9999999999943447,0.08893152906047336
1,0,2,16,trace,decoder,0.9999999593057564,9.454397015628372e-08,0.9999999330883946,0.5642667820760021
1,0,2,16,trace,decay,1.000000050027563,2.0259489860323434e-07,0.9999999998912434,0.00024046252754312265
1,0,2,16,trace,phase,1.0000000668594022,2.4022722482617446e-07,1.0000001067481785,0.013851624879648987
1,0,2,16,trace,write,0.4819973304899247,1.4569485228527188,1.646050820241142,0.000306179306969749
1,0,2,16,trace,phase_controller,0.9999999432449355,1.9595220776691212e-07,0.9999999323202552,0.13789201322706404
1,0,2,16,trace,other,1.0000001005547412,1.0072067834211118e-07,0.9999999999961762,0.19451149163320144
1,0,2,16,trace,predictor,0.0,0.0,0.0,0.0
1,0,2,16,instant,embedding,0.9096437141970914,0.41538955293614654,0.9103326991428097,0.08893152906047336
1,0,2,16,instant,decoder,0.9999999593057564,9.454397015628372e-08,0.9999999330883946,0.5642667820760021
1,0,2,16,instant,decay,0.6591274117566985,0.7561631358405959,0.7380689515221779,0.00024046252754312265
1,0,2,16,instant,phase,0.88341879598927,0.48431936338103576,0.7609685131631622,0.013851624879648987
1,0,2,16,instant,write,0.9377009758148265,0.7402390174685463,1.5913351203360424,0.000306179306969749
1,0,2,16,instant,phase_controller,0.8788090522631594,0.4919799131853685,0.7590192942646459,0.13789201322706404
1,0,2,16,instant,other,1.0000001005547412,1.0072067834211118e-07,0.9999999999961762,0.19451149163320144
1,0,2,16,instant,predictor,0.0,0.0,0.0,0.0
1,0,2,32,trace,embedding,0.9999999373362852,1.1870901112605205e-07,0.9999999077741617,0.08827475906581889
1,0,2,32,trace,decoder,0.9999999567054638,1.0341575023179254e-07,0.9999999999975917,0.5829053168218836
1,0,2,32,trace,decay,0.9999999876431547,2.9504873235373916e-07,0.9999998239901362,0.00037904928607227655
1,0,2,32,trace,phase,0.9999999802733032,5.415475025938584e-07,0.9999994963807398,0.011840442954345208
1,0,2,32,trace,write,0.12136813244464152,1.716728014635169,1.5220411082159178,0.0002470650701521456
1,0,2,32,trace,phase_controller,0.9999999714907846,8.968421155571765e-08,0.9999999999946609,0.11860895402516414
1,0,2,32,trace,other,0.9999999747397185,1.2742728999448247e-07,0.9999999383805797,0.19774547159736244
1,0,2,32,trace,predictor,0.0,0.0,0.0,0.0
1,0,2,32,instant,embedding,0.912934984848946,0.40819105070758355,0.9045546915952944,0.08827475906581889
1,0,2,32,instant,decoder,0.9999999567054638,1.0341575023179254e-07,0.9999999999975917,0.5829053168218836
1,0,2,32,instant,decay,0.020992805822261977,1.055104713554027,0.35816768694227513,0.00037904928607227655
1,0,2,32,instant,phase,0.899177366657507,0.47199558541371783,0.7222602756635053,0.011840442954345208
1,0,2,32,instant,write,0.8814305907032868,0.6911776625179412,1.38605517200821,0.0002470650701521456
1,0,2,32,instant,phase_controller,0.8998673315579592,0.471742923784807,0.7201381824224482,0.11860895402516414
1,0,2,32,instant,other,0.9999999747397185,1.2742728999448247e-07,0.9999999383805797,0.19774547159736244
1,0,2,32,instant,predictor,0.0,0.0,0.0,0.0
1,0,2,64,trace,embedding,0.9999999123177288,1.3352752381819697e-07,0.9999999999936857,0.08376901855487053
1,0,2,64,trace,decoder,1.0000001993778898,1.843743295273175e-07,1.0000001484081362,0.5387101062688123
1,0,2,64,trace,decay,0.9999999783982263,1.0378610573712628e-07,0.9999999999212436,0.0005384601798713349
1,0,2,64,trace,phase,0.9999998706200062,4.587993995069806e-07,0.9999995896561302,0.017618071621630812
1,0,2,64,trace,write,0.11678154640158676,1.6121081379755517,1.3866360461948222,0.00025067320083620506
1,0,2,64,trace,phase_controller,0.9999999745282173,1.0214996794556515e-07,0.9999998697334948,0.1748190463181185
1,0,2,64,trace,other,0.9999999823357276,1.9250767010058825e-07,0.999999999995743,0.1842952220582604
1,0,2,64,trace,predictor,0.0,0.0,0.0,0.0
1,0,2,64,instant,embedding,0.9088148684336099,0.41720661455981306,0.9112980333557245,0.08376901855487053
1,0,2,64,instant,decoder,1.0000001993778898,1.843743295273175e-07,1.0000001484081362,0.5387101062688123
1,0,2,64,instant,decay,-0.06291401306339808,1.1098000800815009,0.42248730441749427,0.0005384601798713349
1,0,2,64,instant,phase,0.9003916342894007,0.5105993907143188,0.6331523230392473,0.017618071621630812
1,0,2,64,instant,write,0.8618766122149893,0.7531737773849675,1.4187446960529462,0.00025067320083620506
1,0,2,64,instant,phase_controller,0.8981563919973414,0.5139854637856617,0.6319496802558029,0.1748190463181185
1,0,2,64,instant,other,0.9999999823357276,1.9250767010058825e-07,0.999999999995743,0.1842952220582604
1,0,2,64,instant,predictor,0.0,0.0,0.0,0.0
1,0,2,128,trace,embedding,1.0000000039469918,2.068241771987842e-07,0.9999999999937073,0.08950368432844653
1,0,2,128,trace,decoder,1.0000000068837545,2.3082954678787056e-07,0.9999999999975142,0.5735300513469873
1,0,2,128,trace,decay,1.0000000490494323,2.0890331860357293e-07,0.9999999999207265,0.0005639764427862029
1,0,2,128,trace,phase,0.9999999694197809,4.824037408425188e-07,0.999999507974032,0.013003798571158935
1,0,2,128,trace,write,-0.012537217267104718,1.8758948479262392,1.5746422975679635,0.00020272805244278278
1,0,2,128,trace,phase_controller,0.9999999775924587,1.7690043641259012e-07,0.9999998435538072,0.12862230402645772
1,0,2,128,trace,other,1.0000000628907526,2.41389053966125e-07,1.0000000635926154,0.1945743022663131
1,0,2,128,trace,predictor,0.0,0.0,0.0,0.0
1,0,2,128,instant,embedding,0.9013129793841806,0.43318512557331895,0.8975010066018608,0.08950368432844653
1,0,2,128,instant,decoder,1.0000000068837545,2.3082954678787056e-07,0.9999999999975142,0.5735300513469873
1,0,2,128,instant,decay,-0.03436708671589774,1.099030194427692,0.422851153377779,0.0005639764427862029
1,0,2,128,instant,phase,0.6683932400025218,0.746429395092798,0.7308940119253131,0.013003798571158935
1,0,2,128,instant,write,0.7061252811002833,1.0215632318210264,1.4424704438830107,0.00020272805244278278
1,0,2,128,instant,phase_controller,0.6685128814584467,0.7463143491427009,0.7309185265696521,0.12862230402645772
1,0,2,128,instant,other,1.0000000628907526,2.41389053966125e-07,1.0000000635926154,0.1945743022663131
1,0,2,128,instant,predictor,0.0,0.0,0.0,0.0
1,1,2,2,trace,embedding,0.9999843784415068,0.005598303947297996,1.000190556074873,0.27743650740841513
1,1,2,2,trace,decoder,1.000000050639756,0.0,0.9999999999993109,0.48919226088786844
1,1,2,2,trace,decay,0.9999839292741964,0.0070654984094722295,1.0041979067187141,0.00012577360018426335
1,1,2,2,trace,phase,0.9999999339630228,0.0,0.9999999999943177,0.007193805072921538
1,1,2,2,trace,write,0.9997048741621921,0.024321379616784745,0.9984946718840776,0.0005977011419033909
1,1,2,2,trace,phase_controller,0.9999999153883774,0.0,0.9999999999981928,0.0711124021467118
1,1,2,2,trace,other,0.9999897653076073,0.004508488094900911,0.9997339141436388,0.15434193568772323
1,1,2,2,trace,predictor,0.0,0.0,0.0,0.0
1,1,2,2,instant,embedding,0.8547160704773475,0.5212405669556597,0.9019511545977443,0.27743650740841513
1,1,2,2,instant,decoder,1.000000050639756,0.0,0.9999999999993109,0.48919226088786844
1,1,2,2,instant,decay,0.991617056511965,2.904511228779487,3.893252587523949,0.00012577360018426335
1,1,2,2,instant,phase,0.9999999339630228,0.0,0.9999999999943177,0.007193805072921538
1,1,2,2,instant,write,0.1713966638145293,1.430816191391835,1.208995690278668,0.0005977011419033909
1,1,2,2,instant,phase_controller,0.9999999153883774,0.0,0.9999999999981928,0.0711124021467118
1,1,2,2,instant,other,0.9999897653076073,0.004508488094900911,0.9997339141436388,0.15434193568772323
1,1,2,2,instant,predictor,0.0,0.0,0.0,0.0
1,1,2,4,trace,embedding,0.9999425974997461,0.013000578988182365,0.992600592751356,0.23922087531131692
1,1,2,4,trace,decoder,1.0000000573561711,5.2191843381797515e-08,0.9999999999989523,0.5622006128255064
1,1,2,4,trace,decay,0.9999881767413058,0.009471712437806003,0.991850246317683,0.00011573134776954892
1,1,2,4,trace,phase,0.9999745031817463,0.017865732177135156,0.9836029571619204,0.0036442801029879946
1,1,2,4,trace,write,0.8038883499662438,0.6996126655755553,1.1722556171692833,0.0003827702867382228
1,1,2,4,trace,phase_controller,0.9999744224902197,0.01785924681202411,0.9836092779516263,0.03603246475261527
1,1,2,4,trace,other,0.9999502582825142,0.010089888682041054,0.9983667372527385,0.15840203853764018
1,1,2,4,trace,predictor,0.0,0.0,0.0,0.0
1,1,2,4,instant,embedding,0.8651671603688825,0.501967944772855,0.8872048980370064,0.23922087531131692
1,1,2,4,instant,decoder,1.0000000573561711,5.2191843381797515e-08,0.9999999999989523,0.5622006128255064
1,1,2,4,instant,decay,0.9990332243596731,2.526275082938514,3.5249260174178207,0.00011573134776954892
1,1,2,4,instant,phase,0.9947860730667644,0.17974602389924038,1.1427993136698953,0.0036442801029879946
1,1,2,4,instant,write,0.037341812044959004,1.6193271837759962,1.3115532933742136,0.0003827702867382228
1,1,2,4,instant,phase_controller,0.9947730391196961,0.17983640051457436,1.1428083879224078,0.03603246475261527
1,1,2,4,instant,other,0.9999502582825142,0.010089888682041054,0.9983667372527385,0.15840203853764018
1,1,2,4,instant,predictor,0.0,0.0,0.0,0.0
1,1,2,8,trace,embedding,0.9993355885931131,0.04028385565218397,0.9821605045814906,0.174606622238876
1,1,2,8,trace,decoder,0.9999999755413721,7.283658313516121e-08,0.9999999111121561,0.5894891020109235
1,1,2,8,trace,decay,0.9999895209620261,0.021267946845449276,0.9792229132992686,0.0002754365237005658
1,1,2,8,trace,phase,0.5088524466437463,1.5973134139317087,1.8543416857900752,1.4641135177318846e-05
1,1,2,8,trace,write,0.9237317789563123,0.4165792839883592,0.7599676120728661,0.0006665457620923567
1,1,2,8,trace,phase_controller,0.8295916531899898,0.6601074498675094,1.1816770156283527,0.000846877213065358
1,1,2,8,trace,other,0.9992450839745574,0.03887042590719452,1.0005472718755308,0.23410093021570413
1,1,2,8,trace,predictor,0.0,0.0,0.0,0.0
1,1,2,8,instant,embedding,0.8771122780477536,0.480656765261827,0.8582117012119255,0.174606622238876
1,1,2,8,instant,decoder,0.9999999755413721,7.283658313516121e-08,0.9999999111121561,0.5894891020109235
1,1,2,8,instant,decay,0.027970166776955054,1.8591266081793363,1.595495106635831,0.0002754365237005658
1,1,2,8,instant,phase,0.10588799768848597,9.953848099483185,10.009941902001913,1.4641135177318846e-05
1,1,2,8,instant,write,0.33050892001034204,1.0844003324217961,0.8645130688665567,0.0006665457620923567
1,1,2,8,instant,phase_controller,0.22629722687848508,4.13085172088987,4.2406646032938,0.000846877213065358
1,1,2,8,instant,other,0.9992450839745574,0.03887042590719452,1.0005472718755308,0.23410093021570413
1,1,2,8,instant,predictor,0.0,0.0,0.0,0.0
1,1,2,16,trace,embedding,0.9992676563854577,0.03826164203111763,0.9989990599180476,0.10457657696206059
1,1,2,16,trace,decoder,0.9999999931620801,1.053614482975744e-07,1.0000000662923354,0.4211116191232968
1,1,2,16,trace,decay,0.9999934050055226,0.020943876613206003,1.0206199274941725,0.000662592121237012
1,1,2,16,trace,phase,0.9999324548599217,0.023363962437516827,1.0202004588425722,0.025856029158471374
1,1,2,16,trace,write,0.9705977269066244,0.247528974513725,1.028309296991531,0.0010322793579826484
1,1,2,16,trace,phase_controller,0.9999315217884085,0.02334563800478627,1.0201311953360832,0.2570876630273287
1,1,2,16,trace,other,0.9987896896995672,0.04976252158345009,0.9912686621681941,0.18967387475560424
1,1,2,16,trace,predictor,0.0,0.0,0.0,0.0
1,1,2,16,instant,embedding,0.8630881310498648,0.505700462826102,0.8886688966944009,0.10457657696206059
1,1,2,16,instant,decoder,0.9999999931620801,1.053614482975744e-07,1.0000000662923354,0.4211116191232968
1,1,2,16,instant,decay,0.38834613980369653,0.9868265316430336,0.7413892480308707,0.000662592121237012
1,1,2,16,instant,phase,0.9911445413040949,0.5769567231773072,0.42967630023936043,0.025856029158471374
1,1,2,16,instant,write,-0.21504254810867623,1.1429491626185644,0.37873877860497707,0.0010322793579826484
1,1,2,16,instant,phase_controller,0.9899584430439076,0.5755051974213582,0.4320840167383808,0.2570876630273287
1,1,2,16,instant,other,0.9987896896995672,0.04976252158345009,0.9912686621681941,0.18967387475560424
1,1,2,16,instant,predictor,0.0,0.0,0.0,0.0
1,1,2,32,trace,embedding,0.9988647261662074,0.04775879572369934,0.9954413311075758,0.11216553786464335
1,1,2,32,trace,decoder,0.9999999216950853,1.0868824750716261e-07,1.0000000702523928,0.4916192702876435
1,1,2,32,trace,decay,0.995499934685864,0.09610382715639823,1.0115010051450315,0.0006485997140474307
1,1,2,32,trace,phase,0.9997347781754661,0.06099599987938372,1.0562164578896314,0.02210459919307336
1,1,2,32,trace,write,0.9773096987296224,0.21204243368734807,0.9871219430076943,0.0026200983572394272
1,1,2,32,trace,phase_controller,0.9997354597478327,0.0609573779106161,1.0561871136283945,0.21888038541102747
1,1,2,32,trace,other,0.9958880264274217,0.09185950438248117,1.011095576764407,0.15196159781548238
1,1,2,32,trace,predictor,0.0,0.0,0.0,0.0
1,1,2,32,instant,embedding,0.8388316623471574,0.5447752725794273,0.859295994966721,0.11216553786464335
1,1,2,32,instant,decoder,0.9999999216950853,1.0868824750716261e-07,1.0000000702523928,0.4916192702876435
1,1,2,32,instant,decay,0.14039997508341326,1.0134110293447933,0.356534183698099,0.0006485997140474307
1,1,2,32,instant,phase,0.9643908337253793,0.6066922015609331,0.4183824118921542,0.02210459919307336
1,1,2,32,instant,write,0.1944226832319512,0.9809179375184311,0.19470089466894905,0.0026200983572394272
1,1,2,32,instant,phase_controller,0.9606187188202228,0.6077424192039103,0.42011965776000826,0.21888038541102747
1,1,2,32,instant,other,0.9958880264274217,0.09185950438248117,1.011095576764407,0.15196159781548238
1,1,2,32,instant,predictor,0.0,0.0,0.0,0.0
1,1,2,64,trace,embedding,0.9971784755306682,0.07522220336254294,0.9923250837147584,0.10482560851323816
1,1,2,64,trace,decoder,0.9999999823657337,1.3984909455135428e-07,0.9999999999975924,0.5164125241149204
1,1,2,64,trace,decay,0.9899635068563373,0.18382563976957123,1.1075207735558685,0.00040964336742147514
1,1,2,64,trace,phase,0.9998748358081596,0.07205813284351023,1.0701738920871966,0.020163357097530137
1,1,2,64,trace,write,0.9773168547132823,0.21181847655160504,0.9812369432760318,0.0025208147680940924
1,1,2,64,trace,phase_controller,0.9998698960958721,0.07192465570020411,1.0699611590237548,0.19982483585558825
1,1,2,64,trace,other,0.993732144016103,0.11216279998012481,1.0028945449333804,0.15584409032874064
1,1,2,64,trace,predictor,0.0,0.0,0.0,0.0
1,1,2,64,instant,embedding,0.8496511688225121,0.5275339741690224,0.8637774625405408,0.10482560851323816
1,1,2,64,instant,decoder,0.9999999823657337,1.3984909455135428e-07,0.9999999999975924,0.5164125241149204
1,1,2,64,instant,decay,-0.8443512979123406,1.0392785224352945,0.04617038923126127,0.00040964336742147514
1,1,2,64,instant,phase,0.9229598446223127,0.5690280291514745,0.5038563707675832,0.020163357097530137
1,1,2,64,instant,write,0.4781008346203759,0.9161236876238374,0.21759607598572783,0.0025208147680940924
1,1,2,64,instant,phase_controller,0.9195724074021033,0.5697511049445512,0.5069832888751147,0.19982483585558825
1,1,2,64,instant,other,0.993732144016103,0.11216279998012481,1.0028945449333804,0.15584409032874064
1,1,2,64,instant,predictor,0.0,0.0,0.0,0.0
1,1,2,128,trace,embedding,0.9940785663607793,0.1087752982313317,0.9891006953219855,0.10276732828673875
1,1,2,128,trace,decoder,1.0000001752803165,2.5519078067442105e-07,0.9999999269030159,0.4593408922023362
1,1,2,128,trace,decay,0.9879125499981178,0.18057940633254488,1.0805418680890597,0.00046069836586345206
1,1,2,128,trace,phase,0.9996799949840898,0.13308617778547477,1.1303400828245265,0.027505204481816144
1,1,2,128,trace,write,0.9815655242937976,0.19113070861541537,0.9827758938896269,0.003051443617471353
1,1,2,128,trace,phase_controller,0.9996603473845076,0.13292225786799475,1.1300026454493068,0.27218678655566064
1,1,2,128,trace,other,0.9839225339314785,0.17941759885235162,1.0010659120038996,0.1346887906273289
1,1,2,128,trace,predictor,0.0,0.0,0.0,0.0
1,1,2,128,instant,embedding,0.8146886032974993,0.5804455378575091,0.8398834502213036,0.10276732828673875
1,1,2,128,instant,decoder,1.0000001752803165,2.5519078067442105e-07,0.9999999269030159,0.4593408922023362
1,1,2,128,instant,decay,-0.4365711239323938,1.0510693708532415,0.10688189874460693,0.00046069836586345206
1,1,2,128,instant,phase,0.8693582845690482,0.6353496560066991,0.47004259034716606,0.027505204481816144
1,1,2,128,instant,write,0.42375057688894413,0.9254676940675968,0.23386904755195592,0.003051443617471353
1,1,2,128,instant,phase_controller,0.8661248403660505,0.6362727771480964,0.4724049635746155,0.27218678655566064
1,1,2,128,instant,other,0.9839225339314785,0.17941759885235162,1.0010659120038996,0.1346887906273289
1,1,2,128,instant,predictor,0.0,0.0,0.0,0.0
2,0,2,2,trace,embedding,0.9817650242181728,0.2392881828758796,0.8364336068863513,0.11940037802614221
2,0,2,2,trace,decoder,0.9999999374663393,0.0,0.9999999999993329,0.5556684013684445
2,0,2,2,trace,decay,0.9985484932894548,0.05426977833852875,0.9918859669095018,0.0003717325355290684
2,0,2,2,trace,phase,1.0000000669837381,0.0,0.9999999999855931,0.0011914198895706819
2,0,2,2,trace,write,0.9710145803507305,0.25307372589151256,0.887854444848774,0.0021837730279442554
2,0,2,2,trace,phase_controller,1.000000020862405,0.0,0.9999999999957506,0.013695237770758447
2,0,2,2,trace,other,0.9867110021379469,0.1799746315397939,0.9093175371097778,0.30749114000377786
2,0,2,2,trace,predictor,0.0,0.0,0.0,0.0
2,0,2,2,instant,embedding,0.9481906935946338,0.3523450114835549,0.7958339137685435,0.11940037802614221
2,0,2,2,instant,decoder,0.9999999374663393,0.0,0.9999999999993329,0.5556684013684445
2,0,2,2,instant,decay,0.6855982639265353,0.7354443578224956,0.7901135779945581,0.0003717325355290684
2,0,2,2,instant,phase,1.0000000669837381,0.0,0.9999999999855931,0.0011914198895706819
2,0,2,2,instant,write,0.836477407084478,0.5747658705346294,0.6631274673798103,0.0021837730279442554
2,0,2,2,instant,phase_controller,1.000000020862405,0.0,0.9999999999957506,0.013695237770758447
2,0,2,2,instant,other,0.9867110021379469,0.1799746315397939,0.9093175371097778,0.30749114000377786
2,0,2,2,instant,predictor,0.0,0.0,0.0,0.0
2,0,2,4,trace,embedding,0.9734992244058112,0.23565180454056353,0.9166431466671473,0.09140516307685365
2,0,2,4,trace,decoder,1.000000042570341,5.2307677728033084e-08,0.9999999999989793,0.4724047987786823
2,0,2,4,trace,decay,0.9930083476391302,0.1407765160873539,0.9163031053591281,0.0011140121432506615
2,0,2,4,trace,phase,0.994352532167577,0.14233729297943662,0.8995017335380934,0.011933000392023297
2,0,2,4,trace,write,0.9663513619339968,0.25723119649974946,0.967944726651649,0.0030963135877043967
2,0,2,4,trace,phase_controller,0.9944491560190882,0.13681905647258552,0.906991328338318,0.12772729456448428
2,0,2,4,trace,other,0.979375059913418,0.20485978038161826,0.9455661221513433,0.2923193143771841
2,0,2,4,trace,predictor,0.0,0.0,0.0,0.0
2,0,2,4,instant,embedding,0.9000354044205682,0.43744850641978855,0.862284392625678,0.09140516307685365
2,0,2,4,instant,decoder,1.000000042570341,5.2307677728033084e-08,0.9999999999989793,0.4724047987786823
2,0,2,4,instant,decay,0.9729203576618003,0.3386697027907779,0.7253900271879302,0.0011140121432506615
2,0,2,4,instant,phase,0.9170684199707206,0.4560721026359603,0.6956722032007339,0.011933000392023297
2,0,2,4,instant,write,0.9060256863638559,0.4507125325025736,0.7510283712766231,0.0030963135877043967
2,0,2,4,instant,phase_controller,0.9140755844424336,0.44158403763912174,0.7393444243821657,0.12772729456448428
2,0,2,4,instant,other,0.979375059913418,0.20485978038161826,0.9455661221513433,0.2923193143771841
2,0,2,4,instant,predictor,0.0,0.0,0.0,0.0
2,0,2,8,trace,embedding,0.928219547085651,0.43311669816929477,0.7064504683027122,0.10396341105235127
2,0,2,8,trace,decoder,0.9999999650223079,8.41317337312347e-08,0.9999999098514668,0.18321395597714502
2,0,2,8,trace,decay,0.9956398366061924,0.09357954509075486,1.0031068403546555,0.0006075859122138716
2,0,2,8,trace,phase,0.91694148032575,0.40023493564518564,0.8858019989423236,0.052253711202392396
2,0,2,8,trace,write,0.7582356348712762,0.6687014108914535,0.9068396520364592,0.0012184333594066515
2,0,2,8,trace,phase_controller,0.9209512898796675,0.3907053525611002,0.892633278993151,0.5464281738718407
2,0,2,8,trace,other,0.7976904401905357,0.6032646715570954,0.8131236920527515,0.11231520594573184
2,0,2,8,trace,predictor,0.0,0.0,0.0,0.0
2,0,2,8,instant,embedding,0.6959233727604828,0.733730044043588,0.5453620448960266,0.10396341105235127
2,0,2,8,instant,decoder,0.9999999650223079,8.41317337312347e-08,0.9999999098514668,0.18321395597714502
2,0,2,8,instant,decay,0.8046459212338822,0.5937680724665859,0.8086188281848233,0.0006075859122138716
2,0,2,8,instant,phase,0.8594747260073021,0.8297335215653351,0.20590409585208028,0.052253711202392396
2,0,2,8,instant,write,0.5730148029665324,0.8402348201505695,0.7583274348340142,0.0012184333594066515
2,0,2,8,instant,phase_controller,0.8339365590913187,0.8169702834985331,0.2315325903292631,0.5464281738718407
2,0,2,8,instant,other,0.7976904401905357,0.6032646715570954,0.8131236920527515,0.11231520594573184
2,0,2,8,instant,predictor,0.0,0.0,0.0,0.0
2,0,2,16,trace,embedding,0.9021940650102998,0.4650112166894012,0.7284429663973874,0.16849700942428725
2,0,2,16,trace,decoder,1.0000000559694013,9.614550832822575e-08,0.9999999338392025,0.29784668076151866
2,0,2,16,trace,decay,0.995723891264505,0.19012267201990868,0.8295536496237981,0.001602741884558824
2,0,2,16,trace,phase,0.5293504462255132,0.972410464227174,1.00452843950037,0.019945270374752657
2,0,2,16,trace,write,0.7507725378620705,0.6999257015712578,0.9821920549500196,0.0017273972700526281
2,0,2,16,trace,phase_controller,0.6667990084973243,0.8180197570864205,1.0041076022262458,0.2790854953709404
2,0,2,16,trace,other,0.9313669745855147,0.36879805951043226,0.8725744642748289,0.23129693694881764
2,0,2,16,trace,predictor,0.0,0.0,0.0,0.0
2,0,2,16,instant,embedding,0.6970524070996735,0.7281098609397364,0.5704578295686517,0.16849700942428725
2,0,2,16,instant,decoder,1.0000000559694013,9.614550832822575e-08,0.9999999338392025,0.29784668076151866
2,0,2,16,instant,decay,0.7631427981536927,0.6895376592222787,0.5226245527201118,0.001602741884558824
2,0,2,16,instant,phase,-0.046356654999887385,1.0628994885241208,0.31682982773301693,0.019945270374752657
2,0,2,16,instant,write,0.38964559844522023,0.9582676851270775,0.6544103793447746,0.0017273972700526281
2,0,2,16,instant,phase_controller,0.2169951627922298,0.9820366558026203,0.32415334355671493,0.2790854953709404
2,0,2,16,instant,other,0.9313669745855147,0.36879805951043226,0.8725744642748289,0.23129693694881764
2,0,2,16,instant,predictor,0.0,0.0,0.0,0.0
2,0,2,32,trace,embedding,0.9467906281675383,0.37614695532500436,0.7521152608027345,0.08173398085977303
2,0,2,32,trace,decoder,0.9999999870485782,1.1165572153666532e-07,0.9999999999976895,0.2025610643326377
2,0,2,32,trace,decay,0.9529590059093788,0.3213926589501192,0.8460754371851918,0.00024831729099410746
2,0,2,32,trace,phase,0.9968479484875065,0.08977546880392298,0.9548317068766349,0.054170418492684086
2,0,2,32,trace,write,0.836585861459297,0.649315368553294,1.1851343735531257,0.00047774784631080187
2,0,2,32,trace,phase_controller,0.9953006949347604,0.10586564496319466,0.9525108490991576,0.5507454672442854
2,0,2,32,trace,other,0.978992889619872,0.20412185768803898,0.9693447737879133,0.1100633017518623
2,0,2,32,trace,predictor,0.0,0.0,0.0,0.0
2,0,2,32,instant,embedding,0.6983521990957363,0.7201594319775895,0.6188208481313948,0.08173398085977303
2,0,2,32,instant,decoder,0.9999999870485782,1.1165572153666532e-07,0.9999999999976895,0.2025610643326377
2,0,2,32,instant,decay,0.788953327299501,0.6183397449132735,0.8581734903924974,0.00024831729099410746
2,0,2,32,instant,phase,0.4335784260471952,0.947878021855701,0.13953251959383736,0.054170418492684086
2,0,2,32,instant,write,0.47974012928373555,1.0250226709367223,1.0096664845654246,0.00047774784631080187
2,0,2,32,instant,phase_controller,0.36254777356613244,0.9517974870197528,0.16926192039620538,0.5507454672442854
2,0,2,32,instant,other,0.978992889619872,0.20412185768803898,0.9693447737879133,0.1100633017518623
2,0,2,32,instant,predictor,0.0,0.0,0.0,0.0
2,0,2,64,trace,embedding,0.9052862651000713,0.4469118030917457,0.7664559638713516,0.05987285904347437
2,0,2,64,trace,decoder,0.9999999531644692,1.7985112542315404e-07,1.0000000704919898,0.12744811830805583
2,0,2,64,trace,decay,0.9755681678918818,0.2229558657618445,0.9375887477019582,0.0004724263732724509
2,0,2,64,trace,phase,0.991518112870923,0.22314018552877957,0.8101348119962718,0.06597282307381255
2,0,2,64,trace,write,0.7976483438603057,0.6995370343369147,1.1520425753261394,0.00036469668084117236
2,0,2,64,trace,phase_controller,0.9885830168245048,0.234990571179731,0.8082583352022581,0.6685950977688822
2,0,2,64,trace,other,0.9832400078209051,0.1826551032809231,0.9943732382955702,0.07727433606233736
2,0,2,64,trace,predictor,0.0,0.0,0.0,0.0
2,0,2,64,instant,embedding,0.6240308142873167,0.7814110316096132,0.6282371397359624,0.05987285904347437
2,0,2,64,instant,decoder,0.9999999531644692,1.7985112542315404e-07,1.0000000704919898,0.12744811830805583
2,0,2,64,instant,decay,0.5554347752070249,0.8525427425276264,0.36745352044957214,0.0004724263732724509
2,0,2,64,instant,phase,0.5957293221458544,0.9464819164199353,0.09500824699691157,0.06597282307381255
2,0,2,64,instant,write,0.39276395791418556,1.0249039434400924,0.8451928913275477,0.00036469668084117236
2,0,2,64,instant,phase_controller,0.4652670090262633,0.9507063074133301,0.11840140335054827,0.6685950977688822
2,0,2,64,instant,other,0.9832400078209051,0.1826551032809231,0.9943732382955702,0.07727433606233736
2,0,2,64,instant,predictor,0.0,0.0,0.0,0.0
2,0,2,128,trace,embedding,0.8972779067780928,0.46134663316437496,0.7633063961131633,0.04791544884975017
2,0,2,128,trace,decoder,0.9999999086489612,2.3298212741056976e-07,0.9999998582814567,0.096316483765779
2,0,2,128,trace,decay,0.9794400943062525,0.20282973210105343,1.0004878387079448,0.00031454177356335486
2,0,2,128,trace,phase,0.9862407638050301,0.2565078408376816,0.790110281241109,0.07170090657984952
2,0,2,128,trace,write,0.8343820685566061,0.6158291238837972,1.1090435096188176,0.0003381976865370336
2,0,2,128,trace,phase_controller,0.9838990403239048,0.2640083750584011,0.789585869153988,0.7214015826479868
2,0,2,128,trace,other,0.9800964889816298,0.1989152176742599,0.9926093403348523,0.06201273715482259
2,0,2,128,trace,predictor,0.0,0.0,0.0,0.0
2,0,2,128,instant,embedding,0.6023288385403753,0.798533405127502,0.6236728213030802,0.04791544884975017
2,0,2,128,instant,decoder,0.9999999086489612,2.3298212741056976e-07,0.9999998582814567,0.096316483765779
2,0,2,128,instant,decay,0.5542680977390444,0.8703278105543311,0.2999382006212231,0.00031454177356335486
2,0,2,128,instant,phase,0.5318269660396314,0.9562553422532374,0.08768275155143528,0.07170090657984952
2,0,2,128,instant,write,0.4127276432739891,0.9795749599092528,0.7731601073866634,0.0003381976865370336
2,0,2,128,instant,phase_controller,0.43101971500989283,0.9596156222155451,0.10446176308500627,0.7214015826479868
2,0,2,128,instant,other,0.9800964889816298,0.1989152176742599,0.9926093403348523,0.06201273715482259
2,0,2,128,instant,predictor,0.0,0.0,0.0,0.0
2,1,2,2,trace,embedding,0.9969392777299182,0.08361037414826843,0.967297534149641,0.1505843391221824
2,1,2,2,trace,decoder,1.0000000116957357,0.0,0.99999999999914,0.540572794051195
2,1,2,2,trace,decay,0.9994126102814934,0.03471778331532851,1.0049856830165163,0.00018460127600226293
2,1,2,2,trace,phase,1.000000016293015,0.0,0.9999999999463772,0.0001390229453815507
2,1,2,2,trace,write,0.9767111241835208,0.22299005595615726,1.0374517221618995,0.0003114572007244665
2,1,2,2,trace,phase_controller,1.000000045690429,0.0,0.9999999999851005,0.0018007222715805823
2,1,2,2,trace,other,0.9994482037219536,0.03408860634316336,0.9917775018234263,0.3064078923221519
2,1,2,2,trace,predictor,0.0,0.0,0.0,0.0
2,1,2,2,instant,embedding,0.9847757220940853,0.17843866464303174,0.9444806249173707,0.1505843391221824
2,1,2,2,instant,decoder,1.0000000116957357,0.0,0.99999999999914,0.540572794051195
2,1,2,2,instant,decay,0.837927695956172,0.5586502077613597,0.7187091397065317,0.00018460127600226293
2,1,2,2,instant,phase,1.000000016293015,0.0,0.9999999999463772,0.0001390229453815507
2,1,2,2,instant,write,0.8232783390261524,0.5676387689205973,0.8223956812836,0.0003114572007244665
2,1,2,2,instant,phase_controller,1.000000045690429,0.0,0.9999999999851005,0.0018007222715805823
2,1,2,2,instant,other,0.9994482037219536,0.03408860634316336,0.9917775018234263,0.3064078923221519
2,1,2,2,instant,predictor,0.0,0.0,0.0,0.0
2,1,2,4,trace,embedding,0.9745905400781162,0.22879190660522963,0.9279808974061734,0.07905654081256323
2,1,2,4,trace,decoder,0.9999999700635017,5.1615359929485247e-08,1.0000000740611024,0.30704882930668087
2,1,2,4,trace,decay,0.9991258257808244,0.041951342270208906,1.0026231275176094,0.0017276051638001888
2,1,2,4,trace,phase,0.998063982184582,0.06405640401498097,0.9827176194620736,0.03506648683567809
2,1,2,4,trace,write,0.6303409966604491,0.8901950103580899,1.06597508747,0.004478553703914704
2,1,2,4,trace,phase_controller,0.9981084489099913,0.06355292787896781,0.9819954682907633,0.36604581233211103
2,1,2,4,trace,other,0.9423324007491806,0.3350915372435158,0.9256905553277653,0.206576674650449
2,1,2,4,trace,predictor,0.0,0.0,0.0,0.0
2,1,2,4,instant,embedding,0.7071545779450582,0.7237198880122843,0.861550290989987,0.07905654081256323
2,1,2,4,instant,decoder,0.9999999700635017,5.1615359929485247e-08,1.0000000740611024,0.30704882930668087
2,1,2,4,instant,decay,0.9797772082763185,0.3994665869136482,1.3255176182594524,0.0017276051638001888
2,1,2,4,instant,phase,0.9917258738547139,0.436945231824702,0.5740640577921808,0.03506648683567809
2,1,2,4,instant,write,0.6921426193915419,0.7551841417849483,0.9143238053998369,0.004478553703914704
2,1,2,4,instant,phase_controller,0.9791287345995572,0.42614105328113705,0.6045765856494637,0.36604581233211103
2,1,2,4,instant,other,0.9423324007491806,0.3350915372435158,0.9256905553277653,0.206576674650449
2,1,2,4,instant,predictor,0.0,0.0,0.0,0.0
2,1,2,8,trace,embedding,0.9699272942028875,0.24576598853002468,0.9358743202042946,0.06037492373459123
2,1,2,8,trace,decoder,1.0000000291945292,7.36131199436969e-08,0.9999999053662961,0.1111696870067993
2,1,2,8,trace,decay,0.9997394155532892,0.05481360208274388,0.9499045771377567,0.0008703041060575778
2,1,2,8,trace,phase,0.9999569739252119,0.014139596794284354,0.9892925892339923,0.06519761275531849
2,1,2,8,trace,write,0.7983105317315227,0.6032801717897036,0.7630000125476214,0.003126805282971392
2,1,2,8,trace,phase_controller,0.9998273841824032,0.02298863839750181,0.9863012473251467,0.6696650396735284
2,1,2,8,trace,other,0.9448337754988209,0.32756542169703906,0.9479303877617897,0.0895953350511185
2,1,2,8,trace,predictor,0.0,0.0,0.0,0.0
2,1,2,8,instant,embedding,0.7171602014800545,0.7091043525914124,0.5862107643891883,0.06037492373459123
2,1,2,8,instant,decoder,1.0000000291945292,7.36131199436969e-08,0.9999999053662961,0.1111696870067993
2,1,2,8,instant,decay,0.9629071743526534,0.280305844418633,0.8870011691228316,0.0008703041060575778
2,1,2,8,instant,phase,0.9545740546351572,0.6998477978307711,0.32132955148919,0.06519761275531849
2,1,2,8,instant,write,0.5461543135133081,0.840149179758659,0.48184675274131694,0.003126805282971392
2,1,2,8,instant,phase_controller,0.9531843848767146,0.6962878040511625,0.3259866748641823,0.6696650396735284
2,1,2,8,instant,other,0.9448337754988209,0.32756542169703906,0.9479303877617897,0.0895953350511185
2,1,2,8,instant,predictor,0.0,0.0,0.0,0.0
2,1,2,16,trace,embedding,0.9242134587303721,0.3844175913993084,0.9683364530955116,0.06203819157885045
2,1,2,16,trace,decoder,1.0000000133588849,1.1269547498739045e-07,1.0000000673543494,0.15745374239136692
2,1,2,16,trace,decay,0.9637875558714017,0.30238497913089835,0.8212291997274973,0.0011493693573567702
2,1,2,16,trace,phase,0.9810345858410598,0.19475116568499354,0.9621345971114709,0.059908196683148354
2,1,2,16,trace,write,0.8816997896369388,0.4764665938088454,0.8152533861591004,0.0038845824930892033
2,1,2,16,trace,phase_controller,0.9818608318449383,0.19062475578997595,0.9621481764863999,0.61878950336677
2,1,2,16,trace,other,0.9040497336404767,0.42770013962886927,0.9193271877274963,0.09677628303888891
2,1,2,16,trace,predictor,0.0,0.0,0.0,0.0
2,1,2,16,instant,embedding,0.6324539294948993,0.7746449326064094,0.6239276833861066,0.06203819157885045
2,1,2,16,instant,decoder,1.0000000133588849,1.1269547498739045e-07,1.0000000673543494,0.15745374239136692
2,1,2,16,instant,decay,0.5325921892708089,0.8517041576329692,0.6277476217349147,0.0011493693573567702
2,1,2,16,instant,phase,0.7258477523069986,0.8315648579853127,0.25856298524644006,0.059908196683148354
2,1,2,16,instant,write,0.6044081827653907,0.8118481056184299,0.4481823744840347,0.0038845824930892033
2,1,2,16,instant,phase_controller,0.734071445455058,0.8228506309182829,0.2693735759379852,0.61878950336677
2,1,2,16,instant,other,0.9040497336404767,0.42770013962886927,0.9193271877274963,0.09677628303888891
2,1,2,16,instant,predictor,0.0,0.0,0.0,0.0
2,1,2,32,trace,embedding,0.9418090043817539,0.3375920533016886,0.9730050492648279,0.04262230392494383
2,1,2,32,trace,decoder,1.000000064108767,9.403012704044627e-08,0.9999999999976559,0.12823710665010554
2,1,2,32,trace,decay,0.9840501251126669,0.2953077388552901,0.7483356621075579,0.0004819368564666362
2,1,2,32,trace,phase,0.9957016047395884,0.09519620567019656,0.9736957674737415,0.0664464909186182
2,1,2,32,trace,write,0.8641002688127343,0.5044274053930196,0.83068747260895,0.001706646508205324
2,1,2,32,trace,phase_controller,0.9955037123652476,0.09733132812397985,0.9731143006329873,0.678083819368154
2,1,2,32,trace,other,0.9171859066278718,0.4017549947280985,0.865829874339194,0.08242196254508265
2,1,2,32,trace,predictor,0.0,0.0,0.0,0.0
2,1,2,32,instant,embedding,0.7067904710141897,0.7116046902864859,0.629759773170539,0.04262230392494383
2,1,2,32,instant,decoder,1.000000064108767,9.403012704044627e-08,0.9999999999976559,0.12823710665010554
2,1,2,32,instant,decay,0.39092276031791534,0.9995976529159759,0.7808151612102407,0.0004819368564666362
2,1,2,32,instant,phase,0.9093939094890503,0.7610318755485999,0.27208160882471144,0.0664464909186182
2,1,2,32,instant,write,0.5019025737673912,0.865414157839008,0.472781728934291,0.001706646508205324
2,1,2,32,instant,phase_controller,0.9077880539822918,0.7569360820630293,0.27768374846562643,0.678083819368154
2,1,2,32,instant,other,0.9171859066278718,0.4017549947280985,0.865829874339194,0.08242196254508265
2,1,2,32,instant,predictor,0.0,0.0,0.0,0.0
2,1,2,64,trace,embedding,0.9448443981832286,0.32763133267551975,0.9362994244465609,0.049833496551068675
2,1,2,64,trace,decoder,0.9999998202276409,1.793670921874252e-07,0.9999998555772701,0.14548077441022306
2,1,2,64,trace,decay,0.9823834600837972,0.3000455121086561,0.7476395511909986,0.0007700964253732189
2,1,2,64,trace,phase,0.9878701229663868,0.16689310883717548,1.0490292381959314,0.06172804518392308
2,1,2,64,trace,write,0.8245001754312775,0.566809078185518,0.8572572604227564,0.001533523323875558
2,1,2,64,trace,phase_controller,0.9876423099448897,0.1679767334553837,1.0480859192524308,0.6287611674740745
2,1,2,64,trace,other,0.9189024299144906,0.39757813524612096,0.8693986190084669,0.11189268218664274
2,1,2,64,trace,predictor,0.0,0.0,0.0,0.0
2,1,2,64,instant,embedding,0.6884811230950895,0.7289700600441893,0.6149724686447529,0.049833496551068675
2,1,2,64,instant,decoder,0.9999998202276409,1.793670921874252e-07,0.9999998555772701,0.14548077441022306
2,1,2,64,instant,decay,0.41517272631992197,0.9353528795485732,0.6325513937185586,0.0007700964253732189
2,1,2,64,instant,phase,0.9073777201105251,0.7401799461411099,0.2981152846348157,0.06172804518392308
2,1,2,64,instant,write,0.47827140167496673,0.8784276859345871,0.497730371140617,0.001533523323875558
2,1,2,64,instant,phase_controller,0.9041362044757526,0.7352587050331951,0.3057487167071902,0.6287611674740745
2,1,2,64,instant,other,0.9189024299144906,0.39757813524612096,0.8693986190084669,0.11189268218664274
2,1,2,64,instant,predictor,0.0,0.0,0.0,0.0
2,1,2,128,trace,embedding,0.9270536142752599,0.37664532328119643,0.9629742373603761,0.050650401897292405
2,1,2,128,trace,decoder,0.9999999530110866,2.2539858385043062e-07,0.9999999274580941,0.1635968273844435
2,1,2,128,trace,decay,0.9842713985639232,0.30797090161504387,0.7320093582950508,0.00102546255909798
2,1,2,128,trace,phase,0.9742359261368676,0.2743725246908363,1.13049322804152,0.05761229928207375
2,1,2,128,trace,write,0.8584138632391365,0.5174962529638613,0.9268000417558088,0.0012750887366995754
2,1,2,128,trace,phase_controller,0.9733803859549863,0.2767927767618112,1.128569691460572,0.5872651383430257
2,1,2,128,trace,other,0.9075809027141517,0.42557973249241804,0.8381494589309371,0.13857468962755484
2,1,2,128,trace,predictor,0.0,0.0,0.0,0.0
2,1,2,128,instant,embedding,0.696176651719736,0.7195926527276342,0.6464260641733357,0.050650401897292405
2,1,2,128,instant,decoder,0.9999999530110866,2.2539858385043062e-07,0.9999999274580941,0.1635968273844435
2,1,2,128,instant,decay,0.36787053009266457,0.9630159088353701,0.6183268502621112,0.00102546255909798
2,1,2,128,instant,phase,0.9486478377515644,0.7136309407363649,0.3089589648921417,0.05761229928207375
2,1,2,128,instant,write,0.4474931314600881,0.9043645396780922,0.5821228156163011,0.0012750887366995754
2,1,2,128,instant,phase_controller,0.943760914934543,0.7087504064093996,0.31685447685323365,0.5872651383430257
2,1,2,128,instant,other,0.9075809027141517,0.42557973249241804,0.8381494589309371,0.13857468962755484
2,1,2,128,instant,predictor,0.0,0.0,0.0,0.0
1,0,3,2,trace,embedding,1.000000078889393,6.011236477345241e-08,0.9999999999982799,0.16655118136420033
1,0,3,2,trace,decoder,1.00000004869346,0.0,0.9999999999990872,0.5915975460585994
1,0,3,2,trace,decay,1.000000034328546,6.033170965494981e-08,1.000000060269898,0.0004701812495798169
1,0,3,2,trace,phase,1.0000000243954612,0.0,0.9999999999752364,0.0008036060630430703
1,0,3,2,trace,write,0.872274469258681,0.48911606289728166,0.8624084327197423,0.0012538388470569165
1,0,3,2,trace,phase_controller,0.9999999739914756,0.0,0.9999999999923889,0.008507000974913725
1,0,3,2,trace,other,1.000000033650115,0.0,0.9999999999985388,0.23081711378696504
1,0,3,2,trace,predictor,0.0,0.0,0.0,0.0
1,0,3,2,instant,embedding,0.9661592692866094,0.2925834377917656,0.8280701443190273,0.16655118136420033
1,0,3,2,instant,decoder,1.00000004869346,0.0,0.9999999999990872,0.5915975460585994
1,0,3,2,instant,decay,0.9950120197488874,0.15989471644841308,0.8700511356957852,0.0004701812495798169
1,0,3,2,instant,phase,1.0000000243954612,0.0,0.9999999999752364,0.0008036060630430703
1,0,3,2,instant,write,0.9719871440201701,0.2949550238664296,0.7937811475507326,0.0012538388470569165
1,0,3,2,instant,phase_controller,0.9999999739914756,0.0,0.9999999999923889,0.008507000974913725
1,0,3,2,instant,other,1.000000033650115,0.0,0.9999999999985388,0.23081711378696504
1,0,3,2,instant,predictor,0.0,0.0,0.0,0.0
1,0,3,4,trace,embedding,0.9999999522170282,6.795348180462868e-08,0.9999999999971431,0.11648472718344643
1,0,3,4,trace,decoder,1.0000000447944883,5.6145556048083714e-08,1.000000069369887,0.70191043356057
1,0,3,4,trace,decay,0.9999999076144368,1.8249531040387437e-07,0.999999999877595,6.345708196259032e-05
1,0,3,4,trace,phase,0.9999999085671166,6.961579977070247e-08,0.9999999999735754,0.001361628541382162
1,0,3,4,trace,write,0.7603032420601619,0.6753623091334223,0.5754375483124251,0.0003526125739302888
1,0,3,4,trace,phase_controller,0.9999999798273667,1.5191407825495885e-08,0.9999999999919071,0.014517174583289327
1,0,3,4,trace,other,1.0000000555777178,6.568002671255606e-08,0.9999999999976018,0.16531117506167295
1,0,3,4,trace,predictor,0.0,0.0,0.0,0.0
1,0,3,4,instant,embedding,0.9617121760701305,0.27469060118733324,0.9431319904887514,0.11648472718344643
1,0,3,4,instant,decoder,1.0000000447944883,5.6145556048083714e-08,1.000000069369887,0.70191043356057
1,0,3,4,instant,decay,0.8313813506440021,1.6456286250930534,2.380345018419206,6.345708196259032e-05
1,0,3,4,instant,phase,0.866066406264177,0.6440441977859277,1.272100821011668,0.001361628541382162
1,0,3,4,instant,write,0.5146391216391475,0.9643458780783255,0.9560194675425266,0.0003526125739302888
1,0,3,4,instant,phase_controller,0.850813468908948,0.6505092836403537,1.2342792801818776,0.014517174583289327
1,0,3,4,instant,other,1.0000000555777178,6.568002671255606e-08,0.9999999999976018,0.16531117506167295
1,0,3,4,instant,predictor,0.0,0.0,0.0,0.0
1,0,3,8,trace,embedding,1.0000000568328495,5.860026274266678e-08,1.000000097964959,0.09360306739294595
1,0,3,8,trace,decoder,1.0000000083970486,6.199032110820309e-08,0.9999999999983,0.35001195662123785
1,0,3,8,trace,decay,0.9999995852546201,1.2923694791947698e-06,0.9999993584299026,2.1360169954377376e-06
1,0,3,8,trace,phase,0.9999999404218941,7.71713688868952e-08,0.9999999251299052,0.040072116368327075
1,0,3,8,trace,write,0.5958459392189259,0.9144471642354542,1.0331630539806338,0.0004973821958945822
1,0,3,8,trace,phase_controller,1.0000000338400135,9.549374743427558e-08,0.999999904721397,0.3958626712632103
1,0,3,8,trace,other,0.9999999683979519,8.267087641274953e-08,0.9999999999970962,0.11995158356990995
1,0,3,8,trace,predictor,0.0,0.0,0.0,0.0
1,0,3,8,instant,embedding,0.9405746289566786,0.34550992912961453,0.8768757612716217,0.09360306739294595
1,0,3,8,instant,decoder,1.0000000083970486,6.199032110820309e-08,0.9999999999983,0.35001195662123785
1,0,3,8,instant,decay,-0.30459717879790615,9.2506131975009,8.896850203261852,2.1360169954377376e-06
1,0,3,8,instant,phase,0.9998257113440682,0.7398908197718013,0.26017036370219004,0.040072116368327075
1,0,3,8,instant,write,0.6368547775050858,0.7712077617179967,0.6554451746873252,0.0004973821958945822
1,0,3,8,instant,phase_controller,0.9967467359305044,0.7397211832782369,0.2614294532848857,0.3958626712632103
1,0,3,8,instant,other,0.9999999683979519,8.267087641274953e-08,0.9999999999970962,0.11995158356990995
1,0,3,8,instant,predictor,0.0,0.0,0.0,0.0
1,0,3,16,trace,embedding,1.0000000674340561,9.440737317938154e-08,0.9999999231473661,0.10392991890033494
1,0,3,16,trace,decoder,0.9999998724509285,8.661459671533492e-08,0.9999999999976135,0.4852912488419597
1,0,3,16,trace,decay,0.9999999360055946,6.050484605460028e-08,0.9999999999350656,0.0006555563960866879
1,0,3,16,trace,phase,0.9999999157958291,1.5340080488262685e-07,1.0000000766854273,0.026085402895451994
1,0,3,16,trace,write,0.0076133406948761225,1.9390370158261447,1.6689148776529819,0.00017168001654399332
1,0,3,16,trace,phase_controller,0.9999999748766392,1.945544526810692e-07,0.9999998069593878,0.26353420714919285
1,0,3,16,trace,other,1.0000000449481297,1.276933201140843e-07,0.9999999285771801,0.12033282583303723
1,0,3,16,trace,predictor,0.0,0.0,0.0,0.0
1,0,3,16,instant,embedding,0.9329720245592255,0.3608574994934432,0.9585586149084314,0.10392991890033494
1,0,3,16,instant,decoder,0.9999998724509285,8.661459671533492e-08,0.9999999999976135,0.4852912488419597
1,0,3,16,instant,decay,0.9364322491277339,0.3513303199690394,0.9180332775642774,0.0006555563960866879
1,0,3,16,instant,phase,0.9718538824917878,0.6325186253576689,0.38484467236994047,0.026085402895451994
1,0,3,16,instant,write,-0.24007387783380132,1.7484308626750384,1.214108259759075,0.00017168001654399332
1,0,3,16,instant,phase_controller,0.9400861723450564,0.6347535511134687,0.40466663507157263,0.26353420714919285
1,0,3,16,instant,other,1.0000000449481297,1.276933201140843e-07,0.9999999285771801,0.12033282583303723
1,0,3,16,instant,predictor,0.0,0.0,0.0,0.0
1,0,3,32,trace,embedding,0.9999999778271763,1.1529751316179933e-07,1.0000000814943621,0.1362704056877031
1,0,3,32,trace,decoder,1.0000000388944856,1.0511283259918227e-07,1.0000000748597453,0.6460247076069816
1,0,3,32,trace,decay,0.9999999476844554,2.511932847291535e-07,1.0000002489701432,0.00022791557996672444
1,0,3,32,trace,phase,1.000000107879263,2.0752519015530312e-07,1.0000000825504063,0.008297043533245993
1,0,3,32,trace,write,0.1560278428850697,1.6342430281544218,1.457986067026897,0.0004576822969083875
1,0,3,32,trace,phase_controller,0.9999999965409587,2.3586552908525092e-07,0.99999979288991,0.08441149523795713
1,0,3,32,trace,other,1.000000036899991,1.3518288976869888e-07,0.9999999146646465,0.12431263631523802
1,0,3,32,trace,predictor,0.0,0.0,0.0,0.0
1,0,3,32,instant,embedding,0.9308451706013763,0.368030664146635,0.9746571383530214,0.1362704056877031
1,0,3,32,instant,decoder,1.0000000388944856,1.0511283259918227e-07,1.0000000748597453,0.6460247076069816
1,0,3,32,instant,decay,0.7413452914727446,1.0250427242921207,1.5161391287980472,0.00022791557996672444
1,0,3,32,instant,phase,0.9726741048149986,0.630165378809586,0.3868387082624476,0.008297043533245993
1,0,3,32,instant,write,-0.29349920906176796,1.4146485499796995,0.7492721560557977,0.0004576822969083875
1,0,3,32,instant,phase_controller,0.831442655581467,0.666429067583893,0.4634417393980691,0.08441149523795713
1,0,3,32,instant,other,1.000000036899991,1.3518288976869888e-07,0.9999999146646465,0.12431263631523802
1,0,3,32,instant,predictor,0.0,0.0,0.0,0.0
1,0,3,64,trace,embedding,0.999999999860594,1.418938517494694e-07,0.9999999999942565,0.14415948197908937
1,0,3,64,trace,decoder,1.000000042416054,1.4962810280377002e-07,0.9999999999974083,0.7079143998498566
1,0,3,64,trace,decay,1.0000000414316663,2.1374524286500542e-07,1.0000001030390042,0.0003876594056760568
1,0,3,64,trace,phase,1.0000000258918134,3.1350088734066107e-07,0.9999997414634557,0.0022222904530718565
1,0,3,64,trace,write,0.34641808842051863,1.4386678496017926,1.437184238879845,0.000586544150291113
1,0,3,64,trace,phase_controller,1.0000000070996882,3.0202547846462644e-07,0.9999998926202869,0.022900177113450087
1,0,3,64,trace,other,1.0000000572288574,1.974080817493134e-07,1.0000000930901516,0.12183188691763383
1,0,3,64,trace,predictor,0.0,0.0,0.0,0.0
1,0,3,64,instant,embedding,0.9384303611975959,0.3462590961693412,0.9618256710209829,0.14415948197908937
1,0,3,64,instant,decoder,1.000000042416054,1.4962810280377002e-07,0.9999999999974083,0.7079143998498566
1,0,3,64,instant,decay,0.5670872248509881,0.9393839400146332,1.0187840870148777,0.0003876594056760568
1,0,3,64,instant,phase,0.8373034599174743,0.5581483806359366,0.7250237207583516,0.0022222904530718565
1,0,3,64,instant,write,0.06418444693304692,1.1885928179323821,0.7098412312826695,0.000586544150291113
1,0,3,64,instant,phase_controller,0.6971756998324429,0.732588944627169,0.8479762069777769,0.022900177113450087
1,0,3,64,instant,other,1.0000000572288574,1.974080817493134e-07,1.0000000930901516,0.12183188691763383
1,0,3,64,instant,predictor,0.0,0.0,0.0,0.0
1,0,3,128,trace,embedding,0.9999999917675112,1.7821872739208287e-07,0.9999999999942898,0.14363354073087697
1,0,3,128,trace,decoder,1.0000000439174173,2.069829169667518e-07,1.0000000774514495,0.693378814629077
1,0,3,128,trace,decay,0.999999963439893,3.402727611349156e-07,1.0000002474872909,0.0005964645335277334
1,0,3,128,trace,phase,1.000000024292313,2.2494180553645298e-07,0.9999998155693529,0.004300813416216593
1,0,3,128,trace,write,0.33508565887871444,1.436257221838586,1.4191138420911082,0.0006478848329877378
1,0,3,128,trace,phase_controller,1.0000001283617117,3.5195774425238496e-07,0.9999999999896763,0.04394292262963862
1,0,3,128,trace,other,0.9999999774890486,2.62195757046606e-07,1.000000095712802,0.11350120366809498
1,0,3,128,trace,predictor,0.0,0.0,0.0,0.0
1,0,3,128,instant,embedding,0.9285756150634605,0.3726163805951825,0.961679914817397,0.14363354073087697
1,0,3,128,instant,decoder,1.0000000439174173,2.069829169667518e-07,1.0000000774514495,0.693378814629077
1,0,3,128,instant,decay,0.5169501375528958,0.9247880914511559,0.8669080640974971,0.0005964645335277334
1,0,3,128,instant,phase,0.96222076908898,0.4606925373136427,0.5905939497215797,0.004300813416216593
1,0,3,128,instant,write,0.015814240454045822,1.2102901135757982,0.6977617810455355,0.0006478848329877378
1,0,3,128,instant,phase_controller,0.8160933956548276,0.5948143477772403,0.6753362389091256,0.04394292262963862
1,0,3,128,instant,other,0.9999999774890486,2.62195757046606e-07,1.000000095712802,0.11350120366809498
1,0,3,128,instant,predictor,0.0,0.0,0.0,0.0
1,1,3,2,trace,embedding,0.9999479203591414,0.011523135970918646,1.0052939023925058,0.09949531181547337
1,1,3,2,trace,decoder,1.0000000179565613,0.0,0.9999999999992348,0.7113494994394941
1,1,3,2,trace,decay,0.9999961198865582,0.006639103651980087,1.006008453455319,0.00019719185616095294
1,1,3,2,trace,phase,0.9999999330602595,0.0,0.9999999999857685,0.0020559224721954637
1,1,3,2,trace,write,0.2911026160420733,1.5377683245326945,1.4950428795540092,0.0024136770594929205
1,1,3,2,trace,phase_controller,0.9999999489145487,0.0,0.9999999999954785,0.020367926694715568
1,1,3,2,trace,other,0.9999613192365421,0.00985285342301342,1.0043848168828076,0.16412087971773517
1,1,3,2,trace,predictor,0.0,0.0,0.0,0.0
1,1,3,2,instant,embedding,0.940979924372536,0.3458575492683546,1.012119500953845,0.09949531181547337
1,1,3,2,instant,decoder,1.0000000179565613,0.0,0.9999999999992348,0.7113494994394941
1,1,3,2,instant,decay,-0.4298420870263619,2.6936236507816327,2.1079469110506404,0.00019719185616095294
1,1,3,2,instant,phase,0.9999999330602595,0.0,0.9999999999857685,0.0020559224721954637
1,1,3,2,instant,write,-0.27499304270477015,1.2939920645585117,0.5910535403766386,0.0024136770594929205
1,1,3,2,instant,phase_controller,0.9999999489145487,0.0,0.9999999999954785,0.020367926694715568
1,1,3,2,instant,other,0.9999613192365421,0.00985285342301342,1.0043848168828076,0.16412087971773517
1,1,3,2,instant,predictor,0.0,0.0,0.0,0.0
1,1,3,4,trace,embedding,0.9998933879828219,0.015507341539281065,1.0051000198669577,0.06974499746669584
1,1,3,4,trace,decoder,0.9999999732122397,5.05054996284532e-08,0.9999999999988671,0.7261504132192474
1,1,3,4,trace,decay,0.9999978925530288,0.003721884668480781,1.0031133765074294,0.0001712408784554922
1,1,3,4,trace,phase,0.9999984335107249,0.009971527666670105,0.9901831881531614,0.004378510198926241
1,1,3,4,trace,write,0.08900443100000476,1.9455846238925154,1.760297776353702,0.0009751898783657388
1,1,3,4,trace,phase_controller,0.9999964810877932,0.00974381243703774,0.9906259220692356,0.0456186070303082
1,1,3,4,trace,other,0.9999290499948311,0.011954989464447086,1.000972413654163,0.15296140004149222
1,1,3,4,trace,predictor,0.0,0.0,0.0,0.0
1,1,3,4,instant,embedding,0.9475318521880213,0.3305168837172494,1.0315440831670244,0.06974499746669584
1,1,3,4,instant,decoder,0.9999999732122397,5.05054996284532e-08,0.9999999999988671,0.7261504132192474
1,1,3,4,instant,decay,0.1761688398784419,1.9052072845079506,1.8073801348682814,0.0001712408784554922
1,1,3,4,instant,phase,0.7757788917946472,0.7231635258372098,0.42251071486574115,0.004378510198926241
1,1,3,4,instant,write,0.11271184073612538,1.2850802701024342,0.9276567387615795,0.0009751898783657388
1,1,3,4,instant,phase_controller,0.774063592384679,0.7039127479224662,0.46638292249059404,0.0456186070303082
1,1,3,4,instant,other,0.9999290499948311,0.011954989464447086,1.000972413654163,0.15296140004149222
1,1,3,4,instant,predictor,0.0,0.0,0.0,0.0
1,1,3,8,trace,embedding,0.999603254213266,0.028891563810058307,1.0060449434566376,0.08228255674848275
1,1,3,8,trace,decoder,0.99999990855524,7.802902084755955e-08,1.0000000930051447,0.7531193097902231
1,1,3,8,trace,decay,0.9985796716134234,0.1258732899854945,1.1126222457179016,7.172612244049044e-05
1,1,3,8,trace,phase,0.999962422085724,0.01652189390028748,1.0140275848602083,0.0052828274487198585
1,1,3,8,trace,write,0.011955866813957232,1.6924024391496166,1.3773749879601669,0.0006842726357528924
1,1,3,8,trace,phase_controller,0.9999479049218878,0.017245135420218497,1.0138519740724798,0.0525016908304461
1,1,3,8,trace,other,0.9992903217390388,0.040414165989476114,1.0139293560222178,0.10605752563612231
1,1,3,8,trace,predictor,0.0,0.0,0.0,0.0
1,1,3,8,instant,embedding,0.9498721389338851,0.3151057180987261,0.9892283051003328,0.08228255674848275
1,1,3,8,instant,decoder,0.99999990855524,7.802902084755955e-08,1.0000000930051447,0.7531193097902231
1,1,3,8,instant,decay,0.30762725301148763,2.343995254121607,2.4498103946407936,7.172612244049044e-05
1,1,3,8,instant,phase,0.953881732207946,0.5727254252723525,0.4661269266925328,0.0052828274487198585
1,1,3,8,instant,write,-0.04847848310603084,1.3088962849098826,0.7974292029042174,0.0006842726357528924
1,1,3,8,instant,phase_controller,0.8939820686666107,0.6028167430133187,0.49075514983881746,0.0525016908304461
1,1,3,8,instant,other,0.9992903217390388,0.040414165989476114,1.0139293560222178,0.10605752563612231
1,1,3,8,instant,predictor,0.0,0.0,0.0,0.0
1,1,3,16,trace,embedding,0.9993712344829903,0.03654870358767471,1.008224805129077,0.05985416713047616
1,1,3,16,trace,decoder,1.0000000203688277,1.044885274645952e-07,0.9999999999976953,0.45770368413755896
1,1,3,16,trace,decay,0.9967236095844814,0.0827285101083919,1.0141049960715094,0.00024385190514845782
1,1,3,16,trace,phase,0.9998624265528233,0.017676735988066693,1.0059667031975732,0.02903792728405456
1,1,3,16,trace,write,0.6343332374033634,1.8382192938798185,2.302094629291405,0.0006726979729491728
1,1,3,16,trace,phase_controller,0.9998571612806355,0.018026743865022666,1.0061251947960745,0.28867524574128833
1,1,3,16,trace,other,0.9995711378345264,0.03504478588974498,1.0188121002435373,0.1638124449171933
1,1,3,16,trace,predictor,0.0,0.0,0.0,0.0
1,1,3,16,instant,embedding,0.928412047591895,0.37622431374558774,0.9875191939282327,0.05985416713047616
1,1,3,16,instant,decoder,1.0000000203688277,1.044885274645952e-07,0.9999999999976953,0.45770368413755896
1,1,3,16,instant,decay,-0.9168949806495252,1.9231329133163155,0.9643642256219581,0.00024385190514845782
1,1,3,16,instant,phase,0.9470505917597803,0.764168815172332,0.25361075911185105,0.02903792728405456
1,1,3,16,instant,write,0.18372529325226242,1.0131814107131958,0.4292689390067384,0.0006726979729491728
1,1,3,16,instant,phase_controller,0.8339576647253744,0.7663741431114012,0.3021543224912909,0.28867524574128833
1,1,3,16,instant,other,0.9995711378345264,0.03504478588974498,1.0188121002435373,0.1638124449171933
1,1,3,16,instant,predictor,0.0,0.0,0.0,0.0
1,1,3,32,trace,embedding,0.9990354849442387,0.043924930287367214,0.9977419630277999,0.0628660617697824
1,1,3,32,trace,decoder,0.9999999378890836,9.980263063729551e-08,0.9999999999975422,0.4306034565364172
1,1,3,32,trace,decay,0.9974663687644014,0.10837283749793955,1.0792219939386125,0.00012020974220858272
1,1,3,32,trace,phase,0.9993097776845645,0.06055199391287393,0.9514912400119738,0.03140215309303577
1,1,3,32,trace,write,0.6396713892490818,1.859270993176208,2.3326180122945894,0.0007348593457177789
1,1,3,32,trace,phase_controller,0.9992998451337799,0.06032380659588327,0.9519804658577888,0.3123789463559249
1,1,3,32,trace,other,0.9989614199031722,0.04574552590511094,1.003041097187386,0.16189564333922787
1,1,3,32,trace,predictor,0.0,0.0,0.0,0.0
1,1,3,32,instant,embedding,0.9463323227845186,0.3243406454397166,0.9735530643417042,0.0628660617697824
1,1,3,32,instant,decoder,0.9999999378890836,9.980263063729551e-08,0.9999999999975422,0.4306034565364172
1,1,3,32,instant,decay,-0.9236850158427016,2.076256431632549,1.116911732507105,0.00012020974220858272
1,1,3,32,instant,phase,0.960356866798758,0.7723579198404085,0.2400637966016722,0.03140215309303577
1,1,3,32,instant,write,0.3342414827883154,0.9444338177626135,0.39484314544095084,0.0007348593457177789
1,1,3,32,instant,phase_controller,0.889574961853794,0.7720906980007981,0.2671059173377646,0.3123789463559249
1,1,3,32,instant,other,0.9989614199031722,0.04574552590511094,1.003041097187386,0.16189564333922787
1,1,3,32,instant,predictor,0.0,0.0,0.0,0.0
1,1,3,64,trace,embedding,0.9986964520865098,0.05151327806898549,0.9917311993929323,0.09347101362370616
1,1,3,64,trace,decoder,1.0000000301112293,1.6649605143681996e-07,1.0000000741975705,0.6356775471015038
1,1,3,64,trace,decay,0.9994043994562848,0.05510994522454472,1.042373794466474,0.0006248489866382218
1,1,3,64,trace,phase,0.9873220989052028,0.29322937822041156,1.2338756013925374,0.001460104225121977
1,1,3,64,trace,write,0.8251716766573651,0.9336741497087994,1.5685800827717753,0.002065243714972655
1,1,3,64,trace,phase_controller,0.9872134837033315,0.2839276446767315,1.2221728117677209,0.015385239309141815
1,1,3,64,trace,other,0.9983558922513769,0.05752884365843034,0.9934435944814589,0.2513174328958691
1,1,3,64,trace,predictor,0.0,0.0,0.0,0.0
1,1,3,64,instant,embedding,0.9409397252784075,0.33863957839684766,0.9475636232697497,0.09347101362370616
1,1,3,64,instant,decoder,1.0000000301112293,1.6649605143681996e-07,1.0000000741975705,0.6356775471015038
1,1,3,64,instant,decay,-0.9848138407040219,1.436779329984658,0.44143761191425057,0.0006248489866382218
1,1,3,64,instant,phase,-0.171361568301633,1.1006085057874258,0.3192543098702851,0.001460104225121977
1,1,3,64,instant,write,0.6724252236474898,0.8030066848407579,0.36101653102322306,0.002065243714972655
1,1,3,64,instant,phase_controller,0.06293519986641606,1.1581720629611885,0.650577479065753,0.015385239309141815
1,1,3,64,instant,other,0.9983558922513769,0.05752884365843034,0.9934435944814589,0.2513174328958691
1,1,3,64,instant,predictor,0.0,0.0,0.0,0.0
1,1,3,128,trace,embedding,0.9982531531603018,0.059378143356244875,0.9923039486252817,0.09866778420963106
1,1,3,128,trace,decoder,1.000000026109598,2.390692730285478e-07,1.0000000748790454,0.5872736054072404
1,1,3,128,trace,decay,0.9996020527097575,0.06188504404466542,1.054684422223594,0.0009362933611553994
1,1,3,128,trace,phase,0.9955390411028973,0.28947062184243727,1.2692019625828683,0.0024119907633550087
1,1,3,128,trace,write,0.8485649732917357,1.0616483695817394,1.768977944500913,0.0019704492415045845
1,1,3,128,trace,phase_controller,0.9951625200608292,0.2843205594117512,1.261970842189517,0.02470767752747197
1,1,3,128,trace,other,0.9980438383469794,0.06277843799806786,0.9923173589363266,0.2840333054257345
1,1,3,128,trace,predictor,0.0,0.0,0.0,0.0
1,1,3,128,instant,embedding,0.9430705404166102,0.33273995103056153,0.9529119014250721,0.09866778420963106
1,1,3,128,instant,decoder,1.000000026109598,2.390692730285478e-07,1.0000000748790454,0.5872736054072404
1,1,3,128,instant,decay,-0.9713832947403643,1.3035693040361742,0.3103650050727107,0.0009362933611553994
1,1,3,128,instant,phase,0.27697636632740186,0.9639173314969194,0.353477364774722,0.0024119907633550087
1,1,3,128,instant,write,0.7037960688299122,0.7831851188681649,0.37408715111967084,0.0019704492415045845
1,1,3,128,instant,phase_controller,0.27156577446849334,1.0033222512402962,0.5551208403682498,0.02470767752747197
1,1,3,128,instant,other,0.9980438383469794,0.06277843799806786,0.9923173589363266,0.2840333054257345
1,1,3,128,instant,predictor,0.0,0.0,0.0,0.0
2,0,3,2,trace,embedding,0.9912702406258773,0.15589693075789546,1.074461262960431,0.15154741949495268
2,0,3,2,trace,decoder,0.9999999564835889,0.0,0.999999999999309,0.4805587161384234
2,0,3,2,trace,decay,0.9945670580401058,0.16268653325184113,1.1195882515246882,0.00018728924856224326
2,0,3,2,trace,phase,1.0000000327454421,0.0,0.9999999999868083,0.0013181623161342196
2,0,3,2,trace,write,0.971470188970952,0.23757535641687602,0.9854953090204999,0.0009236096906638881
2,0,3,2,trace,phase_controller,1.000000034529489,0.0,0.9999999999958206,0.013132212400230684
2,0,3,2,trace,other,0.9935029781202601,0.11636798057086176,1.0177837623306178,0.35233186361090296
2,0,3,2,trace,predictor,0.0,0.0,0.0,0.0
2,0,3,2,instant,embedding,0.9309143908107903,0.3708753658765431,0.8664919916787728,0.15154741949495268
2,0,3,2,instant,decoder,0.9999999564835889,0.0,0.999999999999309,0.4805587161384234
2,0,3,2,instant,decay,0.3409455092663231,2.1299697684401653,2.2522317695572225,0.00018728924856224326
2,0,3,2,instant,phase,1.0000000327454421,0.0,0.9999999999868083,0.0013181623161342196
2,0,3,2,instant,write,0.08386473478527183,1.358946600495944,1.0078606801800565,0.0009236096906638881
2,0,3,2,instant,phase_controller,1.000000034529489,0.0,0.9999999999958206,0.013132212400230684
2,0,3,2,instant,other,0.9935029781202601,0.11636798057086176,1.0177837623306178,0.35233186361090296
2,0,3,2,instant,predictor,0.0,0.0,0.0,0.0
2,0,3,4,trace,embedding,0.9252392372054133,0.46222091149371636,0.66120195473914,0.21652842677638506
2,0,3,4,trace,decoder,1.000000058452728,3.3614780759501307e-08,0.9999999999989254,0.35371159179583367
2,0,3,4,trace,decay,0.903733157646746,0.4343979922464735,0.8300094475581951,0.00033100114057839234
2,0,3,4,trace,phase,0.8032009473512111,0.5979829818335421,0.8553092684017776,0.004049084063304311
2,0,3,4,trace,write,0.8736429833782948,0.48690879154672206,0.8918715606849859,0.0009239158476852313
2,0,3,4,trace,phase_controller,0.8081339304358145,0.5908696935998496,0.8551148946731331,0.04133613431063812
2,0,3,4,trace,other,0.9159484144485346,0.4064118452510796,0.8516658431147003,0.3831213653538476
2,0,3,4,trace,predictor,0.0,0.0,0.0,0.0
2,0,3,4,instant,embedding,0.8177084297544882,0.6173339303913158,0.5946653557560597,0.21652842677638506
2,0,3,4,instant,decoder,1.000000058452728,3.3614780759501307e-08,0.9999999999989254,0.35371159179583367
2,0,3,4,instant,decay,0.25928581875302703,1.6778504228905515,1.6312957170168005,0.00033100114057839234
2,0,3,4,instant,phase,0.7875261705169642,0.6180966662162134,0.7401879105000687,0.004049084063304311
2,0,3,4,instant,write,0.30612710163214224,1.1356757067709629,0.9253793677472756,0.0009239158476852313
2,0,3,4,instant,phase_controller,0.7896622171827069,0.6159166935825335,0.7356279542421693,0.04133613431063812
2,0,3,4,instant,other,0.9159484144485346,0.4064118452510796,0.8516658431147003,0.3831213653538476
2,0,3,4,instant,predictor,0.0,0.0,0.0,0.0
2,0,3,8,trace,embedding,0.790898357806428,0.6167015565838664,0.7144732863992925,0.13357172701153333
2,0,3,8,trace,decoder,1.0000000012849277,5.238243826816248e-08,0.9999999999985428,0.2785559578822524
2,0,3,8,trace,decay,0.9828245637275594,0.4233905346399772,0.6017686648932227,0.00033729694948930186
2,0,3,8,trace,phase,0.989167452620075,0.1938322955679974,1.1157501949731978,0.02424542392247738
2,0,3,8,trace,write,0.843788768821294,0.5383273119838669,0.8016524015724533,0.0015867575153683546
2,0,3,8,trace,phase_controller,0.9886393091971626,0.19426064611012958,1.111704827723949,0.24507094681348837
2,0,3,8,trace,other,0.8581626383101989,0.5168518717492708,0.798338086842034,0.3166328733931139
2,0,3,8,trace,predictor,0.0,0.0,0.0,0.0
2,0,3,8,instant,embedding,0.8062447626557782,0.6230771271313811,0.6106537825744759,0.13357172701153333
2,0,3,8,instant,decoder,1.0000000012849277,5.238243826816248e-08,0.9999999999985428,0.2785559578822524
2,0,3,8,instant,decay,-0.26178595234106916,1.2800988264133009,0.5791569549281353,0.00033729694948930186
2,0,3,8,instant,phase,0.9900404717631428,0.557223978628597,0.45089421574104244,0.02424542392247738
2,0,3,8,instant,write,0.5160153647850678,0.8578446856842106,0.4694407332421635,0.0015867575153683546
2,0,3,8,instant,phase_controller,0.9888754404587701,0.5539102083424655,0.4553108464045874,0.24507094681348837
2,0,3,8,instant,other,0.8581626383101989,0.5168518717492708,0.798338086842034,0.3166328733931139
2,0,3,8,instant,predictor,0.0,0.0,0.0,0.0
2,0,3,16,trace,embedding,0.8369821184190086,0.552747176357463,0.759077278334817,0.07145044776071265
2,0,3,16,trace,decoder,1.0000000009168735,9.752232221751999e-08,0.9999999999979343,0.167251628732418
2,0,3,16,trace,decay,0.9913218265017804,0.24281491182965428,0.787169860914916,0.0015188082755315654
2,0,3,16,trace,phase,0.9761711645047725,0.2911771470242787,0.7820212122023615,0.04812917986122943
2,0,3,16,trace,write,0.9150727438226679,0.479697118520743,0.6553278376721764,0.001949773852075586
2,0,3,16,trace,phase_controller,0.9760656369280559,0.29112610895880225,0.7825232676415677,0.4764298758605719
2,0,3,16,trace,other,0.8969801616711909,0.4810385031930228,0.7073188430262883,0.23327074932302105
2,0,3,16,trace,predictor,0.0,0.0,0.0,0.0
2,0,3,16,instant,embedding,0.7907416033232655,0.6343907113875312,0.6242364271141341,0.07145044776071265
2,0,3,16,instant,decoder,1.0000000009168735,9.752232221751999e-08,0.9999999999979343,0.167251628732418
2,0,3,16,instant,decay,0.45690082419091743,0.8912962424251052,0.40062215553472363,0.0015188082755315654
2,0,3,16,instant,phase,0.9590404996422798,0.6973396030075492,0.3218268339343414,0.04812917986122943
2,0,3,16,instant,write,0.2683820443863579,0.9665220589460132,0.3470818273973779,0.001949773852075586
2,0,3,16,instant,phase_controller,0.9570271803081445,0.6968404330250466,0.32339670374781465,0.4764298758605719
2,0,3,16,instant,other,0.8969801616711909,0.4810385031930228,0.7073188430262883,0.23327074932302105
2,0,3,16,instant,predictor,0.0,0.0,0.0,0.0
2,0,3,32,trace,embedding,0.8604591074296694,0.5145545232916486,0.7886508281824832,0.042809745635227915
2,0,3,32,trace,decoder,0.9999999407653789,1.0385979417966001e-07,0.9999999999978122,0.12226507410790767
2,0,3,32,trace,decay,0.9951817409038918,0.17623339585056036,0.8487411075572986,0.0013036086335027647
2,0,3,32,trace,phase,0.9772530622342889,0.2195781648908699,0.9203481286042461,0.058309840483415504
2,0,3,32,trace,write,0.8728497795947179,0.5168907948673898,0.7024302134349266,0.0013626032866348372
2,0,3,32,trace,phase_controller,0.9772215169053633,0.21974758474582376,0.920204897562599,0.5768152381947319
2,0,3,32,trace,other,0.8827509610178186,0.5308210596529878,0.6357270260289366,0.19713404059285894
2,0,3,32,trace,predictor,0.0,0.0,0.0,0.0
2,0,3,32,instant,embedding,0.8083013621928039,0.6072054956038068,0.659809849189705,0.042809745635227915
2,0,3,32,instant,decoder,0.9999999407653789,1.0385979417966001e-07,0.9999999999978122,0.12226507410790767
2,0,3,32,instant,decay,0.772012329533919,0.7915668292549094,0.3002274544228357,0.0013036086335027647
2,0,3,32,instant,phase,0.9771192223633458,0.7310623330552958,0.2776808902288617,0.058309840483415504
2,0,3,32,instant,write,0.30286378304222855,0.9533481192441517,0.327344305734638,0.0013626032866348372
2,0,3,32,instant,phase_controller,0.9733983901336707,0.7305109897297107,0.2797482673694132,0.5768152381947319
2,0,3,32,instant,other,0.8827509610178186,0.5308210596529878,0.6357270260289366,0.19713404059285894
2,0,3,32,instant,predictor,0.0,0.0,0.0,0.0
2,0,3,64,trace,embedding,0.8735237726879992,0.49317025136821957,0.7943983814695958,0.04006030775214772
2,0,3,64,trace,decoder,0.9999999909113456,1.9065907278244894e-07,1.0000001375224128,0.1215375912271091
2,0,3,64,trace,decay,0.9813722011653627,0.2580625955638159,0.809071140824588,0.0015391655165540945
2,0,3,64,trace,phase,0.9938647780606047,0.12001920857588,0.9472657515354932,0.05607707960418225
2,0,3,64,trace,write,0.8847631551691105,0.48196334856069634,0.7619044265266934,0.0014339903189475101
2,0,3,64,trace,phase_controller,0.9935114164113934,0.12288791411821735,0.9469674934171396,0.5560618111192237
2,0,3,64,trace,other,0.8962536691802321,0.5252551350666732,0.6148930656741654,0.22329020682428516
2,0,3,64,trace,predictor,0.0,0.0,0.0,0.0
2,0,3,64,instant,embedding,0.8130264292923173,0.5940642584119814,0.6950252469664506,0.04006030775214772
2,0,3,64,instant,decoder,0.9999999909113456,1.9065907278244894e-07,1.0000001375224128,0.1215375912271091
2,0,3,64,instant,decay,0.6634241323738196,0.859342515078672,0.24081180847953715,0.0015391655165540945
2,0,3,64,instant,phase,0.9816095939677566,0.7398904680894856,0.2667703018698422,0.05607707960418225
2,0,3,64,instant,write,0.46034703993682247,0.8939206460263667,0.35540273025795915,0.0014339903189475101
2,0,3,64,instant,phase_controller,0.9752800189770198,0.7390627800825852,0.27002478042719585,0.5560618111192237
2,0,3,64,instant,other,0.8962536691802321,0.5252551350666732,0.6148930656741654,0.22329020682428516
2,0,3,64,instant,predictor,0.0,0.0,0.0,0.0
2,0,3,128,trace,embedding,0.8711839075197899,0.49840353599745885,0.7853515775792568,0.040457115700693325
2,0,3,128,trace,decoder,1.0000000153683446,2.8602878204040067e-07,1.0000000689025261,0.11807725883344082
2,0,3,128,trace,decay,0.9855869465519818,0.21910866021366168,0.8463379743349168,0.002167607580022271
2,0,3,128,trace,phase,0.998281311381203,0.05941598767616364,0.9884838296123193,0.05571972541413231
2,0,3,128,trace,write,0.8830646809000606,0.487062247056792,0.752555489056886,0.0015261913058491762
2,0,3,128,trace,phase_controller,0.9976094320276742,0.06982565264046237,0.9876001402103637,0.5530871270017815
2,0,3,128,trace,other,0.9006478760265889,0.5202176280428769,0.6146530040747179,0.2289655428484029
2,0,3,128,trace,predictor,0.0,0.0,0.0,0.0
2,0,3,128,instant,embedding,0.7990311276777581,0.6141766638892829,0.6738777901012862,0.040457115700693325
2,0,3,128,instant,decoder,1.0000000153683446,2.8602878204040067e-07,1.0000000689025261,0.11807725883344082
2,0,3,128,instant,decay,0.7458727397988657,0.8478254498596287,0.22134042973863902,0.002167607580022271
2,0,3,128,instant,phase,0.9097564229610265,0.7549124024746245,0.27924105217239753,0.05571972541413231
2,0,3,128,instant,write,0.4271188895648517,0.9074413168794639,0.3504366335762794,0.0015261913058491762
2,0,3,128,instant,phase_controller,0.9043148042273453,0.754306550425798,0.2824114899497806,0.5530871270017815
2,0,3,128,instant,other,0.9006478760265889,0.5202176280428769,0.6146530040747179,0.2289655428484029
2,0,3,128,instant,predictor,0.0,0.0,0.0,0.0
2,1,3,2,trace,embedding,0.976202262407286,0.28388253845769645,0.7930083146329141,0.18778793928708276
2,1,3,2,trace,decoder,1.0000000098678676,0.0,0.9999999999992207,0.4562234880100488
2,1,3,2,trace,decay,0.9996411184166301,0.028073333966671343,1.0080421205282033,0.0007381403469886463
2,1,3,2,trace,phase,0.9999999132898887,0.0,0.9999999999851782,0.0012610089802022992
2,1,3,2,trace,write,0.9678512104497754,0.2577892222688808,1.0243415683124397,0.0017538647360618815
2,1,3,2,trace,phase_controller,0.9999999578153035,0.0,0.9999999999953726,0.01293735255075876
2,1,3,2,trace,other,0.9862557222112805,0.1727804667109108,0.9357270261269042,0.33929848467789925
2,1,3,2,trace,predictor,0.0,0.0,0.0,0.0
2,1,3,2,instant,embedding,0.9509822776949898,0.375537926087247,0.7379190509731116,0.18778793928708276
2,1,3,2,instant,decoder,1.0000000098678676,0.0,0.9999999999992207,0.4562234880100488
2,1,3,2,instant,decay,0.9487846242156643,0.48733338047411834,0.5777236833067213,0.0007381403469886463
2,1,3,2,instant,phase,0.9999999132898887,0.0,0.9999999999851782,0.0012610089802022992
2,1,3,2,instant,write,0.9574225567352671,0.35519051603996815,0.750497122131858,0.0017538647360618815
2,1,3,2,instant,phase_controller,0.9999999578153035,0.0,0.9999999999953726,0.01293735255075876
2,1,3,2,instant,other,0.9862557222112805,0.1727804667109108,0.9357270261269042,0.33929848467789925
2,1,3,2,instant,predictor,0.0,0.0,0.0,0.0
2,1,3,4,trace,embedding,0.9561751312746372,0.29329339997417736,0.9390907454600355,0.11232420567314472
2,1,3,4,trace,decoder,1.0000000154736985,4.197728875040515e-08,0.9999999999988906,0.47436974795579173
2,1,3,4,trace,decay,0.9753452554751764,0.23079014841926282,0.9078009169440485,0.0007626988775903274
2,1,3,4,trace,phase,0.9557105912280743,0.30659140248126315,0.8697978152955587,0.006097260182289608
2,1,3,4,trace,write,0.8560363785542302,0.5315472561618773,0.9798931434574853,0.0010768835107614917
2,1,3,4,trace,phase_controller,0.9557602111557101,0.3063417049313183,0.870185697928107,0.0604936945859248
2,1,3,4,trace,other,0.9807430570544963,0.19757904810701282,0.9508374498454187,0.34487608138055853
2,1,3,4,trace,predictor,0.0,0.0,0.0,0.0
2,1,3,4,instant,embedding,0.8944558299975404,0.45542822815928374,0.9808617079421204,0.11232420567314472
2,1,3,4,instant,decoder,1.0000000154736985,4.197728875040515e-08,0.9999999999988906,0.47436974795579173
2,1,3,4,instant,decay,0.7144719959405519,0.7134591436050236,0.5748507878968904,0.0007626988775903274
2,1,3,4,instant,phase,0.9855734722496367,0.5540043450640811,0.4580549069872912,0.006097260182289608
2,1,3,4,instant,write,0.730022465177738,0.6893797346139333,0.8204490735521841,0.0010768835107614917
2,1,3,4,instant,phase_controller,0.9721407456330409,0.5572719305984527,0.46656205832769043,0.0604936945859248
2,1,3,4,instant,other,0.9807430570544963,0.19757904810701282,0.9508374498454187,0.34487608138055853
2,1,3,4,instant,predictor,0.0,0.0,0.0,0.0
2,1,3,8,trace,embedding,0.9609091078850307,0.27688755343117727,0.9645195009896308,0.08882407296515361
2,1,3,8,trace,decoder,0.9999999301834909,6.319564434809289e-08,1.0000000890359015,0.4874597135844004
2,1,3,8,trace,decay,0.9562477732358887,0.2929664650862734,0.9717127701693647,0.00024567644177446956
2,1,3,8,trace,phase,0.9838156226463238,0.17960551595422483,0.9961164331007263,0.02081309621484793
2,1,3,8,trace,write,0.5935733978544723,0.8179483459685944,0.7397541572269427,0.0020029604992355555
2,1,3,8,trace,phase_controller,0.9840031625591767,0.1787375792580793,0.9984695451054749,0.20990474299789774
2,1,3,8,trace,other,0.9790078284375694,0.20524689468969626,0.954882625350211,0.19074967841919271
2,1,3,8,trace,predictor,0.0,0.0,0.0,0.0
2,1,3,8,instant,embedding,0.8518012119927959,0.5349540384708377,0.9601595150355463,0.08882407296515361
2,1,3,8,instant,decoder,0.9999999301834909,6.319564434809289e-08,1.0000000890359015,0.4874597135844004
2,1,3,8,instant,decay,0.37711706009125856,0.9523231020356552,0.5987848465845972,0.00024567644177446956
2,1,3,8,instant,phase,0.9412179441871382,0.6293143965549104,0.41024932669354836,0.02081309621484793
2,1,3,8,instant,write,0.7168474154486706,0.7246968896146585,0.519221869198818,0.0020029604992355555
2,1,3,8,instant,phase_controller,0.9372409267228986,0.6260672444918477,0.41725940501376446,0.20990474299789774
2,1,3,8,instant,other,0.9790078284375694,0.20524689468969626,0.954882625350211,0.19074967841919271
2,1,3,8,instant,predictor,0.0,0.0,0.0,0.0
2,1,3,16,trace,embedding,0.9106831811381876,0.4154403795960198,0.8667026246108345,0.03494792133801178
2,1,3,16,trace,decoder,1.0000000197828538,7.699822557255844e-08,0.9999999999978973,0.1722520858845381
2,1,3,16,trace,decay,0.8987926118185585,0.4425765674032038,0.959634708619834,0.0003129851191828715
2,1,3,16,trace,phase,0.9886061097853477,0.18838902056934037,0.8753253194628823,0.06424979242971116
2,1,3,16,trace,write,0.9308774206259046,0.36534361588687186,0.933824020321413,0.0006093946768921447
2,1,3,16,trace,phase_controller,0.9884070034445276,0.1890395279023444,0.8757822982217943,0.63691121455324
2,1,3,16,trace,other,0.9547398737595367,0.29836772743745665,0.9312560870626608,0.09071672619765558
2,1,3,16,trace,predictor,0.0,0.0,0.0,0.0
2,1,3,16,instant,embedding,0.7339750180000815,0.6900040428313485,0.8557320187727877,0.03494792133801178
2,1,3,16,instant,decoder,1.0000000197828538,7.699822557255844e-08,0.9999999999978973,0.1722520858845381
2,1,3,16,instant,decay,0.453300846435959,0.9036945347532686,0.602113819345617,0.0003129851191828715
2,1,3,16,instant,phase,0.8899890578186842,0.8842152558266961,0.13241577040990657,0.06424979242971116
2,1,3,16,instant,write,0.6630433520781243,0.749361784198962,0.6288468262164877,0.0006093946768921447
2,1,3,16,instant,phase_controller,0.8504721151269045,0.8845149825962336,0.13936768873526156,0.63691121455324
2,1,3,16,instant,other,0.9547398737595367,0.29836772743745665,0.9312560870626608,0.09071672619765558
2,1,3,16,instant,predictor,0.0,0.0,0.0,0.0
2,1,3,32,trace,embedding,0.9110061278080522,0.42601317733366345,0.8041452573286259,0.1470983509709147
2,1,3,32,trace,decoder,1.0000000387364674,1.0579305090790974e-07,1.000000067406008,0.43281396814550543
2,1,3,32,trace,decay,0.875988109949951,0.5106448076058379,0.7083178761950504,0.0016978505843075699
2,1,3,32,trace,phase,0.8181219843548923,0.7043536725572096,1.224862518657899,0.017215593842101397
2,1,3,32,trace,write,0.7178169118613098,0.6972089464603114,0.6809244402633414,0.0017865609657581193
2,1,3,32,trace,phase_controller,0.8189230628256876,0.7001922899420965,1.2200516199070595,0.1751749585184265
2,1,3,32,trace,other,0.9663984101678402,0.2576472892156493,0.983939458728992,0.22421236049359958
2,1,3,32,trace,predictor,0.0,0.0,0.0,0.0
2,1,3,32,instant,embedding,0.6731745026294944,0.7426098625788471,0.7412411259005482,0.1470983509709147
2,1,3,32,instant,decoder,1.0000000387364674,1.0579305090790974e-07,1.000000067406008,0.43281396814550543
2,1,3,32,instant,decay,0.8991759184338666,0.7169272889760289,0.33128339786175204,0.0016978505843075699
2,1,3,32,instant,phase,0.12789648040659413,0.9978617958705891,0.2378312061674982,0.017215593842101397
2,1,3,32,instant,write,0.816788313876941,0.6248954988336274,0.5767103810048531,0.0017865609657581193
2,1,3,32,instant,phase_controller,0.13499707192075977,0.9980363072793433,0.2545820114803346,0.1751749585184265
2,1,3,32,instant,other,0.9663984101678402,0.2576472892156493,0.983939458728992,0.22421236049359958
2,1,3,32,instant,predictor,0.0,0.0,0.0,0.0
2,1,3,64,trace,embedding,0.8933318783318948,0.4695720144148118,0.7571734055614046,0.19445157193619997
2,1,3,64,trace,decoder,1.0000000468581307,1.4721666185557202e-07,0.9999999999977512,0.41835189620362134
2,1,3,64,trace,decay,0.9019797611245309,0.5277058959480851,0.598597409667258,0.0027324489548535276
2,1,3,64,trace,phase,0.7026848782375373,0.8665930263541439,1.197406634685973,0.015327206492555829
2,1,3,64,trace,write,0.6693162797025612,0.7430302071055206,0.660479325784376,0.001966516030451143
2,1,3,64,trace,phase_controller,0.7062890972815764,0.8609489774911805,1.1962658198516594,0.15701670507830853
2,1,3,64,trace,other,0.93698007544518,0.34947738328137823,0.9451112734774498,0.2101529613877352
2,1,3,64,trace,predictor,0.0,0.0,0.0,0.0
2,1,3,64,instant,embedding,0.6210483759328225,0.7842696991473559,0.6489744666268236,0.19445157193619997
2,1,3,64,instant,decoder,1.0000000468581307,1.4721666185557202e-07,0.9999999999977512,0.41835189620362134
2,1,3,64,instant,decay,0.9162289634711476,0.6971390507619423,0.34572182897611325,0.0027324489548535276
2,1,3,64,instant,phase,0.071753823994014,1.026427875763129,0.3140403210818008,0.015327206492555829
2,1,3,64,instant,write,0.7587402796996057,0.6935365307302644,0.5206651519044471,0.001966516030451143
2,1,3,64,instant,phase_controller,0.0644046238947501,1.0315736917625316,0.3257324072752407,0.15701670507830853
2,1,3,64,instant,other,0.93698007544518,0.34947738328137823,0.9451112734774498,0.2101529613877352
2,1,3,64,instant,predictor,0.0,0.0,0.0,0.0
2,1,3,128,trace,embedding,0.8903469342484504,0.4773683464619029,0.7468256641883202,0.18437138819891494
2,1,3,128,trace,decoder,0.999999937947433,2.1537048963557157e-07,1.0000000671209912,0.4007929418079797
2,1,3,128,trace,decay,0.904779832279879,0.5352108658900689,0.5806234318891129,0.002381049046085451
2,1,3,128,trace,phase,0.7987754911463166,0.7256431588464303,1.2044851831528236,0.01761625692631749
2,1,3,128,trace,write,0.6613054386902378,0.750309065723968,0.6782966821341746,0.0017270177127305677
2,1,3,128,trace,phase_controller,0.7988060493250208,0.7255100404922177,1.2043378328032273,0.17897078352425033
2,1,3,128,trace,other,0.9363608909821319,0.3511194791547852,0.9288921180311677,0.21414025805699877
2,1,3,128,trace,predictor,0.0,0.0,0.0,0.0
2,1,3,128,instant,embedding,0.6067679780218981,0.7953638070864152,0.6345412666603106,0.18437138819891494
2,1,3,128,instant,decoder,0.999999937947433,2.1537048963557157e-07,1.0000000671209912,0.4007929418079797
2,1,3,128,instant,decay,0.8957284139837981,0.7036424954662021,0.3503456555694989,0.002381049046085451
2,1,3,128,instant,phase,-0.09223363530193333,1.0494419014202871,0.23918050693656326,0.01761625692631749
2,1,3,128,instant,write,0.751128716394481,0.7005643709070126,0.51664021242727,0.0017270177127305677
2,1,3,128,instant,phase_controller,-0.08749014979859249,1.0533740228620623,0.2549296431089107,0.17897078352425033
2,1,3,128,instant,other,0.9363608909821319,0.3511194791547852,0.9288921180311677,0.21414025805699877
2,1,3,128,instant,predictor,0.0,0.0,0.0,0.0
1,0,4,2,trace,embedding,0.9999999508074644,3.885398040060358e-08,0.9999999999979141,0.14085626107395166
1,0,4,2,trace,decoder,1.000000030543088,0.0,0.9999999999989484,0.5542285331082227
1,0,4,2,trace,decay,1.000000092698662,1.0713914170739722e-07,1.000000107110382,0.0007409874546610739
1,0,4,2,trace,phase,0.9999999526470722,0.0,0.9999999999637565,0.00046657977112163693
1,0,4,2,trace,write,0.8567763774522562,0.5256124856400348,0.958434070648158,0.0022271317901203886
1,0,4,2,trace,phase_controller,0.9999999929520067,0.0,0.9999999999887815,0.0048699172116357615
1,0,4,2,trace,other,0.9999999194903653,0.0,0.9999999999985626,0.2966103359872051
1,0,4,2,trace,predictor,0.0,0.0,0.0,0.0
1,0,4,2,instant,embedding,0.9393692747745106,0.3432140248812488,0.95388113342519,0.14085626107395166
1,0,4,2,instant,decoder,1.000000030543088,0.0,0.9999999999989484,0.5542285331082227
1,0,4,2,instant,decay,0.883633170204598,0.7465917699567907,0.30207776543737486,0.0007409874546610739
1,0,4,2,instant,phase,0.9999999526470722,0.0,0.9999999999637565,0.00046657977112163693
1,0,4,2,instant,write,0.8558315564815222,0.6531724271563989,0.456980808101817,0.0022271317901203886
1,0,4,2,instant,phase_controller,0.9999999929520067,0.0,0.9999999999887815,0.0048699172116357615
1,0,4,2,instant,other,0.9999999194903653,0.0,0.9999999999985626,0.2966103359872051
1,0,4,2,instant,predictor,0.0,0.0,0.0,0.0
1,0,4,4,trace,embedding,1.000000016623247,5.8752236742781626e-08,0.9999999999968262,0.08331051327237766
1,0,4,4,trace,decoder,0.999999953692625,4.921774361912771e-08,0.9999999999987409,0.5293716258845882
1,0,4,4,trace,decay,1.0000000503966324,1.2366283498641368e-09,0.999999999957838,0.0004721042001654793
1,0,4,4,trace,phase,0.9999999287624733,6.449976954959576e-07,1.0000006497392784,2.1109316362596565e-05
1,0,4,4,trace,write,0.9774409932346291,0.21347401791778955,0.9464202346498096,0.0006140917325863155
1,0,4,4,trace,phase_controller,0.999999987408871,3.246181488031408e-07,0.9999998536636223,0.0021760796016473557
1,0,4,4,trace,other,1.000000069055746,3.797513722130831e-08,0.9999999999985217,0.38403488614764797
1,0,4,4,trace,predictor,0.0,0.0,0.0,0.0
1,0,4,4,instant,embedding,0.964082705776764,0.27126494970181214,1.0192206172612024,0.08331051327237766
1,0,4,4,instant,decoder,0.999999953692625,4.921774361912771e-08,0.9999999999987409,0.5293716258845882
1,0,4,4,instant,decay,0.972390399276253,0.41494893936221316,0.6292788733571403,0.0004721042001654793
1,0,4,4,instant,phase,-0.78669332345603,2.396812626010609,1.5292507216144586,2.1109316362596565e-05
1,0,4,4,instant,write,0.8327825769335478,0.5658750950376336,0.7155575423136803,0.0006140917325863155
1,0,4,4,instant,phase_controller,0.8314399344956578,0.9243895080181472,1.5702147695320043,0.0021760796016473557
1,0,4,4,instant,other,1.000000069055746,3.797513722130831e-08,0.9999999999985217,0.38403488614764797
1,0,4,4,instant,predictor,0.0,0.0,0.0,0.0
1,0,4,8,trace,embedding,0.9999998646227664,8.725744898482632e-08,0.999999999995025,0.05575699010564072
1,0,4,8,trace,decoder,1.0000000474071535,7.611651146463097e-08,0.9999999003275901,0.4935157427085988
1,0,4,8,trace,decay,0.9999999444250542,1.2367863372596991e-07,0.9999998762640602,7.834599963975324e-05
1,0,4,8,trace,phase,1.0000000739026635,1.0197013526533363e-08,0.9999999999893974,0.01227589188718898
1,0,4,8,trace,write,0.8736502373319129,0.5074368246910465,1.017722906029193,0.00040963711653163175
1,0,4,8,trace,phase_controller,0.9999999846458292,1.0157622332595028e-07,0.999999999996658,0.12355004998494377
1,0,4,8,trace,other,0.9999999612064923,7.630389897502491e-08,0.999999999997905,0.314413659644606
1,0,4,8,trace,predictor,0.0,0.0,0.0,0.0
1,0,4,8,instant,embedding,0.9391455451104764,0.3571124998907313,1.036731753990064,0.05575699010564072
1,0,4,8,instant,decoder,1.0000000474071535,7.611651146463097e-08,0.9999999003275901,0.4935157427085988
1,0,4,8,instant,decay,0.9573746436096382,0.48459387806587545,1.3464730560493932,7.834599963975324e-05
1,0,4,8,instant,phase,0.8701752646333755,0.6686534266661254,0.41817706481024425,0.01227589188718898
1,0,4,8,instant,write,0.7627375415971723,0.6540892156959002,0.6647515762419797,0.00040963711653163175
1,0,4,8,instant,phase_controller,0.8507377729851623,0.6639749143154248,0.4450067679335406,0.12355004998494377
1,0,4,8,instant,other,0.9999999612064923,7.630389897502491e-08,0.999999999997905,0.314413659644606
1,0,4,8,instant,predictor,0.0,0.0,0.0,0.0
1,0,4,16,trace,embedding,0.9999999907489432,1.0649377379995988e-07,1.0000000949022125,0.03786590866850956
1,0,4,16,trace,decoder,1.0000001130983645,9.407007076717308e-08,0.9999999271997634,0.2574440765488432
1,0,4,16,trace,decay,0.999999985533332,4.3793591869647155e-07,0.9999995897715758,3.170254102174646e-05
1,0,4,16,trace,phase,0.9999999631877389,1.7267923755441736e-07,1.0000001674985952,0.04862592297385795
1,0,4,16,trace,write,0.7805220719317074,0.6711097953649514,1.0246593644967286,0.00022876310875895986
1,0,4,16,trace,phase_controller,1.0000000102466358,1.101520904250437e-07,0.9999999999982236,0.4867857160331341
1,0,4,16,trace,other,0.9999999045755149,8.687646606246726e-08,0.9999999999969854,0.16901786569227567
1,0,4,16,trace,predictor,0.0,0.0,0.0,0.0
1,0,4,16,instant,embedding,0.8335657493283171,0.5667940972520609,0.960401672093275,0.03786590866850956
1,0,4,16,instant,decoder,1.0000001130983645,9.407007076717308e-08,0.9999999271997634,0.2574440765488432
1,0,4,16,instant,decay,0.8323693789814126,2.118074805548588,2.8766487965049294,3.170254102174646e-05
1,0,4,16,instant,phase,0.8996718125480555,0.8523381662160078,0.16762698578247254,0.04862592297385795
1,0,4,16,instant,write,0.4519382757346138,1.0305866142537292,0.9680360309322182,0.00022876310875895986
1,0,4,16,instant,phase_controller,0.8857506292303171,0.8494811692623996,0.17429258608095288,0.4867857160331341
1,0,4,16,instant,other,0.9999999045755149,8.687646606246726e-08,0.9999999999969854,0.16901786569227567
1,0,4,16,instant,predictor,0.0,0.0,0.0,0.0
1,0,4,32,trace,embedding,1.0000001137408878,1.1094183264492935e-07,0.9999999999943583,0.05602413926446658
1,0,4,32,trace,decoder,0.9999999642651559,9.759959804167751e-08,0.9999999999974533,0.2749081078965452
1,0,4,32,trace,decay,1.0000000975286334,3.3109525617566515e-07,0.9999999090673732,0.0001874478774375703
1,0,4,32,trace,phase,1.0000000227045551,1.2047084204292385e-07,1.0000000934653424,0.04531774911246173
1,0,4,32,trace,write,0.9290091728332349,0.37025197056102405,0.9410425375504429,0.00023634611937827925
1,0,4,32,trace,phase_controller,0.9999998945372313,5.983899053538e-08,0.9999999999980248,0.4570152598002652
1,0,4,32,trace,other,1.0000000574585888,1.191968538327475e-07,1.0000000975817214,0.16631128600315065
1,0,4,32,trace,predictor,0.0,0.0,0.0,0.0
1,0,4,32,instant,embedding,0.7312398371813627,0.6890319608968182,0.828585655130193,0.05602413926446658
1,0,4,32,instant,decoder,0.9999999642651559,9.759959804167751e-08,0.9999999999974533,0.2749081078965452
1,0,4,32,instant,decay,0.940603500305138,0.5061244652839222,1.3159656936369375,0.0001874478774375703
1,0,4,32,instant,phase,0.6900767494945065,0.8960360089994347,0.16179048617757105,0.04531774911246173
1,0,4,32,instant,write,0.6601580656007359,0.9183958432305659,1.1886083372208927,0.00023634611937827925
1,0,4,32,instant,phase_controller,0.6887342358389853,0.8924845468796335,0.16826940907071683,0.4570152598002652
1,0,4,32,instant,other,1.0000000574585888,1.191968538327475e-07,1.0000000975817214,0.16631128600315065
1,0,4,32,instant,predictor,0.0,0.0,0.0,0.0
1,0,4,64,trace,embedding,0.9999999932663872,1.29835437936821e-07,1.0000000740527346,0.08948412951833179
1,0,4,64,trace,decoder,1.0000000084391627,1.4811886495786108e-07,0.9999999999973616,0.3174819621175785
1,0,4,64,trace,decay,0.9999999125152428,3.5086160047744107e-07,0.9999997192847118,0.0003894641851021727
1,0,4,64,trace,phase,0.9999998979994169,8.348646858888896e-08,0.9999999999924034,0.038300951273938115
1,0,4,64,trace,write,0.8895968114809175,0.46876476297096625,0.7841309105351681,0.0003156665869568266
1,0,4,64,trace,phase_controller,0.9999999376434048,1.0371174604037469e-07,1.0000000709308947,0.3901633596470399
1,0,4,64,trace,other,0.9999999323453984,1.704244328128921e-07,1.0000001094497302,0.1638656657693332
1,0,4,64,trace,predictor,0.0,0.0,0.0,0.0
1,0,4,64,instant,embedding,0.680565411507299,0.7359909483674577,0.7502215065906657,0.08948412951833179
1,0,4,64,instant,decoder,1.0000000084391627,1.4811886495786108e-07,0.9999999999973616,0.3174819621175785
1,0,4,64,instant,decay,0.9100989710053358,0.4470268932722049,1.077768698994057,0.0003894641851021727
1,0,4,64,instant,phase,0.6549360686277725,0.869434680487717,0.22498481449631919,0.038300951273938115
1,0,4,64,instant,write,0.4683842462343665,1.095863886649331,1.1166907289972259,0.0003156665869568266
1,0,4,64,instant,phase_controller,0.6617035931963913,0.8651433604022493,0.2300501760700271,0.3901633596470399
1,0,4,64,instant,other,0.9999999323453984,1.704244328128921e-07,1.0000001094497302,0.1638656657693332
1,0,4,64,instant,predictor,0.0,0.0,0.0,0.0
1,0,4,128,trace,embedding,0.9999999428892034,2.2116517227503819e-07,0.9999999999950454,0.09132780022881154
1,0,4,128,trace,decoder,0.999999929677967,2.1264964652102365e-07,0.9999999201868177,0.31260719338723886
1,0,4,128,trace,decay,0.9999999751555935,2.2035733704874047e-07,0.999999911831279,0.0002506814391236172
1,0,4,128,trace,phase,1.000000111928111,8.199386250477798e-08,0.9999999999924306,0.03912970778760761
1,0,4,128,trace,write,0.8245306816070965,0.5662944885330543,0.8012882625933697,0.000372714246634061
1,0,4,128,trace,phase_controller,1.000000082718478,1.055662187363204e-07,1.0000001413798614,0.39846427839077125
1,0,4,128,trace,other,1.000000058561077,2.785848516517645e-07,1.0000002246275497,0.15784777242091722
1,0,4,128,trace,predictor,0.0,0.0,0.0,0.0
1,0,4,128,instant,embedding,0.6707530317421316,0.7454368398711514,0.745491473464314,0.09132780022881154
1,0,4,128,instant,decoder,0.999999929677967,2.1264964652102365e-07,0.9999999201868177,0.31260719338723886
1,0,4,128,instant,decay,0.8093881215792036,0.7677598224192247,1.3039226728849298,0.0002506814391236172
1,0,4,128,instant,phase,0.660867559740811,0.8584366719279063,0.24414299295804706,0.03912970778760761
1,0,4,128,instant,write,0.4446669527684896,1.072060770168687,1.0337704322571422,0.000372714246634061
1,0,4,128,instant,phase_controller,0.664702616075803,0.8553881723420652,0.24814725652312344,0.39846427839077125
1,0,4,128,instant,other,1.000000058561077,2.785848516517645e-07,1.0000002246275497,0.15784777242091722
1,0,4,128,instant,predictor,0.0,0.0,0.0,0.0
1,1,4,2,trace,embedding,0.999942102027732,0.01110908657980344,0.9971662252771546,0.1013963085339419
1,1,4,2,trace,decoder,1.0000000670662859,0.0,0.999999999999183,0.6378380269614503
1,1,4,2,trace,decay,0.9999994908841061,0.013123580796310102,1.0131004355622286,0.0008436615148035664
1,1,4,2,trace,phase,1.000000036946668,0.0,0.9999999999825468,0.0013974500253031035
1,1,4,2,trace,write,0.9617999067953699,0.2753775950231332,0.9319366611643725,0.004305519032325727
1,1,4,2,trace,phase_controller,1.000000070515771,0.0,0.9999999999944476,0.013807536914805222
1,1,4,2,trace,other,0.9999072004285827,0.013652805840182336,1.0010788924742595,0.24041350403913067
1,1,4,2,trace,predictor,0.0,0.0,0.0,0.0
1,1,4,2,instant,embedding,0.9745644562783947,0.24316596942255533,0.8801946582836917,0.1013963085339419
1,1,4,2,instant,decoder,1.0000000670662859,0.0,0.999999999999183,0.6378380269614503
1,1,4,2,instant,decay,0.9369850918621535,0.5538753373621629,0.5071955118248136,0.0008436615148035664
1,1,4,2,instant,phase,1.000000036946668,0.0,0.9999999999825468,0.0013974500253031035
1,1,4,2,instant,write,0.9879560529501692,0.42342586382895897,0.5938157581578497,0.004305519032325727
1,1,4,2,instant,phase_controller,1.000000070515771,0.0,0.9999999999944476,0.013807536914805222
1,1,4,2,instant,other,0.9999072004285827,0.013652805840182336,1.0010788924742595,0.24041350403913067
1,1,4,2,instant,predictor,0.0,0.0,0.0,0.0
1,1,4,4,trace,embedding,0.9998330353820334,0.018700852900308363,1.0038156442985693,0.11786325398550569
1,1,4,4,trace,decoder,0.9999999688692917,4.494421384664217e-08,0.9999999999987152,0.6346714853205684
1,1,4,4,trace,decay,0.9999999933948637,0.002758314609149022,1.0027579154786224,0.002239053840569256
1,1,4,4,trace,phase,0.999569397863363,0.03451441975332954,0.9813984893110181,0.0028875213491981228
1,1,4,4,trace,write,0.5355783808391521,0.9135032719859172,0.8839063755279979,0.006578944478936203
1,1,4,4,trace,phase_controller,0.9995854638870009,0.03298762312595925,0.9834898301165123,0.03130676892986115
1,1,4,4,trace,other,0.999923044376978,0.015593786649011157,1.009347684494728,0.20445268900201194
1,1,4,4,trace,predictor,0.0,0.0,0.0,0.0
1,1,4,4,instant,embedding,0.8862671721463456,0.46814968527414086,0.9543394979839597,0.11786325398550569
1,1,4,4,instant,decoder,0.9999999688692917,4.494421384664217e-08,0.9999999999987152,0.6346714853205684
1,1,4,4,instant,decay,0.940370905637724,0.6079248069641908,0.4365158503297077,0.002239053840569256
1,1,4,4,instant,phase,0.9194634102527798,0.6838183815235712,0.35998098836372255,0.0028875213491981228
1,1,4,4,instant,write,0.9256838527195623,0.5424415758994908,0.5369249278509601,0.006578944478936203
1,1,4,4,instant,phase_controller,0.8645691890106258,0.6592698316285351,0.43781804032943783,0.03130676892986115
1,1,4,4,instant,other,0.999923044376978,0.015593786649011157,1.009347684494728,0.20445268900201194
1,1,4,4,instant,predictor,0.0,0.0,0.0,0.0
1,1,4,8,trace,embedding,0.9997990805044532,0.02007314259426971,1.0008070582875401,0.11116922153848652
1,1,4,8,trace,decoder,0.9999998974446064,5.344922276460985e-08,0.9999999999982493,0.6243686397271179
1,1,4,8,trace,decay,0.9999940483923779,0.0044002584316324925,1.0027552584558732,0.0007507207620989978
1,1,4,8,trace,phase,0.9998382060345807,0.018693590945372374,0.9947396198635738,0.008331510633198966
1,1,4,8,trace,write,0.7509296075527231,0.7121323736981345,1.0174405173424148,0.003228291996607903
1,1,4,8,trace,phase_controller,0.9998417228314346,0.018579630649033303,0.9944803638238939,0.08468716216260087
1,1,4,8,trace,other,0.9996922982210732,0.02520162823819949,0.9952726778497398,0.1674660596067767
1,1,4,8,trace,predictor,0.0,0.0,0.0,0.0
1,1,4,8,instant,embedding,0.8569906029086269,0.5154096571977811,0.8659448603692639,0.11116922153848652
1,1,4,8,instant,decoder,0.9999998974446064,5.344922276460985e-08,0.9999999999982493,0.6243686397271179
1,1,4,8,instant,decay,-0.6883646928270578,1.0851379392003113,0.11871054032955967,0.0007507207620989978
1,1,4,8,instant,phase,0.29441592323738314,0.963430726269255,0.4163982238447355,0.008331510633198966
1,1,4,8,instant,write,0.6033136791447266,0.8501828647399192,0.30869819137143306,0.003228291996607903
1,1,4,8,instant,phase_controller,0.32633643986079197,0.9524629719727804,0.44330290330541017,0.08468716216260087
1,1,4,8,instant,other,0.9996922982210732,0.02520162823819949,0.9952726778497398,0.1674660596067767
1,1,4,8,instant,predictor,0.0,0.0,0.0,0.0
1,1,4,16,trace,embedding,0.9995321224279561,0.030684901453361654,1.0018676024291917,0.1144025901046793
1,1,4,16,trace,decoder,0.9999999447592279,7.59366587939532e-08,1.0000000748277256,0.6780056156265282
1,1,4,16,trace,decay,0.9999000836125856,0.032044614293929005,1.0286575488366392,0.00023565846924627248
1,1,4,16,trace,phase,0.9998769808177889,0.05276897127715245,0.9494934421855277,0.0020654559925206194
1,1,4,16,trace,write,0.7389483063177078,0.8059207841666588,1.1811620098327982,0.0018524233299897703
1,1,4,16,trace,phase_controller,0.9998683875858642,0.05138006539180326,0.9511174465871137,0.022019617902311384
1,1,4,16,trace,other,0.9991128854010988,0.04219053381184066,1.0016484842228957,0.1814198082428616
1,1,4,16,trace,predictor,0.0,0.0,0.0,0.0
1,1,4,16,instant,embedding,0.9005364201343893,0.43484418398787933,0.9080123824244861,0.1144025901046793
1,1,4,16,instant,decoder,0.9999999447592279,7.59366587939532e-08,1.0000000748277256,0.6780056156265282
1,1,4,16,instant,decay,-0.4567670546292209,1.2031598635655272,0.35331297010415763,0.00023565846924627248
1,1,4,16,instant,phase,0.7281397045551826,0.69525793422678,0.8446343481390576,0.0020654559925206194
1,1,4,16,instant,write,0.3797869018674999,0.9260544854647951,0.33718185677019,0.0018524233299897703
1,1,4,16,instant,phase_controller,0.713392662912757,0.71357102905077,0.8479765627379722,0.022019617902311384
1,1,4,16,instant,other,0.9991128854010988,0.04219053381184066,1.0016484842228957,0.1814198082428616
1,1,4,16,instant,predictor,0.0,0.0,0.0,0.0
1,1,4,32,trace,embedding,0.9991242622000486,0.04189991721275102,0.9968653091787865,0.08580401186782867
1,1,4,32,trace,decoder,1.0000000473997315,9.423624782198102e-08,0.9999999200781583,0.38559764112514144
1,1,4,32,trace,decay,0.9999722496252673,0.021859382476342545,0.9794206792722905,0.0011455305924013969
1,1,4,32,trace,phase,0.9981975639282714,0.07798135988802263,1.0479919885904272,0.039234448022538816
1,1,4,32,trace,write,0.8247617921283226,0.629245047686454,1.1007723785610501,0.0013917690604488765
1,1,4,32,trace,phase_controller,0.9982182334776205,0.07740142626969411,1.0475158545824015,0.3935283595837433
1,1,4,32,trace,other,0.9978965767369512,0.06511839788060445,1.004047370032615,0.09329807650491459
1,1,4,32,trace,predictor,0.0,0.0,0.0,0.0
1,1,4,32,instant,embedding,0.8333010952129611,0.5528197731911128,0.8324972181212941,0.08580401186782867
1,1,4,32,instant,decoder,1.0000000473997315,9.423624782198102e-08,0.9999999200781583,0.38559764112514144
1,1,4,32,instant,decay,0.9660541613170135,0.5871723865370474,0.43876675649704877,0.0011455305924013969
1,1,4,32,instant,phase,0.9697032528639806,0.7208045875581297,0.2915560409685379,0.039234448022538816
1,1,4,32,instant,write,-0.33257441399120863,1.1711300838035992,0.3617966906449704,0.0013917690604488765
1,1,4,32,instant,phase_controller,0.9573652007712996,0.726878688737943,0.29035646067594206,0.3935283595837433
1,1,4,32,instant,other,0.9978965767369512,0.06511839788060445,1.004047370032615,0.09329807650491459
1,1,4,32,instant,predictor,0.0,0.0,0.0,0.0
1,1,4,64,trace,embedding,0.9980338403482352,0.0627428153676456,0.9952518839814454,0.06689278902030357
1,1,4,64,trace,decoder,0.9999999332236951,1.6657726394959852e-07,0.9999999999973158,0.24722697211405115
1,1,4,64,trace,decay,0.9999866736079178,0.014674709202672645,0.9862484941582944,0.0012704691573191566
1,1,4,64,trace,phase,0.9974808202826114,0.09148156168242179,1.0552465599760508,0.05534428834383663
1,1,4,64,trace,write,0.8927618629255368,0.4744608855119873,1.0415459472010382,0.001178631905815287
1,1,4,64,trace,phase_controller,0.9975075272372115,0.09128085202337002,1.0554161674185734,0.5523504705399641
1,1,4,64,trace,other,0.9953638594478248,0.09647075833552486,1.0028609266841881,0.0757376388264959
1,1,4,64,trace,predictor,0.0,0.0,0.0,0.0
1,1,4,64,instant,embedding,0.7725896564332102,0.6349315253324531,0.7782879423050054,0.06689278902030357
1,1,4,64,instant,decoder,0.9999999332236951,1.6657726394959852e-07,0.9999999999973158,0.24722697211405115
1,1,4,64,instant,decay,0.9963145009686288,0.45967292300442963,0.5447152529241179,0.0012704691573191566
1,1,4,64,instant,phase,0.9960809370225723,0.7479608602809132,0.25336794936506907,0.05534428834383663
1,1,4,64,instant,write,-0.4547196616108456,1.2294276973710523,0.39278384405618183,0.001178631905815287
1,1,4,64,instant,phase_controller,0.9815067494425743,0.7531609589709393,0.2530790743890665,0.5523504705399641
1,1,4,64,instant,other,0.9953638594478248,0.09647075833552486,1.0028609266841881,0.0757376388264959
1,1,4,64,instant,predictor,0.0,0.0,0.0,0.0
1,1,4,128,trace,embedding,0.9944908128203707,0.10558291340642598,0.9818452418782074,0.06290550324758595
1,1,4,128,trace,decoder,0.999999979335126,2.2503139222401096e-07,1.000000079281524,0.23532211365260577
1,1,4,128,trace,decay,0.9995268035272993,0.05097251791942958,0.9588848170446344,0.0010930300189448568
1,1,4,128,trace,phase,0.9950029515507836,0.12426319898929636,1.0689787455206443,0.05736738867104507
1,1,4,128,trace,write,0.903010763500634,0.45663714624518065,1.0577550296339087,0.0009027934697716305
1,1,4,128,trace,phase_controller,0.9950484882087546,0.123946887746393,1.0691053870717095,0.5716110989751043
1,1,4,128,trace,other,0.9862784285671067,0.16631460659134795,1.0064083064230038,0.07079835366814921
1,1,4,128,trace,predictor,0.0,0.0,0.0,0.0
1,1,4,128,instant,embedding,0.7801040230884008,0.6256493645369263,0.780118116601516,0.06290550324758595
1,1,4,128,instant,decoder,0.999999979335126,2.2503139222401096e-07,1.000000079281524,0.23532211365260577
1,1,4,128,instant,decay,0.9975246781529261,0.47017545299217045,0.5326372540500177,0.0010930300189448568
1,1,4,128,instant,phase,0.9945438923903007,0.7646164499829335,0.23707716363348047,0.05736738867104507
1,1,4,128,instant,write,-0.4885295808443727,1.2665989257995693,0.4295847292257714,0.0009027934697716305
1,1,4,128,instant,phase_controller,0.979503019335442,0.7692862221918789,0.23705600445505365,0.5716110989751043
1,1,4,128,instant,other,0.9862784285671067,0.16631460659134795,1.0064083064230038,0.07079835366814921
1,1,4,128,instant,predictor,0.0,0.0,0.0,0.0
2,0,4,2,trace,embedding,0.9671932496112856,0.288584662427718,0.8302850811152833,0.13652294036796722
2,0,4,2,trace,decoder,0.9999999825934028,0.0,0.9999999999991845,0.45039333565897105
2,0,4,2,trace,decay,0.98070391899472,0.20429908339937822,0.9213894555111002,0.0005057738194745881
2,0,4,2,trace,phase,1.0000000197660504,0.0,0.9999999999653276,0.0002490558873875432
2,0,4,2,trace,write,0.9894574966350604,0.1450292632873802,0.9817402598835896,0.001101706179979269
2,0,4,2,trace,phase_controller,1.0000000047873425,0.0,0.9999999999891485,0.0025426651921418193
2,0,4,2,trace,other,0.9772584400678426,0.21893288171283254,0.9227969862539793,0.4086846041408642
2,0,4,2,trace,predictor,0.0,0.0,0.0,0.0
2,0,4,2,instant,embedding,0.8696048219076016,0.5084039554934495,0.74841359981056,0.13652294036796722
2,0,4,2,instant,decoder,0.9999999825934028,0.0,0.9999999999991845,0.45039333565897105
2,0,4,2,instant,decay,0.5973795997422371,0.8981728271037077,1.0018260126712442,0.0005057738194745881
2,0,4,2,instant,phase,1.0000000197660504,0.0,0.9999999999653276,0.0002490558873875432
2,0,4,2,instant,write,0.7189019455526721,0.7282230151201557,0.9359935393380138,0.001101706179979269
2,0,4,2,instant,phase_controller,1.0000000047873425,0.0,0.9999999999891485,0.0025426651921418193
2,0,4,2,instant,other,0.9772584400678426,0.21893288171283254,0.9227969862539793,0.4086846041408642
2,0,4,2,instant,predictor,0.0,0.0,0.0,0.0
2,0,4,4,trace,embedding,0.9700636700373025,0.249441676785415,0.913101691326697,0.1171886971069296
2,0,4,4,trace,decoder,0.9999999783246108,2.5089343008542156e-08,0.9999999999990172,0.6168973155536309
2,0,4,4,trace,decay,0.9631426188505241,0.2717358117699885,0.9246205471628329,0.0003060300624580157
2,0,4,4,trace,phase,0.9885027256227216,0.18496355747659496,0.881970050091614,0.0035004680804157366
2,0,4,4,trace,write,0.8424560803813809,0.5423821377874971,0.7799236403706667,0.0015730751512096912
2,0,4,4,trace,phase_controller,0.9859171349437712,0.1930583156960334,0.889458943752477,0.03787013642112443
2,0,4,4,trace,other,0.9870963878071543,0.1603644719157635,0.9783720283326035,0.2226643879582121
2,0,4,4,trace,predictor,0.0,0.0,0.0,0.0
2,0,4,4,instant,embedding,0.7738368956295437,0.6340136650495297,0.8020674909348259,0.1171886971069296
2,0,4,4,instant,decoder,0.9999999783246108,2.5089343008542156e-08,0.9999999999990172,0.6168973155536309
2,0,4,4,instant,decay,0.20090525704568007,1.8443820077542723,1.763629978556635,0.0003060300624580157
2,0,4,4,instant,phase,0.9004305017001321,0.5241232925883476,0.6080604534415386,0.0035004680804157366
2,0,4,4,instant,write,0.20908933309533653,1.1234978250638268,0.7622312150640693,0.0015730751512096912
2,0,4,4,instant,phase_controller,0.8795015136575779,0.5190762995220858,0.6722257802603026,0.03787013642112443
2,0,4,4,instant,other,0.9870963878071543,0.1603644719157635,0.9783720283326035,0.2226643879582121
2,0,4,4,instant,predictor,0.0,0.0,0.0,0.0
2,0,4,8,trace,embedding,0.9780239297175382,0.24346136837375018,1.1037369687333454,0.12596992759808384
2,0,4,8,trace,decoder,0.9999999373570528,6.238263741061589e-08,0.9999999999984144,0.47839958711014857
2,0,4,8,trace,decay,0.9881246265612814,0.15370766067624378,0.9921518846649734,0.0008911725212541424
2,0,4,8,trace,phase,0.9993224940867794,0.10968287586751241,1.1026465135760968,0.012366009719380282
2,0,4,8,trace,write,0.6364370564498011,0.8019273896852182,0.8558444101797736,0.003198440335611066
2,0,4,8,trace,phase_controller,0.9986718845433533,0.11137024081336569,1.0974084385179685,0.1299538297279752
2,0,4,8,trace,other,0.9866683559560353,0.1628133278061632,0.991439115046114,0.24922082880345184
2,0,4,8,trace,predictor,0.0,0.0,0.0,0.0
2,0,4,8,instant,embedding,0.7453409044733754,0.674939177766438,0.8505854387250861,0.12596992759808384
2,0,4,8,instant,decoder,0.9999999373570528,6.238263741061589e-08,0.9999999999984144,0.47839958711014857
2,0,4,8,instant,decay,0.22671197524416903,1.2249139304520356,0.9695527807056143,0.0008911725212541424
2,0,4,8,instant,phase,0.2296151351324816,0.982691531599479,0.36528317911057456,0.012366009719380282
2,0,4,8,instant,write,0.3576077558800267,0.9502326988104604,0.5331792242151612,0.003198440335611066
2,0,4,8,instant,phase_controller,0.2363815357879596,0.98487079366809,0.39715057441285134,0.1299538297279752
2,0,4,8,instant,other,0.9866683559560353,0.1628133278061632,0.991439115046114,0.24922082880345184
2,0,4,8,instant,predictor,0.0,0.0,0.0,0.0
2,0,4,16,trace,embedding,0.9234073207414909,0.44647095755994,0.6953327302290963,0.1229306481558917
2,0,4,16,trace,decoder,0.9999999458169316,8.24588201244583e-08,0.9999999999978291,0.1696310925019623
2,0,4,16,trace,decay,0.9166683029401853,0.6041765466788442,1.3697796758781806,0.0001775275324454399
2,0,4,16,trace,phase,0.9742069578693717,0.24447584577904719,0.8801449589486483,0.04712944451030674
2,0,4,16,trace,write,0.723299514925576,0.6905417964389093,0.7265059666654547,0.0024349647721646542
2,0,4,16,trace,phase_controller,0.9742002422958692,0.2442775953613964,0.8807247143454305,0.4672770674839035
2,0,4,16,trace,other,0.8990647888236155,0.45627637558750556,0.7705910116442737,0.1904196786311801
2,0,4,16,trace,predictor,0.0,0.0,0.0,0.0
2,0,4,16,instant,embedding,0.64022501728102,0.7762589168562949,0.5285724795713619,0.1229306481558917
2,0,4,16,instant,decoder,0.9999999458169316,8.24588201244583e-08,0.9999999999978291,0.1696310925019623
2,0,4,16,instant,decay,-0.33508172070443526,1.2584995535475751,0.4992447931110047,0.0001775275324454399
2,0,4,16,instant,phase,0.946829005431165,0.6801088223186386,0.34763518647168457,0.04712944451030674
2,0,4,16,instant,write,0.44591351352313147,0.8951000764505825,0.43936016564850844,0.0024349647721646542
2,0,4,16,instant,phase_controller,0.9418009544889991,0.6826176226251266,0.3477000178145105,0.4672770674839035
2,0,4,16,instant,other,0.8990647888236155,0.45627637558750556,0.7705910116442737,0.1904196786311801
2,0,4,16,instant,predictor,0.0,0.0,0.0,0.0
2,0,4,32,trace,embedding,0.9140144440693518,0.4409939304446523,0.7411039271195753,0.10332607256605707
2,0,4,32,trace,decoder,0.9999999724257134,1.0156745295577564e-07,0.999999999997673,0.1853213721229545
2,0,4,32,trace,decay,0.9059338164128738,0.43663888635306236,0.7993056882692912,0.00022138673803206286
2,0,4,32,trace,phase,0.9770329200077061,0.32933404339838684,0.7259268691798052,0.045120519475023727
2,0,4,32,trace,write,0.6390357370155023,0.8242015517204193,0.9351365063602678,0.002556536238848429
2,0,4,32,trace,phase_controller,0.9769814946236104,0.32812685610810394,0.7276624110568582,0.4509742883844746
2,0,4,32,trace,other,0.9403784144700126,0.35827057909986626,0.8278187460327474,0.21247970247368136
2,0,4,32,trace,predictor,0.0,0.0,0.0,0.0
2,0,4,32,instant,embedding,0.6611582989089938,0.7534398922430767,0.5918610633204081,0.10332607256605707
2,0,4,32,instant,decoder,0.9999999724257134,1.0156745295577564e-07,0.999999999997673,0.1853213721229545
2,0,4,32,instant,decay,0.4984127490994675,0.9298591454878282,0.834646558944339,0.00022138673803206286
2,0,4,32,instant,phase,0.7897667597216811,0.7706407556972608,0.3232705777519284,0.045120519475023727
2,0,4,32,instant,write,0.32202113598452115,0.9525645564679746,0.4272689918793078,0.002556536238848429
2,0,4,32,instant,phase_controller,0.7865953465153637,0.7720852470875809,0.3230786186243741,0.4509742883844746
2,0,4,32,instant,other,0.9403784144700126,0.35827057909986626,0.8278187460327474,0.21247970247368136
2,0,4,32,instant,predictor,0.0,0.0,0.0,0.0
2,0,4,64,trace,embedding,0.8969685847015542,0.4528974820888325,0.7986395153417937,0.06345256939849273
2,0,4,64,trace,decoder,1.0000000295877693,1.3930403387956005e-07,0.9999999296638591,0.13295376586967358
2,0,4,64,trace,decay,0.6240241269065668,1.138222975524533,1.4516459450794614,0.00012212058243380773
2,0,4,64,trace,phase,0.9976624629398666,0.2833580343207884,0.7226679714961557,0.06053903782990537
2,0,4,64,trace,write,0.5608585200792704,0.9446209507174823,1.0156892520266112,0.0019180623809619552
2,0,4,64,trace,phase_controller,0.9972962462284322,0.2826571280401639,0.7243586538566417,0.604668800309957
2,0,4,64,trace,other,0.9436859735409866,0.34377067538698114,0.8502961976088518,0.13634601263160817
2,0,4,64,trace,predictor,0.0,0.0,0.0,0.0
2,0,4,64,instant,embedding,0.6424968123197097,0.7663433526050116,0.6333459238125283,0.06345256939849273
2,0,4,64,instant,decoder,1.0000000295877693,1.3930403387956005e-07,0.9999999296638591,0.13295376586967358
2,0,4,64,instant,decay,0.2748937519578406,1.4107272825859003,1.307229661751248,0.00012212058243380773
2,0,4,64,instant,phase,0.6042502496319804,0.8740417922140837,0.2449908188194515,0.06053903782990537
2,0,4,64,instant,write,0.4085278775187017,0.91305125621359,0.43213860308497287,0.0019180623809619552
2,0,4,64,instant,phase_controller,0.5993983720091911,0.8746677392752343,0.2468049113570709,0.604668800309957
2,0,4,64,instant,other,0.9436859735409866,0.34377067538698114,0.8502961976088518,0.13634601263160817
2,0,4,64,instant,predictor,0.0,0.0,0.0,0.0
2,0,4,128,trace,embedding,0.8813825490176617,0.48454050167153073,0.7736102416321894,0.0527005801942162
2,0,4,128,trace,decoder,1.0000000462011165,2.1057344068854482e-07,0.9999999302292176,0.10949622454598286
2,0,4,128,trace,decay,0.4236352335375326,1.2229101534470195,1.2452042588060428,9.800092116457621e-05
2,0,4,128,trace,phase,0.9958217883176336,0.31484135423739124,0.6945145000606114,0.06487320784732423
2,0,4,128,trace,write,0.5761216929156787,0.9285147949148972,1.0166392406038247,0.0016814025377748286
2,0,4,128,trace,phase_controller,0.9955187136437916,0.31446374691593854,0.6956097703567261,0.6489046148263394
2,0,4,128,trace,other,0.9382032806896778,0.36259724877275806,0.8300262719577106,0.12224651054320762
2,0,4,128,trace,predictor,0.0,0.0,0.0,0.0
2,0,4,128,instant,embedding,0.624284091762547,0.7812291671354333,0.6313273446297858,0.0527005801942162
2,0,4,128,instant,decoder,1.0000000462011165,2.1057344068854482e-07,0.9999999302292176,0.10949622454598286
2,0,4,128,instant,decay,-0.1419834184631957,1.698780190651648,1.2386009732259728,9.800092116457621e-05
2,0,4,128,instant,phase,0.6725756853111734,0.8636169087245309,0.22738779428426859,0.06487320784732423
2,0,4,128,instant,write,0.4604598766358466,0.8883599563549058,0.42572134294333747,0.0016814025377748286
2,0,4,128,instant,phase_controller,0.666996177589569,0.8648683613194298,0.22781368650185815,0.6489046148263394
2,0,4,128,instant,other,0.9382032806896778,0.36259724877275806,0.8300262719577106,0.12224651054320762
2,0,4,128,instant,predictor,0.0,0.0,0.0,0.0
2,1,4,2,trace,embedding,0.994377840781366,0.12794456271100355,0.9225637954889803,0.34553822777518356
2,1,4,2,trace,decoder,1.0000000794597341,0.0,0.99999999999913,0.259333723430149
2,1,4,2,trace,decay,0.9245708335263362,0.39666676817922264,1.0349144348170642,6.257285548391847e-05
2,1,4,2,trace,phase,0.9999999487296134,0.0,0.9999999999768698,0.0003668357806676873
2,1,4,2,trace,write,0.8960001575061539,0.45367355763751727,0.8030706217759146,0.0010856683244729814
2,1,4,2,trace,phase_controller,0.9999999497217212,0.0,0.9999999999926859,0.003668645045952372
2,1,4,2,trace,other,0.9964126220468016,0.08506128006700145,1.004992338669475,0.38994604403993466
2,1,4,2,trace,predictor,0.0,0.0,0.0,0.0
2,1,4,2,instant,embedding,0.8999430960385503,0.43740403218636864,0.8650194484879181,0.34553822777518356
2,1,4,2,instant,decoder,1.0000000794597341,0.0,0.99999999999913,0.259333723430149
2,1,4,2,instant,decay,0.9530618510547019,2.094566495265071,3.0256292189784375,6.257285548391847e-05
2,1,4,2,instant,phase,0.9999999487296134,0.0,0.9999999999768698,0.0003668357806676873
2,1,4,2,instant,write,0.8400906719411447,0.5572212308758145,0.9675568548292955,0.0010856683244729814
2,1,4,2,instant,phase_controller,0.9999999497217212,0.0,0.9999999999926859,0.003668645045952372
2,1,4,2,instant,other,0.9964126220468016,0.08506128006700145,1.004992338669475,0.38994604403993466
2,1,4,2,instant,predictor,0.0,0.0,0.0,0.0
2,1,4,4,trace,embedding,0.9819934773571222,0.19573757923217494,0.9307647024340575,0.2587734823072416
2,1,4,4,trace,decoder,1.0000000253999015,3.8273099276978453e-08,0.9999999999988212,0.3481582609627507
2,1,4,4,trace,decay,0.9349392225371959,0.37691855720073486,0.8077432038996384,0.00010834747667350598
2,1,4,4,trace,phase,0.9778424358876356,0.21325650562601484,1.0185126408816205,0.0006979689890675106
2,1,4,4,trace,write,0.6758394134754399,0.7483473188056795,0.8053875433237639,0.0008655274615841664
2,1,4,4,trace,phase_controller,0.9785913013590142,0.20943136575410087,1.0173542566252638,0.0072240517777111945
2,1,4,4,trace,other,0.9959850817142137,0.08969469740098461,0.9904043292112997,0.38417476151494406
2,1,4,4,trace,predictor,0.0,0.0,0.0,0.0
2,1,4,4,instant,embedding,0.8949101248551766,0.44706743485321176,0.8678314877231385,0.2587734823072416
2,1,4,4,instant,decoder,1.0000000253999015,3.8273099276978453e-08,0.9999999999988212,0.3481582609627507
2,1,4,4,instant,decay,-0.17470920458752554,1.76930456546,1.2953118560729235,0.00010834747667350598
2,1,4,4,instant,phase,0.7537341578644658,0.6756277788693975,0.9105391055612837,0.0006979689890675106
2,1,4,4,instant,write,0.6807828181476465,0.736938939208582,0.7616788647580747,0.0008655274615841664
2,1,4,4,instant,phase_controller,0.7505339235698723,0.678643821952741,0.9049963927793379,0.0072240517777111945
2,1,4,4,instant,other,0.9959850817142137,0.08969469740098461,0.9904043292112997,0.38417476151494406
2,1,4,4,instant,predictor,0.0,0.0,0.0,0.0
2,1,4,8,trace,embedding,0.9885190104628975,0.15201695437544427,0.971818932699518,0.15356594306142823
2,1,4,8,trace,decoder,0.9999999229979962,5.628382703714193e-08,0.9999999999984518,0.10532868484349055
2,1,4,8,trace,decay,0.9965167627952397,0.0904662176789434,1.0315833176954259,0.0005256254886270471
2,1,4,8,trace,phase,0.9985334027112489,0.10960037498445632,0.9032381982150988,0.05949721104702475
2,1,4,8,trace,write,0.23821829027363114,0.991659883101392,0.438561626789544,0.0044227572383544475
2,1,4,8,trace,phase_controller,0.9985522522743736,0.1091157169221698,0.9036155539597903,0.6066859834740602
2,1,4,8,trace,other,0.9880388062973561,0.15567444521734528,1.0093727121584464,0.06997361703038635
2,1,4,8,trace,predictor,0.0,0.0,0.0,0.0
2,1,4,8,instant,embedding,0.5910735858000047,0.8087093722190881,0.6492019984404696,0.15356594306142823
2,1,4,8,instant,decoder,0.9999999229979962,5.628382703714193e-08,0.9999999999984518,0.10532868484349055
2,1,4,8,instant,decay,0.9634788951327,0.33747169343797506,1.1688539922447072,0.0005256254886270471
2,1,4,8,instant,phase,0.7950163474373098,0.9104288938700553,0.11609676143317751,0.05949721104702475
2,1,4,8,instant,write,0.37545548701262504,0.9284710142165009,0.3204526237426205,0.0044227572383544475
2,1,4,8,instant,phase_controller,0.793284049235274,0.9115813822636544,0.11484454945227714,0.6066859834740602
2,1,4,8,instant,other,0.9880388062973561,0.15567444521734528,1.0093727121584464,0.06997361703038635
2,1,4,8,instant,predictor,0.0,0.0,0.0,0.0
2,1,4,16,trace,embedding,0.9658773014860231,0.26156528064355733,1.0024163690355805,0.11448670547995853
2,1,4,16,trace,decoder,0.9999999487718582,8.722904692483475e-08,0.9999999999978588,0.15260820584306325
2,1,4,16,trace,decay,0.9784247052460343,0.21204289873969862,1.0261467989255735,0.00012968900134202542
2,1,4,16,trace,phase,0.9918984206941753,0.22624498557254002,1.1791131557921677,0.0579156695297184
2,1,4,16,trace,write,0.552800569429826,0.9193932102601083,0.9412234482464702,0.0019268926113144651
2,1,4,16,trace,phase_controller,0.9920134304701554,0.22536158835637074,1.1787716203030139,0.5847482768980219
2,1,4,16,trace,other,0.9722030230194252,0.2358904064503565,1.000902103318316,0.08818494575243724
2,1,4,16,trace,predictor,0.0,0.0,0.0,0.0
2,1,4,16,instant,embedding,0.6343836781984679,0.7746089176280232,0.6840001255431102,0.11448670547995853
2,1,4,16,instant,decoder,0.9999999487718582,8.722904692483475e-08,0.9999999999978588,0.15260820584306325
2,1,4,16,instant,decay,0.6105588975874061,0.960412109929344,1.1538579251514909,0.00012968900134202542
2,1,4,16,instant,phase,0.9740622178242574,0.8177097544256919,0.18828450929251833,0.0579156695297184
2,1,4,16,instant,write,0.21439098404772994,0.9836654068152179,0.3308432701181689,0.0019268926113144651
2,1,4,16,instant,phase_controller,0.9729932581921428,0.8181137427332217,0.18811991593524058,0.5847482768980219
2,1,4,16,instant,other,0.9722030230194252,0.2358904064503565,1.000902103318316,0.08818494575243724
2,1,4,16,instant,predictor,0.0,0.0,0.0,0.0
2,1,4,32,trace,embedding,0.950928813989063,0.31086307055167745,0.9809518975168012,0.11659581840336823
2,1,4,32,trace,decoder,0.9999999896881065,1.0372070366678231e-07,1.0000001385013615,0.21403068870011793
2,1,4,32,trace,decay,0.964736252460901,0.2900729573794122,1.0866322311677026,0.0005157427808808713
2,1,4,32,trace,phase,0.9872468286931173,0.3082391370738329,1.251193229270852,0.051753496725860396
2,1,4,32,trace,write,0.44013655311856875,1.040433665962366,0.9657053883681277,0.0019573628948596827
2,1,4,32,trace,phase_controller,0.9872909368446109,0.30893734708857495,1.2522167401070476,0.5208892036860924
2,1,4,32,trace,other,0.9624004215389154,0.27272099247789733,0.9867001130021209,0.09425744811987241
2,1,4,32,trace,predictor,0.0,0.0,0.0,0.0
2,1,4,32,instant,embedding,0.6660327499572312,0.7473742511642921,0.7125935173771457,0.11659581840336823
2,1,4,32,instant,decoder,0.9999999896881065,1.0372070366678231e-07,1.0000001385013615,0.21403068870011793
2,1,4,32,instant,decay,0.7269796917651787,0.6937606721373137,0.8259913622372439,0.0005157427808808713
2,1,4,32,instant,phase,0.7390467154732516,0.9009485558330704,0.14080064096530287,0.051753496725860396
2,1,4,32,instant,write,-0.14050524713961163,1.0815534722054967,0.29481011837103993,0.0019573628948596827
2,1,4,32,instant,phase_controller,0.7197751425262829,0.9041443515895754,0.14050560576226293,0.5208892036860924
2,1,4,32,instant,other,0.9624004215389154,0.27272099247789733,0.9867001130021209,0.09425744811987241
2,1,4,32,instant,predictor,0.0,0.0,0.0,0.0
2,1,4,64,trace,embedding,0.9397162481565049,0.34328804271387353,0.9699353069773282,0.09461267679947223
2,1,4,64,trace,decoder,0.999999952636513,1.4802391547140895e-07,1.0000001398751457,0.21401089552974692
2,1,4,64,trace,decay,0.9248051742936422,0.4196483681964365,1.1019200408314291,0.0006884622678538112
2,1,4,64,trace,phase,0.9840017013481418,0.3409691076418098,1.274723908555054,0.053528673455868654
2,1,4,64,trace,write,0.2983308092005134,1.2793799199463247,1.1502781568147573,0.0014347543572286706
2,1,4,64,trace,phase_controller,0.9837444674730984,0.3438260318432458,1.276951601009526,0.5351356186949756
2,1,4,64,trace,other,0.9543932158761487,0.29886681051252384,0.9681018812106924,0.10058887892314547
2,1,4,64,trace,predictor,0.0,0.0,0.0,0.0
2,1,4,64,instant,embedding,0.6872882421097772,0.7279074911783091,0.7343487608288843,0.09461267679947223
2,1,4,64,instant,decoder,0.999999952636513,1.4802391547140895e-07,1.0000001398751457,0.21401089552974692
2,1,4,64,instant,decay,0.7191399080533948,0.6970641219456019,0.6638162445040572,0.0006884622678538112
2,1,4,64,instant,phase,0.7485534124059053,0.8846536560350324,0.1629389786222558,0.053528673455868654
2,1,4,64,instant,write,-0.2308615309867008,1.1482116932212092,0.37879975877003846,0.0014347543572286706
2,1,4,64,instant,phase_controller,0.7351170606879877,0.8874123000795773,0.16249334911388075,0.5351356186949756
2,1,4,64,instant,other,0.9543932158761487,0.29886681051252384,0.9681018812106924,0.10058887892314547
2,1,4,64,instant,predictor,0.0,0.0,0.0,0.0
2,1,4,128,trace,embedding,0.916381738062342,0.40177090847599933,0.9506595243759945,0.08198722117519229
2,1,4,128,trace,decoder,1.0000000018896966,2.4833050706418904e-07,0.9999999999976503,0.222224957480949
2,1,4,128,trace,decay,0.8783829977720841,0.5375368673206007,1.1243551970483,0.0006988720142829454
2,1,4,128,trace,phase,0.968375065772186,0.3890268371434448,1.2668582143553568,0.05406607386284312
2,1,4,128,trace,write,0.29336226467894644,1.327039447522578,1.2137399114843868,0.001244396922626338
2,1,4,128,trace,phase_controller,0.9677878372883203,0.39304124163160065,1.2696068968517906,0.5392233029761229
2,1,4,128,trace,other,0.9444546956103598,0.3288143042899493,0.9550961374162334,0.10055494786852306
2,1,4,128,trace,predictor,0.0,0.0,0.0,0.0
2,1,4,128,instant,embedding,0.7092592698526365,0.7057789390512886,0.7434971342317132,0.08198722117519229
2,1,4,128,instant,decoder,1.0000000018896966,2.4833050706418904e-07,0.9999999999976503,0.222224957480949
2,1,4,128,instant,decay,0.6516609638212327,0.7769559886132006,0.4833682722505874,0.0006988720142829454
2,1,4,128,instant,phase,0.7870099319527094,0.8764675670904625,0.16445044564042988,0.05406607386284312
2,1,4,128,instant,write,-0.07363038296156539,1.0978896695657667,0.38548099725833024,0.001244396922626338
2,1,4,128,instant,phase_controller,0.7741473771592814,0.8789639326431649,0.1643262628346296,0.5392233029761229
2,1,4,128,instant,other,0.9444546956103598,0.3288143042899493,0.9550961374162334,0.10055494786852306
2,1,4,128,instant,predictor,0.0,0.0,0.0,0.0
1,0,5,2,trace,embedding,0.9999999627155768,4.698597076188313e-08,0.9999999999984817,0.21487250700944294
1,0,5,2,trace,decoder,0.9999999769730903,0.0,0.9999999999991046,0.6180556828484504
1,0,5,2,trace,decay,1.0000000273960175,1.3491736161625565e-07,1.0000001907391074,0.00018886675901802323
1,0,5,2,trace,phase,1.0000000551269126,0.0,0.9999999999783854,0.0010603608981352643
1,0,5,2,trace,write,0.9845954238452138,0.20314414113432652,1.0880134230592804,0.0011157218328575113
1,0,5,2,trace,phase_controller,1.0000000759656944,0.0,0.9999999999931215,0.010470445551069732
1,0,5,2,trace,other,1.0000000201850996,0.0,0.9999999999982079,0.15423716665858145
1,0,5,2,trace,predictor,0.0,0.0,0.0,0.0
1,0,5,2,instant,embedding,0.9645128942745607,0.31070263020187516,1.1282849473345078,0.21487250700944294
1,0,5,2,instant,decoder,0.9999999769730903,0.0,0.9999999999991046,0.6180556828484504
1,0,5,2,instant,decay,0.9220436899731883,0.6318770371313038,1.4214763316245693,0.00018886675901802323
1,0,5,2,instant,phase,1.0000000551269126,0.0,0.9999999999783854,0.0010603608981352643
1,0,5,2,instant,write,0.9579366926319317,0.36810412700129036,1.1884649410036678,0.0011157218328575113
1,0,5,2,instant,phase_controller,1.0000000759656944,0.0,0.9999999999931215,0.010470445551069732
1,0,5,2,instant,other,1.0000000201850996,0.0,0.9999999999982079,0.15423716665858145
1,0,5,2,instant,predictor,0.0,0.0,0.0,0.0
1,0,5,4,trace,embedding,0.9999999589443693,7.482725351222315e-08,1.0000001000288312,0.25813329161290616
1,0,5,4,trace,decoder,1.0000000070997141,3.5248779306254846e-08,0.9999999999987994,0.5043922681111442
1,0,5,4,trace,decay,0.999999820470961,1.5529892176998874e-06,0.9999986400939578,5.458638522570594e-06
1,0,5,4,trace,phase,0.9999999025205499,1.5202139379841567e-07,1.0000001508316685,0.007094889460176758
1,0,5,4,trace,write,0.9973424153721104,0.07294876536041053,0.9936992167217433,0.0003023283804724373
1,0,5,4,trace,phase_controller,0.9999999896744601,1.4066126409316203e-08,0.9999999999967846,0.07031608851536691
1,0,5,4,trace,other,0.9999999441377274,5.794742441558449e-08,0.9999999364213332,0.15975530893457301
1,0,5,4,trace,predictor,0.0,0.0,0.0,0.0
1,0,5,4,instant,embedding,0.8169548433403651,0.5791154802204956,0.869771380269523,0.25813329161290616
1,0,5,4,instant,decoder,1.0000000070997141,3.5248779306254846e-08,0.9999999999987994,0.5043922681111442
1,0,5,4,instant,decay,0.9502969638608582,7.570406084514458,8.514298078146878,5.458638522570594e-06
1,0,5,4,instant,phase,0.9830758174942144,0.371449005100349,0.6599464888677946,0.007094889460176758
1,0,5,4,instant,write,0.16468526907918005,1.3287533507739522,1.0550260119957564,0.0003023283804724373
1,0,5,4,instant,phase_controller,0.9828337054970501,0.37088598739728856,0.6610907261424325,0.07031608851536691
1,0,5,4,instant,other,0.9999999441377274,5.794742441558449e-08,0.9999999364213332,0.15975530893457301
1,0,5,4,instant,predictor,0.0,0.0,0.0,0.0
1,0,5,8,trace,embedding,0.9999999377431592,6.135649617650732e-08,0.9999999999972006,0.2023129273575863
1,0,5,8,trace,decoder,0.9999999554791041,7.044350797552606e-08,0.9999999999982133,0.49663310698697927
1,0,5,8,trace,decay,1.0000000810162961,2.2032846050786723e-07,1.0000001373239014,0.00029138753867818495
1,0,5,8,trace,phase,1.0000000233097512,8.712066697695811e-09,0.9999999999836694,0.005945202514336053
1,0,5,8,trace,write,0.7965852004246292,0.6314059985781426,0.9788531031263283,0.001764152718060861
1,0,5,8,trace,phase_controller,0.9999999283918146,1.9186273567393464e-07,0.9999999999948967,0.06088024039560546
1,0,5,8,trace,other,0.9999999644976473,8.111971847446992e-08,0.9999999999973869,0.23217344886093857
1,0,5,8,trace,predictor,0.0,0.0,0.0,0.0
1,0,5,8,instant,embedding,0.8351829884052928,0.5513777863046493,0.8745275663610195,0.2023129273575863
1,0,5,8,instant,decoder,0.9999999554791041,7.044350797552606e-08,0.9999999999982133,0.49663310698697927
1,0,5,8,instant,decay,-0.18865690675325875,1.2784333477482235,0.6298682740629812,0.00029138753867818495
1,0,5,8,instant,phase,0.9846171619049364,0.3737143730688521,0.6542637633859616,0.005945202514336053
1,0,5,8,instant,write,0.5557916205904398,0.8804552358665065,0.26578191262293405,0.001764152718060861
1,0,5,8,instant,phase_controller,0.9811594674825077,0.38474650253069187,0.6484374037531271,0.06088024039560546
1,0,5,8,instant,other,0.9999999644976473,8.111971847446992e-08,0.9999999999973869,0.23217344886093857
1,0,5,8,instant,predictor,0.0,0.0,0.0,0.0
1,0,5,16,trace,embedding,1.000000055171445,1.3160408888058556e-07,0.9999998801109183,0.13022663484656274
1,0,5,16,trace,decoder,0.9999999829889803,8.994529841448583e-08,0.99999999999759,0.36281583156510433
1,0,5,16,trace,decay,1.0000000204582336,1.4356372892304577e-09,0.9999999999651198,0.0017320903736967133
1,0,5,16,trace,phase,0.9999999555977224,8.561098503724111e-08,0.9999999999918927,0.03206160616418467
1,0,5,16,trace,write,0.8805438988874205,0.47815788574602275,0.8173564288558929,0.0011960198813888714
1,0,5,16,trace,phase_controller,0.9999999876296193,1.713766497040057e-07,0.9999998476796244,0.3226922237774998
1,0,5,16,trace,other,1.000000022865649,1.0863011109921987e-07,0.9999998880216333,0.14927628814922794
1,0,5,16,trace,predictor,0.0,0.0,0.0,0.0
1,0,5,16,instant,embedding,0.7523206283925754,0.6588835488060937,0.7629786066280372,0.13022663484656274
1,0,5,16,instant,decoder,0.9999999829889803,8.994529841448583e-08,0.99999999999759,0.36281583156510433
1,0,5,16,instant,decay,0.9805639704537462,0.7066592661796128,0.30168766145093673,0.0017320903736967133
1,0,5,16,instant,phase,0.9792653795904225,0.7709458160312864,0.23541179172211882,0.03206160616418467
1,0,5,16,instant,write,0.15599488723466082,1.0211519714651178,0.4150043924396257,0.0011960198813888714
1,0,5,16,instant,phase_controller,0.9707405555372303,0.7726904048892553,0.236310321664169,0.3226922237774998
1,0,5,16,instant,other,1.000000022865649,1.0863011109921987e-07,0.9999998880216333,0.14927628814922794
1,0,5,16,instant,predictor,0.0,0.0,0.0,0.0
1,0,5,32,trace,embedding,1.00000006044092,1.1147275595181123e-07,0.99999992663257,0.1139930369853885
1,0,5,32,trace,decoder,0.9999999648491571,1.1908847407451464e-07,0.9999999261453273,0.44994541147804634
1,0,5,32,trace,decay,1.0000000429557245,1.4361021820805093e-07,0.9999998606787948,0.001976538820684078
1,0,5,32,trace,phase,1.0000000206677664,1.1098704875035132e-07,0.9999999221906629,0.025340769567572266
1,0,5,32,trace,write,0.7621869239634049,0.6523601423461238,0.8428257780531818,0.0010174508919503157
1,0,5,32,trace,phase_controller,1.0000000513747227,2.1857342070969407e-07,0.9999998059538799,0.2607061498202024
1,0,5,32,trace,other,1.0000000367454216,9.554663435868044e-08,1.000000064594276,0.147021309926412
1,0,5,32,trace,predictor,0.0,0.0,0.0,0.0
1,0,5,32,instant,embedding,0.7957733201466606,0.6055979187320493,0.7976787515951004,0.1139930369853885
1,0,5,32,instant,decoder,0.9999999648491571,1.1908847407451464e-07,0.9999999261453273,0.44994541147804634
1,0,5,32,instant,decay,0.9609617729285997,0.8086641497778668,0.20110305817759896,0.001976538820684078
1,0,5,32,instant,phase,0.7253772750136939,0.9551620072419723,0.06317895095592826,0.025340769567572266
1,0,5,32,instant,write,0.3099809709149913,0.9566591126262619,0.4162109827694031,0.0010174508919503157
1,0,5,32,instant,phase_controller,0.647800329466227,0.9474569760853044,0.08448875550678273,0.2607061498202024
1,0,5,32,instant,other,1.0000000367454216,9.554663435868044e-08,1.000000064594276,0.147021309926412
1,0,5,32,instant,predictor,0.0,0.0,0.0,0.0
1,0,5,64,trace,embedding,1.0000000503388122,1.4289581556787667e-07,0.9999999999946162,0.1058952416143782
1,0,5,64,trace,decoder,0.9999999737100743,1.505870911594642e-07,1.0000000753433282,0.4802194488262173
1,0,5,64,trace,decay,1.0000001199926607,2.980469336075957e-07,1.0000002979862783,0.0010789791408477233
1,0,5,64,trace,phase,1.0000000341722677,1.9572623806101925e-07,1.0000001739577649,0.02251917985847004
1,0,5,64,trace,write,0.5623041436986153,0.8790732748259197,0.8605588690658547,0.0006458118371698609
1,0,5,64,trace,phase_controller,0.9999999078023862,8.901363230335987e-08,1.0000001085451977,0.231370571129752
1,0,5,64,trace,other,0.9999999511676682,1.4853059215398384e-07,0.9999999999955962,0.15827245508259588
1,0,5,64,trace,predictor,0.0,0.0,0.0,0.0
1,0,5,64,instant,embedding,0.8396826901718721,0.5430780258624959,0.8402218067400925,0.1058952416143782
1,0,5,64,instant,decoder,0.9999999737100743,1.505870911594642e-07,1.0000000753433282,0.4802194488262173
1,0,5,64,instant,decay,-0.25245793891815715,1.031413375327075,0.10468163358133536,0.0010789791408477233
1,0,5,64,instant,phase,0.27430224580648,0.9815722870743016,0.07751368769715924,0.02251917985847004
1,0,5,64,instant,write,0.26437346005181245,0.9853247977069445,0.46626101251725816,0.0006458118371698609
1,0,5,64,instant,phase_controller,0.3167408540925271,0.9743319985770666,0.09392351192803565,0.231370571129752
1,0,5,64,instant,other,0.9999999511676682,1.4853059215398384e-07,0.9999999999955962,0.15827245508259588
1,0,5,64,instant,predictor,0.0,0.0,0.0,0.0
1,0,5,128,trace,embedding,1.0000001371330516,1.5492149467360643e-07,0.9999999999944019,0.09077741997267623
1,0,5,128,trace,decoder,0.9999999659945031,2.22090549573788e-07,0.9999997758361756,0.4525548035759891
1,0,5,128,trace,decay,0.9999999573508919,3.0637102060131425e-07,1.0000003010774698,0.001741634118654184
1,0,5,128,trace,phase,0.9999999472630452,2.461926673318833e-07,1.0000002280472144,0.027326507641749778
1,0,5,128,trace,write,0.4079070707832615,1.013240668466949,0.8472756571709141,0.0005805353750946078
1,0,5,128,trace,phase_controller,0.9999999502827263,1.5965402899451293e-07,0.9999999999968121,0.279914776764943
1,0,5,128,trace,other,1.0000000275682885,3.410410140998155e-07,0.9999998689383319,0.1471051144872132
1,0,5,128,trace,predictor,0.0,0.0,0.0,0.0
1,0,5,128,instant,embedding,0.8328585175728509,0.553524789364066,0.8394060288299897,0.09077741997267623
1,0,5,128,instant,decoder,0.9999999659945031,2.22090549573788e-07,0.9999997758361756,0.4525548035759891
1,0,5,128,instant,decay,-0.21821888333215805,1.0354278741697698,0.12780191132555457,0.001741634118654184
1,0,5,128,instant,phase,0.2645621868744132,0.985632610741087,0.06093329305270374,0.027326507641749778
1,0,5,128,instant,write,0.26161432435429083,1.0031823370298487,0.5351406279951001,0.0005805353750946078
1,0,5,128,instant,phase_controller,0.3090401776038085,0.9788809585330202,0.0772775263852543,0.279914776764943
1,0,5,128,instant,other,1.0000000275682885,3.410410140998155e-07,0.9999998689383319,0.1471051144872132
1,0,5,128,instant,predictor,0.0,0.0,0.0,0.0
1,1,5,2,trace,embedding,0.9994878544939312,0.04856976378238769,1.0360219119190592,0.184746711064607
1,1,5,2,trace,decoder,1.0000000696703701,0.0,0.9999999999990553,0.5751273847762689
1,1,5,2,trace,decay,0.9999960567722047,0.03510334956691566,1.034984909720527,0.0003833901076469492
1,1,5,2,trace,phase,0.9999999505466006,0.0,0.9999999999780321,0.0010633645498621482
1,1,5,2,trace,write,0.9791657625088842,0.39512584303814563,1.3181202089747845,0.0008010520062493381
1,1,5,2,trace,phase_controller,0.9999999247703149,0.0,0.9999999999931265,0.010862115165297795
1,1,5,2,trace,other,0.9994000071359499,0.03744984344203116,1.0136614029616953,0.22701620867003897
1,1,5,2,trace,predictor,0.0,0.0,0.0,0.0
1,1,5,2,instant,embedding,0.9763580914922224,0.2809218690453675,1.1557805088629367,0.184746711064607
1,1,5,2,instant,decoder,1.0000000696703701,0.0,0.9999999999990553,0.5751273847762689
1,1,5,2,instant,decay,0.9839084735293271,0.2804791839881946,1.200112795150767,0.0003833901076469492
1,1,5,2,instant,phase,0.9999999505466006,0.0,0.9999999999780321,0.0010633645498621482
1,1,5,2,instant,write,0.9490189466053299,0.46092525054437855,1.285306095900122,0.0008010520062493381
1,1,5,2,instant,phase_controller,0.9999999247703149,0.0,0.9999999999931265,0.010862115165297795
1,1,5,2,instant,other,0.9994000071359499,0.03744984344203116,1.0136614029616953,0.22701620867003897
1,1,5,2,instant,predictor,0.0,0.0,0.0,0.0
1,1,5,4,trace,embedding,0.999292192191355,0.043784602838420505,1.0216996366894693,0.16004605039408984
1,1,5,4,trace,decoder,1.000000044148197,4.8418244782062895e-08,0.9999999999987081,0.5066728452729528
1,1,5,4,trace,decay,0.9999987477330328,0.02019606433474452,1.0201309932905385,0.0005270422334430907
1,1,5,4,trace,phase,0.9999689002658908,0.010785593417160799,0.9926058008098212,0.0051890723800961346
1,1,5,4,trace,write,0.9503230188980116,0.6386878008719187,1.5080291046962322,0.001384241028676124
1,1,5,4,trace,phase_controller,0.9999665294608694,0.010846629342679636,0.992845094180708,0.05238854292040041
1,1,5,4,trace,other,0.9995727880879007,0.03768121459635591,1.023345057049848,0.27379259814960055
1,1,5,4,trace,predictor,0.0,0.0,0.0,0.0
1,1,5,4,instant,embedding,0.9393405843794373,0.3439770397825274,0.9654388302869675,0.16004605039408984
1,1,5,4,instant,decoder,1.000000044148197,4.8418244782062895e-08,0.9999999999987081,0.5066728452729528
1,1,5,4,instant,decay,0.9489069521124387,0.6186219503676306,1.4809946407834276,0.0005270422334430907
1,1,5,4,instant,phase,0.9388868816954651,0.3828509745427647,0.7713052378395886,0.0051890723800961346
1,1,5,4,instant,write,0.9017312231189952,0.6727499188627021,1.4172036959000245,0.001384241028676124
1,1,5,4,instant,phase_controller,0.9377540002322751,0.38356626934331345,0.7749485798550384,0.05238854292040041
1,1,5,4,instant,other,0.9995727880879007,0.03768121459635591,1.023345057049848,0.27379259814960055
1,1,5,4,instant,predictor,0.0,0.0,0.0,0.0
1,1,5,8,trace,embedding,0.9964012846618765,0.0930020615483381,1.0346750236712425,0.08574721087563021
1,1,5,8,trace,decoder,1.0000000189708627,5.8397737467304765e-08,0.9999999999982645,0.3643613849584658
1,1,5,8,trace,decay,0.9999653104964729,0.06263567054126504,1.0620439334301728,0.00013560840316345003
1,1,5,8,trace,phase,0.9999898726679145,0.011378800975665342,1.0104310654155608,0.03927347491345577
1,1,5,8,trace,write,0.9991836196980619,0.0587039995020845,1.041778439063117,0.0007075659044016981
1,1,5,8,trace,phase_controller,0.9999887833637303,0.011500744474852736,1.010465349339432,0.38783042992459177
1,1,5,8,trace,other,0.9957936557273855,0.1035619237437883,1.0440665725010203,0.12194443401508591
1,1,5,8,trace,predictor,0.0,0.0,0.0,0.0
1,1,5,8,instant,embedding,0.8583219860557187,0.5178520593717727,0.9282326667496369,0.08574721087563021
1,1,5,8,instant,decoder,1.0000000189708627,5.8397737467304765e-08,0.9999999999982645,0.3643613849584658
1,1,5,8,instant,decay,0.9696874800526031,0.6023617702530667,1.520262829880571,0.00013560840316345003
1,1,5,8,instant,phase,0.9720289435777816,0.4990498200677457,0.5316984356918474,0.03927347491345577
1,1,5,8,instant,write,0.7754214632766974,0.7196289516689466,1.1205940727840584,0.0007075659044016981
1,1,5,8,instant,phase_controller,0.9716793580732457,0.49946171757580304,0.53165343294953,0.38783042992459177
1,1,5,8,instant,other,0.9957936557273855,0.1035619237437883,1.0440665725010203,0.12194443401508591
1,1,5,8,instant,predictor,0.0,0.0,0.0,0.0
1,1,5,16,trace,embedding,0.9981341641215693,0.06283790715459224,1.0129763693238796,0.050991771194664894
1,1,5,16,trace,decoder,1.0000000203625616,8.794452124416565e-08,0.999999999997506,0.19148891602508197
1,1,5,16,trace,decay,0.9997092405683922,0.04820448365842618,1.0414488421655614,0.00037657484486693104
1,1,5,16,trace,phase,0.9999952763694546,0.006290587646089162,1.0054949514785714,0.0644380241534949
1,1,5,16,trace,write,0.7606104281898821,0.8538099460501335,1.3151548865484628,0.00010156943990069942
1,1,5,16,trace,phase_controller,0.999995089709702,0.006280133379247521,1.0054540095285565,0.6389442267683756
1,1,5,16,trace,other,0.994712835233335,0.10269364385280116,0.9946621821611247,0.053659200605027435
1,1,5,16,trace,predictor,0.0,0.0,0.0,0.0
1,1,5,16,instant,embedding,0.8011973845568,0.5988567114475131,0.8245774306067589,0.050991771194664894
1,1,5,16,instant,decoder,1.0000000203625616,8.794452124416565e-08,0.999999999997506,0.19148891602508197
1,1,5,16,instant,decay,0.9630944582799836,0.27583328486874104,1.0233833589145076,0.00037657484486693104
1,1,5,16,instant,phase,0.8732700536408535,0.7939662905974659,0.24638643451844988,0.0644380241534949
1,1,5,16,instant,write,0.6627894748700662,1.3922184203694719,1.8364855543533094,0.00010156943990069942
1,1,5,16,instant,phase_controller,0.8734788939904173,0.7932751433417359,0.24717944886792645,0.6389442267683756
1,1,5,16,instant,other,0.994712835233335,0.10269364385280116,0.9946621821611247,0.053659200605027435
1,1,5,16,instant,predictor,0.0,0.0,0.0,0.0
1,1,5,32,trace,embedding,0.9984146939426222,0.05628886923079833,0.997646891579531,0.03882597449348111
1,1,5,32,trace,decoder,0.9999999286841801,9.934683079905175e-08,0.9999999999973656,0.1195034964882009
1,1,5,32,trace,decay,0.9999853215690155,0.038427030746071664,1.038027487772332,0.0009293894823969644
1,1,5,32,trace,phase,0.9999131315991445,0.01818063424051821,0.9873888228569173,0.07331920407709638
1,1,5,32,trace,write,0.9710408848938384,0.2429531394843361,1.0151587888611593,0.00029116967408803916
1,1,5,32,trace,phase_controller,0.9999128620061846,0.018226891870956153,0.987344829539948,0.7263049370626298
1,1,5,32,trace,other,0.9941402847428826,0.10874253560574611,0.9823222119519815,0.0408254133816459
1,1,5,32,trace,predictor,0.0,0.0,0.0,0.0
1,1,5,32,instant,embedding,0.7395478480286313,0.6741892533867003,0.7013061315088377,0.03882597449348111
1,1,5,32,instant,decoder,0.9999999286841801,9.934683079905175e-08,0.9999999999973656,0.1195034964882009
1,1,5,32,instant,decay,0.991356461098271,0.6626437373670491,0.3418301976225048,0.0009293894823969644
1,1,5,32,instant,phase,0.8634879098121504,0.8263777715758676,0.20887995750662808,0.07331920407709638
1,1,5,32,instant,write,0.6401576536856108,0.7805384997251663,0.7781505346596405,0.00029116967408803916
1,1,5,32,instant,phase_controller,0.8627034050975267,0.8258636646493935,0.2097807629075312,0.7263049370626298
1,1,5,32,instant,other,0.9941402847428826,0.10874253560574611,0.9823222119519815,0.0408254133816459
1,1,5,32,instant,predictor,0.0,0.0,0.0,0.0
1,1,5,64,trace,embedding,0.9984476935357129,0.056198005150704555,0.9909764190467272,0.037196397437205
1,1,5,64,trace,decoder,0.9999999226764105,1.7641417667914306e-07,0.999999999997246,0.07810869655403675
1,1,5,64,trace,decay,0.9999893580484123,0.029488240596361206,1.0291150635380122,0.0005985402723834405
1,1,5,64,trace,phase,0.9999771246484175,0.01989647871828504,0.9812740602864042,0.07831793371039907
1,1,5,64,trace,write,0.8788760276107845,0.4900441430159625,0.9909757909531947,0.0002315309184261765
1,1,5,64,trace,phase_controller,0.9999761734385897,0.019981371977382686,0.9812308219976128,0.7764971005609279
1,1,5,64,trace,other,0.992668448840151,0.1227327030639447,0.971351371752906,0.0290499063598108
1,1,5,64,trace,predictor,0.0,0.0,0.0,0.0
1,1,5,64,instant,embedding,0.7076077769913556,0.7121596197980001,0.6188348348723681,0.037196397437205
1,1,5,64,instant,decoder,0.9999999226764105,1.7641417667914306e-07,0.999999999997246,0.07810869655403675
1,1,5,64,instant,decay,0.8975283585149862,0.7471514598375663,0.2943762992366794,0.0005985402723834405
1,1,5,64,instant,phase,0.8858013175806204,0.8277200923708732,0.20040758742386122,0.07831793371039907
1,1,5,64,instant,write,0.22849957504919044,1.0736129086970496,0.6811107433043533,0.0002315309184261765
1,1,5,64,instant,phase_controller,0.8843429030581317,0.8271357716857712,0.20154291899929674,0.7764971005609279
1,1,5,64,instant,other,0.992668448840151,0.1227327030639447,0.971351371752906,0.0290499063598108
1,1,5,64,instant,predictor,0.0,0.0,0.0,0.0
1,1,5,128,trace,embedding,0.9977268284925935,0.06975063867024525,0.9797217607939511,0.037517491447462706
1,1,5,128,trace,decoder,0.9999999159933392,2.2985180072425936e-07,0.9999999999972606,0.07847054767712916
1,1,5,128,trace,decay,0.9999760919496301,0.009002704838453576,1.0057374172941402,0.0008436517007755414
1,1,5,128,trace,phase,0.9999438931338489,0.03246463399527666,0.9692594442712472,0.07801456802424186
1,1,5,128,trace,write,0.8919558860727216,0.45291376038856707,0.9187115356219203,0.00023917128576057207
1,1,5,128,trace,phase_controller,0.9999410630659774,0.03259395320134761,0.9692054477723958,0.7734049583082903
1,1,5,128,trace,other,0.9912109262676523,0.14167172128926728,0.9405133762166933,0.031509845132287446
1,1,5,128,trace,predictor,0.0,0.0,0.0,0.0
1,1,5,128,instant,embedding,0.7029056454317184,0.717737973468465,0.6068646292392778,0.037517491447462706
1,1,5,128,instant,decoder,0.9999999159933392,2.2985180072425936e-07,0.9999999999972606,0.07847054767712916
1,1,5,128,instant,decay,0.9208555085206204,0.7524197393727396,0.2773416058888422,0.0008436517007755414
1,1,5,128,instant,phase,0.9219061865519381,0.816673322006228,0.20297206795156025,0.07801456802424186
1,1,5,128,instant,write,0.28518549699726614,1.0503798418741928,0.7148696588591219,0.00023917128576057207
1,1,5,128,instant,phase_controller,0.9198861200906334,0.8161110241966346,0.20418526702109666,0.7734049583082903
1,1,5,128,instant,other,0.9912109262676523,0.14167172128926728,0.9405133762166933,0.031509845132287446
1,1,5,128,instant,predictor,0.0,0.0,0.0,0.0
2,0,5,2,trace,embedding,0.9892148143857379,0.2154806610324417,1.1472585827683262,0.43651131507108654
2,0,5,2,trace,decoder,0.9999999348557905,0.0,0.9999999999990664,0.16292082451568607
2,0,5,2,trace,decay,0.9592686109547357,0.44841185369762004,1.3075063280438357,0.00015911954173092265
2,0,5,2,trace,phase,0.9999999866006516,0.0,0.9999999999780915,0.00029577025109455606
2,0,5,2,trace,write,0.9966819260693557,0.30309020183236707,1.288639076724553,0.0016121107753680234
2,0,5,2,trace,phase_controller,1.0000000218536047,0.0,0.9999999999930769,0.0029620027721838815
2,0,5,2,trace,other,0.9896391581651879,0.15472374647348155,1.047303133278019,0.39553966844431165
2,0,5,2,trace,predictor,0.0,0.0,0.0,0.0
2,0,5,2,instant,embedding,0.9923383363677228,0.26302415885477015,1.2245389909297715,0.43651131507108654
2,0,5,2,instant,decoder,0.9999999348557905,0.0,0.9999999999990664,0.16292082451568607
2,0,5,2,instant,decay,0.9795718553668923,0.6285333557768241,1.5750679542385355,0.00015911954173092265
2,0,5,2,instant,phase,0.9999999866006516,0.0,0.9999999999780915,0.00029577025109455606
2,0,5,2,instant,write,0.9875893928364089,0.3593698807558543,1.3108230651829935,0.0016121107753680234
2,0,5,2,instant,phase_controller,1.0000000218536047,0.0,0.9999999999930769,0.0029620027721838815
2,0,5,2,instant,other,0.9896391581651879,0.15472374647348155,1.047303133278019,0.39553966844431165
2,0,5,2,instant,predictor,0.0,0.0,0.0,0.0
2,0,5,4,trace,embedding,0.9879546735410063,0.2261537525787653,1.1528804091162093,0.35246909199308424
2,0,5,4,trace,decoder,0.999999997202592,4.1893363022897064e-08,0.9999999999987,0.27417081564239865
2,0,5,4,trace,decay,0.9137960542576552,0.41104436211405215,0.9768881704813699,0.00013103246315062286
2,0,5,4,trace,phase,0.9989698923184721,0.05971076695790909,0.9601612307600123,0.0024238469269704677
2,0,5,4,trace,write,0.6696800045621885,1.2367131282990238,1.6585839241032794,0.0009778554167203925
2,0,5,4,trace,phase_controller,0.9989279525711863,0.059973862895518454,0.9607962823190764,0.02422924690519305
2,0,5,4,trace,other,0.9904716594073235,0.17099359562754146,1.0918269680694954,0.34559894754601606
2,0,5,4,trace,predictor,0.0,0.0,0.0,0.0
2,0,5,4,instant,embedding,0.9464384162552275,0.4568629219805225,1.2696560457652535,0.35246909199308424
2,0,5,4,instant,decoder,0.999999997202592,4.1893363022897064e-08,0.9999999999987,0.27417081564239865
2,0,5,4,instant,decay,0.9116249868389976,0.9998699615626049,1.8231071550594928,0.00013103246315062286
2,0,5,4,instant,phase,0.9198439430571511,0.4866372085021423,1.2078174343998562,0.0024238469269704677
2,0,5,4,instant,write,0.8915048502745657,0.7038579703885023,1.4302039547648042,0.0009778554167203925
2,0,5,4,instant,phase_controller,0.9187169446486759,0.4874435290147345,1.204448304221457,0.02422924690519305
2,0,5,4,instant,other,0.9904716594073235,0.17099359562754146,1.0918269680694954,0.34559894754601606
2,0,5,4,instant,predictor,0.0,0.0,0.0,0.0
2,0,5,8,trace,embedding,0.8610284946646063,0.5352776250808416,1.0280372667567352,0.2964766276082155
2,0,5,8,trace,decoder,0.9999999912684224,5.19349665076717e-08,0.9999999999984465,0.30792367447707625
2,0,5,8,trace,decay,0.4319849536612521,1.0809936830872757,1.0279366715840026,0.00019599109598766613
2,0,5,8,trace,phase,0.7723103565110834,0.9426200899215899,1.4687267096349739,0.015111582718242053
2,0,5,8,trace,write,0.29747488387700294,1.6241781638908763,1.6114179138238929,0.0011427641108040713
2,0,5,8,trace,phase_controller,0.7819292199430975,0.9091526513531056,1.4437235470391674,0.1610637712133715
2,0,5,8,trace,other,0.889811420728218,0.48977664724641523,1.0677050719477617,0.218087300576296
2,0,5,8,trace,predictor,0.0,0.0,0.0,0.0
2,0,5,8,instant,embedding,0.7534073653431503,0.728441076478747,1.066855092327672,0.2964766276082155
2,0,5,8,instant,decoder,0.9999999912684224,5.19349665076717e-08,0.9999999999984465,0.30792367447707625
2,0,5,8,instant,decay,-0.29227280216507356,2.6041668266077056,2.1299384876681966,0.00019599109598766613
2,0,5,8,instant,phase,0.701445984659468,0.7464466991231965,0.4796145781964256,0.015111582718242053
2,0,5,8,instant,write,0.6658704617690515,1.1115525312637926,1.48984431685504,0.0011427641108040713
2,0,5,8,instant,phase_controller,0.7244289795586248,0.7277613344470456,0.4911182976067149,0.1610637712133715
2,0,5,8,instant,other,0.889811420728218,0.48977664724641523,1.0677050719477617,0.218087300576296
2,0,5,8,instant,predictor,0.0,0.0,0.0,0.0
2,0,5,16,trace,embedding,0.876294689451463,0.4825058123480297,0.9028398886147783,0.15279898382051854
2,0,5,16,trace,decoder,1.0000000344463746,9.529708516357618e-08,0.9999999342313638,0.2179327837338109
2,0,5,16,trace,decay,0.8350064867962009,0.6075713511220917,1.0926475048154451,0.00028530677034274156
2,0,5,16,trace,phase,0.9905988371133667,0.13939815899185157,0.9638049809751199,0.03930077140658556
2,0,5,16,trace,write,0.31579036095839114,1.2766665238123518,1.1699570065683549,0.001104359250379045
2,0,5,16,trace,phase_controller,0.9903762452729196,0.14067038805939977,0.9652125875497587,0.40734316982138097
2,0,5,16,trace,other,0.8505916364187437,0.5297262298505996,0.9147470298268209,0.18123458014346067
2,0,5,16,trace,predictor,0.0,0.0,0.0,0.0
2,0,5,16,instant,embedding,0.7453601869174005,0.6928350213299536,0.9339942065377344,0.15279898382051854
2,0,5,16,instant,decoder,1.0000000344463746,9.529708516357618e-08,0.9999999342313638,0.2179327837338109
2,0,5,16,instant,decay,0.21893159564131615,1.643262835042616,1.5411432316139462,0.00028530677034274156
2,0,5,16,instant,phase,0.7389818836812979,0.7861893082146285,0.33378087946164375,0.03930077140658556
2,0,5,16,instant,write,0.3588622239886532,1.1081439392064838,0.9561607448489207,0.001104359250379045
2,0,5,16,instant,phase_controller,0.7489488696646297,0.7819838124636997,0.33371046426809514,0.40734316982138097
2,0,5,16,instant,other,0.8505916364187437,0.5297262298505996,0.9147470298268209,0.18123458014346067
2,0,5,16,instant,predictor,0.0,0.0,0.0,0.0
2,0,5,32,trace,embedding,0.8734253542760888,0.49058305350854403,0.8138947847175358,0.10816376412813555
2,0,5,32,trace,decoder,1.000000021938622,9.916440873819944e-08,1.000000068784662,0.24719290066610142
2,0,5,32,trace,decay,0.7911994643462281,0.6438474280587754,0.9925351293691381,0.0005530943146244794
2,0,5,32,trace,phase,0.7994891781187018,0.6597477154274848,0.5266338621147695,0.039492728919226616
2,0,5,32,trace,write,0.08751384521114976,1.2437896261267412,0.8322764557487826,0.0010067719563245515
2,0,5,32,trace,phase_controller,0.8001841893223579,0.6559965337357992,0.5344283230130132,0.39465927416309865
2,0,5,32,trace,other,0.8201212287058196,0.5722835166690495,0.8097703547540673,0.2089313599360332
2,0,5,32,trace,predictor,0.0,0.0,0.0,0.0
2,0,5,32,instant,embedding,0.7167097097383175,0.7059849157043333,0.8266510982717153,0.10816376412813555
2,0,5,32,instant,decoder,1.000000021938622,9.916440873819944e-08,1.000000068784662,0.24719290066610142
2,0,5,32,instant,decay,-0.06371520280829863,1.4391951103227527,0.973271867825218,0.0005530943146244794
2,0,5,32,instant,phase,0.6281781000364289,0.8559270748393188,0.2715002780592328,0.039492728919226616
2,0,5,32,instant,write,0.49548950363360156,0.9296791318869531,0.8268694849110382,0.0010067719563245515
2,0,5,32,instant,phase_controller,0.6291903635041253,0.8549272684675633,0.2731268749591479,0.39465927416309865
2,0,5,32,instant,other,0.8201212287058196,0.5722835166690495,0.8097703547540673,0.2089313599360332
2,0,5,32,instant,predictor,0.0,0.0,0.0,0.0
2,0,5,64,trace,embedding,0.8602042723782158,0.5266911556654319,0.7284644791198783,0.06937484386052511
2,0,5,64,trace,decoder,0.9999999993340799,1.6604300093280382e-07,1.0000000711390928,0.17611778578602014
2,0,5,64,trace,decay,0.8692388013019141,0.5214434962266472,1.0350082924447026,0.0005498674791488088
2,0,5,64,trace,phase,0.7165780894131749,0.7317637232407398,0.4953037710947697,0.05379961839905533
2,0,5,64,trace,write,0.11384131142291387,1.1156190084569764,0.6213504459382929,0.0009691342607177606
2,0,5,64,trace,phase_controller,0.7170581698189493,0.7307627028867337,0.49754381458936203,0.532910137988438
2,0,5,64,trace,other,0.7710917821390004,0.6385987745382393,0.7221924151716277,0.16627883059439003
2,0,5,64,trace,predictor,0.0,0.0,0.0,0.0
2,0,5,64,instant,embedding,0.6777364272474841,0.7367898476903788,0.7244895599614801,0.06937484386052511
2,0,5,64,instant,decoder,0.9999999993340799,1.6604300093280382e-07,1.0000000711390928,0.17611778578602014
2,0,5,64,instant,decay,-0.16033554153474686,1.3793954129636758,0.8032199779489323,0.0005498674791488088
2,0,5,64,instant,phase,0.5179013440114544,0.9271003299676994,0.16049824047415817,0.05379961839905533
2,0,5,64,instant,write,0.6287346005495607,0.7857174068203133,0.74124673155441,0.0009691342607177606
2,0,5,64,instant,phase_controller,0.5158790411828068,0.926737809353066,0.16236220074713942,0.532910137988438
2,0,5,64,instant,other,0.7710917821390004,0.6385987745382393,0.7221924151716277,0.16627883059439003
2,0,5,64,instant,predictor,0.0,0.0,0.0,0.0
2,0,5,128,trace,embedding,0.8263459970006268,0.5834535126850575,0.6738145976983019,0.05557233776080244
2,0,5,128,trace,decoder,0.9999999862467492,2.1797836740682514e-07,1.0000000705799514,0.1485278840138967
2,0,5,128,trace,decay,0.8499752486672426,0.5494356361495272,1.0059800757761552,0.00045496885195799714
2,0,5,128,trace,phase,0.6843597869984124,0.7475051350295986,0.5197012972019621,0.05859368776626344
2,0,5,128,trace,write,0.17242899361438857,1.0556911771587068,0.5521863787646042,0.0008607110168050939
2,0,5,128,trace,phase_controller,0.6851081294646497,0.7465546790627227,0.5216547469058396,0.5801175914024637
2,0,5,128,trace,other,0.7517492751414655,0.6640425461241143,0.673778495186035,0.1558728997755677
2,0,5,128,trace,predictor,0.0,0.0,0.0,0.0
2,0,5,128,instant,embedding,0.6385691354148559,0.7699204635350761,0.6619822681482119,0.05557233776080244
2,0,5,128,instant,decoder,0.9999999862467492,2.1797836740682514e-07,1.0000000705799514,0.1485278840138967
2,0,5,128,instant,decay,-0.054333708555851554,1.3666037469679022,0.8787034632207245,0.00045496885195799714
2,0,5,128,instant,phase,0.43073104536284745,0.9523858487707999,0.12648062723426515,0.05859368776626344
2,0,5,128,instant,write,0.5875306079295837,0.8223909794763272,0.7342236842319083,0.0008607110168050939
2,0,5,128,instant,phase_controller,0.42462127390049925,0.9523867925150312,0.12908124048823952,0.5801175914024637
2,0,5,128,instant,other,0.7517492751414655,0.6640425461241143,0.673778495186035,0.1558728997755677
2,0,5,128,instant,predictor,0.0,0.0,0.0,0.0
2,1,5,2,trace,embedding,0.9809872854268743,0.2326709456994381,1.1093300920997033,0.2188037115946077
2,1,5,2,trace,decoder,1.0000000013705626,0.0,0.9999999999991827,0.4147012709133403
2,1,5,2,trace,decay,0.9919059940787978,0.1335422352654878,1.0332689858832544,0.0001417543092875755
2,1,5,2,trace,phase,1.000000088090448,0.0,0.9999999999716609,0.00034493983322016945
2,1,5,2,trace,write,0.9778080315609856,0.3987041363653458,1.3170328108456146,0.0004164742638711852
2,1,5,2,trace,phase_controller,1.0000000293494173,0.0,0.9999999999917265,0.0040470611735308045
2,1,5,2,trace,other,0.980726423354878,0.20113690731765552,1.0284735791193027,0.3615444048709606
2,1,5,2,trace,predictor,0.0,0.0,0.0,0.0
2,1,5,2,instant,embedding,0.9905503487043175,0.18105303903073164,1.1087457340103248,0.2188037115946077
2,1,5,2,instant,decoder,1.0000000013705626,0.0,0.9999999999991827,0.4147012709133403
2,1,5,2,instant,decay,0.9974306536547499,0.08109166075231,0.9594351975047217,0.0001417543092875755
2,1,5,2,instant,phase,1.000000088090448,0.0,0.9999999999716609,0.00034493983322016945
2,1,5,2,instant,write,0.9756608661856327,0.28546794476768694,1.1584342105545915,0.0004164742638711852
2,1,5,2,instant,phase_controller,1.0000000293494173,0.0,0.9999999999917265,0.0040470611735308045
2,1,5,2,instant,other,0.980726423354878,0.20113690731765552,1.0284735791193027,0.3615444048709606
2,1,5,2,instant,predictor,0.0,0.0,0.0,0.0
2,1,5,4,trace,embedding,0.9155033177974355,0.491383904087389,1.197645523339666,0.1454639412893661
2,1,5,4,trace,decoder,1.0000000168309333,3.7147628869053015e-08,0.999999999998753,0.37650041641232934
2,1,5,4,trace,decay,0.9491180231986307,0.3407811969443371,0.818899375039769,8.980744468003612e-05
2,1,5,4,trace,phase,0.9967275700550242,0.08794617389446538,1.0313688454358576,0.010378883397809093
2,1,5,4,trace,write,0.8979524011035825,0.6201591012566285,1.334891698544768,0.0011830989638413945
2,1,5,4,trace,phase_controller,0.9967510353181975,0.08759807043038671,1.0311880987997823,0.10342431708671738
2,1,5,4,trace,other,0.9518947435035655,0.3091142109168029,0.9925769187371516,0.3629601457799156
2,1,5,4,trace,predictor,0.0,0.0,0.0,0.0
2,1,5,4,instant,embedding,0.8910021666300693,0.5270622030225973,1.158731711444833,0.1454639412893661
2,1,5,4,instant,decoder,1.0000000168309333,3.7147628869053015e-08,0.999999999998753,0.37650041641232934
2,1,5,4,instant,decay,0.7129701093350306,1.0317156864455577,1.4697815941377428,8.980744468003612e-05
2,1,5,4,instant,phase,0.9930261347877382,0.2888039064918768,0.7293816743523959,0.010378883397809093
2,1,5,4,instant,write,0.8716915031877721,0.5062281016641762,0.9986284915995159,0.0011830989638413945
2,1,5,4,instant,phase_controller,0.9919113924816099,0.28830095283544993,0.7330570389803656,0.10342431708671738
2,1,5,4,instant,other,0.9518947435035655,0.3091142109168029,0.9925769187371516,0.3629601457799156
2,1,5,4,instant,predictor,0.0,0.0,0.0,0.0
2,1,5,8,trace,embedding,0.8897600411111967,0.471746928275887,1.0089996933325036,0.12120981196366812
2,1,5,8,trace,decoder,0.9999999800772708,6.41693378241586e-08,0.9999999999985371,0.46812854940982873
2,1,5,8,trace,decay,0.9965133143912057,0.10551314903204324,0.9319230763228,0.0010636618242643912
2,1,5,8,trace,phase,0.9634867156690141,0.33764343706499655,1.16918041385163,0.012884749434688912
2,1,5,8,trace,write,0.76826333310365,0.8115392851579871,1.2670857650525826,0.0011072797340096177
2,1,5,8,trace,phase_controller,0.9613408477126221,0.34463257764336425,1.168579394018567,0.12809294293744564
2,1,5,8,trace,other,0.9353422219895671,0.35467387521460514,0.9610118007022305,0.26751341659016054
2,1,5,8,trace,predictor,0.0,0.0,0.0,0.0
2,1,5,8,instant,embedding,0.8477428378434939,0.550143645670656,0.993775796903095,0.12120981196366812
2,1,5,8,instant,decoder,0.9999999800772708,6.41693378241586e-08,0.9999999999985371,0.46812854940982873
2,1,5,8,instant,decay,0.9186085009946541,0.6641493347044823,0.38481455610956333,0.0010636618242643912
2,1,5,8,instant,phase,0.8875572029479531,0.5723250539782878,0.5479784812977426,0.012884749434688912
2,1,5,8,instant,write,0.29988241892675516,1.0832450763976502,0.8130578156337197,0.0011072797340096177
2,1,5,8,instant,phase_controller,0.8839761828135396,0.5721266497549164,0.5542143348180896,0.12809294293744564
2,1,5,8,instant,other,0.9353422219895671,0.35467387521460514,0.9610118007022305,0.26751341659016054
2,1,5,8,instant,predictor,0.0,0.0,0.0,0.0
2,1,5,16,trace,embedding,0.9201226879728566,0.3930175473702899,0.9531129400619239,0.04663211544929977
2,1,5,16,trace,decoder,1.0000000424992221,9.927773315944745e-08,0.9999999999977299,0.160913825426198
2,1,5,16,trace,decay,0.8680084532014266,0.5370807221890721,1.0726891966173229,6.116006189942957e-05
2,1,5,16,trace,phase,0.9310143065563646,0.418542268413063,0.7261601472986718,0.06317633127739919
2,1,5,16,trace,write,0.2707834258969872,1.4301380556728522,1.3284309544383195,0.00045373270446365694
2,1,5,16,trace,phase_controller,0.9305428420080226,0.420841063107671,0.7231365889963265,0.634304793728278
2,1,5,16,trace,other,0.9613556041716572,0.2757998514212562,0.9778118566851891,0.09445809906776961
2,1,5,16,trace,predictor,0.0,0.0,0.0,0.0
2,1,5,16,instant,embedding,0.7893619290986365,0.623815988013461,0.8999900527842927,0.04663211544929977
2,1,5,16,instant,decoder,1.0000000424992221,9.927773315944745e-08,0.9999999999977299,0.160913825426198
2,1,5,16,instant,decay,0.5950331697469641,0.96955637571977,1.1373466398220877,6.116006189942957e-05
2,1,5,16,instant,phase,0.6849374580044454,0.929059474959872,0.1084907689963236,0.06317633127739919
2,1,5,16,instant,write,0.0368764947517272,1.1384627193768777,0.5822729694295408,0.00045373270446365694
2,1,5,16,instant,phase_controller,0.6831676174576866,0.925889641679282,0.1139666828161177,0.634304793728278
2,1,5,16,instant,other,0.9613556041716572,0.2757998514212562,0.9778118566851891,0.09445809906776961
2,1,5,16,instant,predictor,0.0,0.0,0.0,0.0
2,1,5,32,trace,embedding,0.9205723718106549,0.39143931481883354,0.8945274829486097,0.03864275469596107
2,1,5,32,trace,decoder,0.9999999489181447,8.460273012950403e-08,0.9999999999976281,0.10962001294781201
2,1,5,32,trace,decay,0.8552833156321173,1.4409703942562875,2.1998670518562893,2.4956595217904115e-05
2,1,5,32,trace,phase,0.9197384446567416,0.45467543041788233,0.6902855942019089,0.0715046424078729
2,1,5,32,trace,write,0.3708524325429361,1.1455292015887308,1.0415003765747948,0.0005172289192928296
2,1,5,32,trace,phase_controller,0.920419432963867,0.4549273176819906,0.6877588139773857,0.7212315332966978
2,1,5,32,trace,other,0.945573188785485,0.3254142324124268,0.9437242125621098,0.05845918666229773
2,1,5,32,trace,predictor,0.0,0.0,0.0,0.0
2,1,5,32,instant,embedding,0.7398915853532271,0.673624971364025,0.7746775451684407,0.03864275469596107
2,1,5,32,instant,decoder,0.9999999489181447,8.460273012950403e-08,0.9999999999976281,0.10962001294781201
2,1,5,32,instant,decay,-0.030390153973629833,1.5899397120742198,1.2060692329507907,2.4956595217904115e-05
2,1,5,32,instant,phase,0.2925917271963057,0.9774951693750156,0.08984377837638631,0.0715046424078729
2,1,5,32,instant,write,0.35193613565084814,0.9411380957455578,0.44991636480403496,0.0005172289192928296
2,1,5,32,instant,phase_controller,0.3152719115267586,0.9745856055160542,0.09343048881840016,0.7212315332966978
2,1,5,32,instant,other,0.945573188785485,0.3254142324124268,0.9437242125621098,0.05845918666229773
2,1,5,32,instant,predictor,0.0,0.0,0.0,0.0
2,1,5,64,trace,embedding,0.907172361174115,0.4219335053240848,0.8757106844459841,0.030439943366097
2,1,5,64,trace,decoder,0.9999999673178621,1.6434932455593983e-07,0.9999999999976025,0.07558448114381269
2,1,5,64,trace,decay,0.5896124523262687,1.5383843795553165,1.8989135336167042,2.85399378813238e-05
2,1,5,64,trace,phase,0.9255108183466318,0.4612715302071718,0.6621827480475454,0.07587893716939362
2,1,5,64,trace,write,0.3961189017785827,1.0938885141602699,0.9906795996735653,0.00039048667903807225
2,1,5,64,trace,phase_controller,0.926745754402482,0.4598648312330711,0.6615414180927274,0.7660066929803606
2,1,5,64,trace,other,0.9369384505403354,0.3508161767046855,0.9065084134641034,0.05167104499853663
2,1,5,64,trace,predictor,0.0,0.0,0.0,0.0
2,1,5,64,instant,embedding,0.706907373728329,0.7074549482752063,0.7214235183310332,0.030439943366097
2,1,5,64,instant,decoder,0.9999999673178621,1.6434932455593983e-07,0.9999999999976025,0.07558448114381269
2,1,5,64,instant,decay,-0.5245371310931545,1.775465271083762,1.0334796080055586,2.85399378813238e-05
2,1,5,64,instant,phase,0.20469828309447902,0.9855039813964576,0.09015868650366346,0.07587893716939362
2,1,5,64,instant,write,0.4117346799718874,0.9173494123068192,0.5168791020719873,0.00039048667903807225
2,1,5,64,instant,phase_controller,0.23395017478657978,0.9822379223107526,0.0942215293927658,0.7660066929803606
2,1,5,64,instant,other,0.9369384505403354,0.3508161767046855,0.9065084134641034,0.05167104499853663
2,1,5,64,instant,predictor,0.0,0.0,0.0,0.0
2,1,5,128,trace,embedding,0.9059169572447135,0.4258472341604867,0.8608415626162567,0.027513841330940772
2,1,5,128,trace,decoder,0.999999986258626,2.334277399395182e-07,0.9999999999975189,0.06281832631455607
2,1,5,128,trace,decay,0.3407481891130855,2.1123671116960394,2.23236246847699,1.420903944800174e-05
2,1,5,128,trace,phase,0.9259514365515065,0.4637220407402344,0.6568339552884109,0.07799009215633247
2,1,5,128,trace,write,0.34772317918526835,1.112908710557068,0.9472871507547195,0.00038790367369646595
2,1,5,128,trace,phase_controller,0.9270007639787013,0.4626949817766576,0.6560447381480572,0.7862908572040358
2,1,5,128,trace,other,0.9253130396452024,0.3797371847105003,0.9051867060173615,0.044984886391910874
2,1,5,128,trace,predictor,0.0,0.0,0.0,0.0
2,1,5,128,instant,embedding,0.6933782575812113,0.7205765263808097,0.695325759504769,0.027513841330940772
2,1,5,128,instant,decoder,0.999999986258626,2.334277399395182e-07,0.9999999999975189,0.06281832631455607
2,1,5,128,instant,decay,-0.7571462954425955,2.303878645873814,1.452181154901434,1.420903944800174e-05
2,1,5,128,instant,phase,0.30980783840429055,0.9772831178314175,0.08383621546367194,0.07799009215633247
2,1,5,128,instant,write,0.46408762328069925,0.8860383015798647,0.48509564108334274,0.00038790367369646595
2,1,5,128,instant,phase_controller,0.3328209045362333,0.9742550232636153,0.08798903559037762,0.7862908572040358
2,1,5,128,instant,other,0.9253130396452024,0.3797371847105003,0.9051867060173615,0.044984886391910874
2,1,5,128,instant,predictor,0.0,0.0,0.0,0.0
1,0,6,2,trace,embedding,1.0000000632135748,8.056917791559202e-08,1.0000001055174883,0.2027222867378773
1,0,6,2,trace,decoder,0.9999999943680254,0.0,0.9999999999989254,0.5501490603938959
1,0,6,2,trace,decay,1.0000000351950766,5.5077078693669846e-08,0.9999999999852157,0.0029067746458071296
1,0,6,2,trace,phase,0.9999997917748036,0.0,0.9999999995806659,3.613136245309823e-06
1,0,6,2,trace,write,0.9996341025563411,0.027873277191315333,1.0063592506832948,0.004924232992457619
1,0,6,2,trace,phase_controller,0.9999999809835284,0.0,0.999999999878946,4.335576616138692e-05
1,0,6,2,trace,other,0.9999999310675873,0.0,0.9999999999983704,0.23925063328086563
1,0,6,2,trace,predictor,0.0,0.0,0.0,0.0
1,0,6,2,instant,embedding,0.9978481681282589,0.0656089073236907,1.0001130111242857,0.2027222867378773
1,0,6,2,instant,decoder,0.9999999943680254,0.0,0.9999999999989254,0.5501490603938959
1,0,6,2,instant,decay,0.9972630061696695,0.07492731300422872,1.0094128081409786,0.0029067746458071296
1,0,6,2,instant,phase,0.9999997917748036,0.0,0.9999999995806659,3.613136245309823e-06
1,0,6,2,instant,write,0.9978983513731902,0.0679173583027468,0.977557706494861,0.004924232992457619
1,0,6,2,instant,phase_controller,0.9999999809835284,0.0,0.999999999878946,4.335576616138692e-05
1,0,6,2,instant,other,0.9999999310675873,0.0,0.9999999999983704,0.23925063328086563
1,0,6,2,instant,predictor,0.0,0.0,0.0,0.0
1,0,6,4,trace,embedding,1.000000006757963,5.865134222367802e-08,0.9999999999969013,0.11658219325542639
1,0,6,4,trace,decoder,1.0000000262297708,5.6514225429414425e-08,0.9999999999986598,0.6233019263608324
1,0,6,4,trace,decay,0.9999999431171878,8.444950016809167e-08,1.0000000596816192,0.0010893073872674946
1,0,6,4,trace,phase,1.0000000177440385,5.813980556075222e-10,0.9999999999821323,0.0035067193999091593
1,0,6,4,trace,write,0.9842288340677298,0.18511021371134875,0.9297107235057511,0.0020523178286745787
1,0,6,4,trace,phase_controller,0.9999999923953569,1.045709741618365e-08,0.9999999999943998,0.03569800721448393
1,0,6,4,trace,other,1.000000079071745,5.747308178608172e-08,0.9999999324251794,0.2177696705791161
1,0,6,4,trace,predictor,0.0,0.0,0.0,0.0
1,0,6,4,instant,embedding,0.9759752035450842,0.22636355416840373,1.037361108555351,0.11658219325542639
1,0,6,4,instant,decoder,1.0000000262297708,5.6514225429414425e-08,0.9999999999986598,0.6233019263608324
1,0,6,4,instant,decay,0.9809051768709909,0.23971267688363546,1.121037116672414,0.0010893073872674946
1,0,6,4,instant,phase,0.968657970904248,0.49370010819490634,0.5419988348832488,0.0035067193999091593
1,0,6,4,instant,write,0.9602446459807076,0.2853116708933533,1.0191726264396517,0.0020523178286745787
1,0,6,4,instant,phase_controller,0.9614304778681785,0.4873856759444912,0.5590708625509853,0.03569800721448393
1,0,6,4,instant,other,1.000000079071745,5.747308178608172e-08,0.9999999324251794,0.2177696705791161
1,0,6,4,instant,predictor,0.0,0.0,0.0,0.0
1,0,6,8,trace,embedding,1.0000000573358034,8.71256562380863e-08,1.000000068502109,0.09922168939047615
1,0,6,8,trace,decoder,1.0000000153297506,6.405913715110927e-08,0.9999999999981946,0.6433351206307165
1,0,6,8,trace,decay,1.0000000299988518,7.713448820923778e-08,0.9999999999449045,0.0006908742676917905
1,0,6,8,trace,phase,0.999999967281254,4.212984873331428e-09,0.9999999999824456,0.006805530212850739
1,0,6,8,trace,write,0.9046671094433815,0.7135417270134102,1.476999865695365,0.0006668880028022587
1,0,6,8,trace,phase_controller,1.0000000555852697,2.516428244685586e-07,1.000000165430054,0.06805731614105914
1,0,6,8,trace,other,1.0000000038806511,7.646116666575948e-08,0.9999999999965983,0.1812224381302696
1,0,6,8,trace,predictor,0.0,0.0,0.0,0.0
1,0,6,8,instant,embedding,0.9237026453769398,0.39500569667336854,1.0199134609534417,0.09922168939047615
1,0,6,8,instant,decoder,1.0000000153297506,6.405913715110927e-08,0.9999999999981946,0.6433351206307165
1,0,6,8,instant,decay,0.9984084355413756,0.7874770571861582,1.7838635804055063,0.0006908742676917905
1,0,6,8,instant,phase,0.8139005243228943,0.6240479613023312,0.5861508935030234,0.006805530212850739
1,0,6,8,instant,write,0.6675089471703569,1.286097388556419,1.7161342446919619,0.0006668880028022587
1,0,6,8,instant,phase_controller,0.8044846566801606,0.632816005163372,0.5861919089383419,0.06805731614105914
1,0,6,8,instant,other,1.0000000038806511,7.646116666575948e-08,0.9999999999965983,0.1812224381302696
1,0,6,8,instant,predictor,0.0,0.0,0.0,0.0
1,0,6,16,trace,embedding,0.999999946750126,1.2186034286899127e-07,0.9999999999961816,0.09021124626184247
1,0,6,16,trace,decoder,0.9999999421438174,9.119860287692604e-08,0.9999999999975369,0.21679393621482165
1,0,6,16,trace,decay,0.9999999634519275,2.0166847164478214e-07,1.0000001274732062,0.0011227408310113152
1,0,6,16,trace,phase,1.0000000376933234,1.0535200652097259e-07,0.9999999999950817,0.054375165658751896
1,0,6,16,trace,write,0.9679601689475015,0.2570024066824889,0.9132130947614883,0.0014206657795555878
1,0,6,16,trace,phase_controller,0.9999999791090417,2.771397700250531e-07,1.000000184718176,0.5478024036195894
1,0,6,16,trace,other,1.0000000476659803,8.093127773295729e-08,0.99999999999614,0.08827377316622458
1,0,6,16,trace,predictor,0.0,0.0,0.0,0.0
1,0,6,16,instant,embedding,0.7481957975896663,0.6670244478065273,0.6795042273113328,0.09021124626184247
1,0,6,16,instant,decoder,0.9999999421438174,9.119860287692604e-08,0.9999999999975369,0.21679393621482165
1,0,6,16,instant,decay,0.3872165774325968,0.9220069542238751,0.39300844862910417,0.0011227408310113152
1,0,6,16,instant,phase,0.9536010185000626,0.8504704342652162,0.15820505611867838,0.054375165658751896
1,0,6,16,instant,write,0.4057740613947782,0.9167990995942563,0.3338488772493161,0.0014206657795555878
1,0,6,16,instant,phase_controller,0.8712535964003412,0.8445079223506464,0.18402980905308722,0.5478024036195894
1,0,6,16,instant,other,1.0000000476659803,8.093127773295729e-08,0.99999999999614,0.08827377316622458
1,0,6,16,instant,predictor,0.0,0.0,0.0,0.0
1,0,6,32,trace,embedding,0.999999988501158,1.1788856685972904e-07,0.9999999999959985,0.07950730056917951
1,0,6,32,trace,decoder,1.0000000417395,9.653103619616336e-08,0.9999999204566752,0.17871579024757045
1,0,6,32,trace,decay,0.9999999909113598,2.3901567141665873e-07,1.0000001527866273,0.000756410255285708
1,0,6,32,trace,phase,0.9999999433918296,2.4835498665827487e-08,0.9999999999954433,0.06131349640039034
1,0,6,32,trace,write,0.8946264024112941,0.46030372432884076,0.7840100789191092,0.002155462841538109
1,0,6,32,trace,phase_controller,0.9999999877274642,2.889687714124351e-07,0.9999998278778283,0.6106535640561329
1,0,6,32,trace,other,0.999999973103257,9.158710013980924e-08,0.9999999999956377,0.06689752414526903
1,0,6,32,trace,predictor,0.0,0.0,0.0,0.0
1,0,6,32,instant,embedding,0.7071672967189276,0.7075085663442252,0.6815920982378764,0.07950730056917951
1,0,6,32,instant,decoder,1.0000000417395,9.653103619616336e-08,0.9999999204566752,0.17871579024757045
1,0,6,32,instant,decay,0.25967734305244755,1.033091847771537,0.6267073427392797,0.000756410255285708
1,0,6,32,instant,phase,0.8417258792686677,0.8558283445725824,0.17768929120552523,0.06131349640039034
1,0,6,32,instant,write,0.4690963132962212,0.8947111829208341,0.32571054485299206,0.002155462841538109
1,0,6,32,instant,phase_controller,0.8238271291034066,0.8542563433575873,0.18473022786778312,0.6106535640561329
1,0,6,32,instant,other,0.999999973103257,9.158710013980924e-08,0.9999999999956377,0.06689752414526903
1,0,6,32,instant,predictor,0.0,0.0,0.0,0.0
1,0,6,64,trace,embedding,0.9999999636299861,1.4657106458581287e-07,0.9999999999958081,0.10211419887892088
1,0,6,64,trace,decoder,1.0000000499980874,1.712297057668197e-07,0.9999999999972781,0.24217663472317844
1,0,6,64,trace,decay,0.9999999748077284,1.634907467792257e-07,1.000000076466244,0.0010635237975976863
1,0,6,64,trace,phase,0.9999999269862029,1.749344727410912e-07,1.0000001746038774,0.05227044841249054
1,0,6,64,trace,write,0.756915576814437,0.659293635518881,0.6697993014599742,0.0032682277056401824
1,0,6,64,trace,phase_controller,0.9999999803577769,1.1478103531949047e-07,1.0000001107772354,0.5194425397897612
1,0,6,64,trace,other,1.0000000683209738,2.0226750346650357e-07,1.0000000707137562,0.07966490470893513
1,0,6,64,trace,predictor,0.0,0.0,0.0,0.0
1,0,6,64,instant,embedding,0.6810888219514706,0.7326370863483489,0.706372291417614,0.10211419887892088
1,0,6,64,instant,decoder,1.0000000499980874,1.712297057668197e-07,0.9999999999972781,0.24217663472317844
1,0,6,64,instant,decay,0.2152079542923883,1.081176483595075,0.6791661008033939,0.0010635237975976863
1,0,6,64,instant,phase,0.13869494926388012,0.9926284134508327,0.2061296093138725,0.05227044841249054
1,0,6,64,instant,write,0.402929927979257,0.9186835313416722,0.3233569695284144,0.0032682277056401824
1,0,6,64,instant,phase_controller,0.15206925318911485,0.9905990645351788,0.2184882913140477,0.5194425397897612
1,0,6,64,instant,other,1.0000000683209738,2.0226750346650357e-07,1.0000000707137562,0.07966490470893513
1,0,6,64,instant,predictor,0.0,0.0,0.0,0.0
1,0,6,128,trace,embedding,0.9999999106360402,1.532726261092578e-07,0.9999998813641908,0.09129226358749393
1,0,6,128,trace,decoder,1.0000000470416552,2.1826853126126422e-07,0.9999999999973002,0.19844755995483182
1,0,6,128,trace,decay,0.9999999966564675,2.9221738186978413e-07,0.999999782514144,0.0009552836805011395
1,0,6,128,trace,phase,1.0000000727353844,2.6188686223469554e-07,0.9999997024458976,0.058046909777300655
1,0,6,128,trace,write,0.7728591477932265,0.639461719876542,0.6939741389931066,0.0027631407186384954
1,0,6,128,trace,phase_controller,0.9999999852502438,1.9155116668396617e-07,0.9999998111279658,0.5762731405324598
1,0,6,128,trace,other,1.0000000010821057,2.1696445170692907e-07,1.000000066684572,0.07222164969556728
1,0,6,128,trace,predictor,0.0,0.0,0.0,0.0
1,0,6,128,instant,embedding,0.6790939580396746,0.7340512259324634,0.6793550129809562,0.09129226358749393
1,0,6,128,instant,decoder,1.0000000470416552,2.1826853126126422e-07,0.9999999999973002,0.19844755995483182
1,0,6,128,instant,decay,0.15823540702315617,1.0690758627751815,0.5680667640173019,0.0009552836805011395
1,0,6,128,instant,phase,0.44564744859957073,0.9328793180187331,0.18322505149181856,0.058046909777300655
1,0,6,128,instant,write,0.34043355903123895,0.9422042198267836,0.2800677214191965,0.0027631407186384954
1,0,6,128,instant,phase_controller,0.43788439084319075,0.9313867652228284,0.19452459371810618,0.5762731405324598
1,0,6,128,instant,other,1.0000000010821057,2.1696445170692907e-07,1.000000066684572,0.07222164969556728
1,0,6,128,instant,predictor,0.0,0.0,0.0,0.0
1,1,6,2,trace,embedding,0.9999751819327239,0.007279151154298633,1.00181469615869,0.09809243574223235
1,1,6,2,trace,decoder,1.0000000457750167,0.0,0.9999999999992638,0.6807662492984589
1,1,6,2,trace,decay,1.0000000038358556,0.0014907471909997754,0.9985246342357879,0.0009631842342483849
1,1,6,2,trace,phase,0.999999964674114,0.0,0.9999999999850223,0.001644581612326242
1,1,6,2,trace,write,0.9223247636409887,0.4158443239088393,1.0759794102999256,0.0010482693398140453
1,1,6,2,trace,phase_controller,1.0000000533614883,0.0,0.9999999999954902,0.018139653228882627
1,1,6,2,trace,other,0.9999807036960442,0.006464992759819825,0.9982924093491259,0.1993459118617001
1,1,6,2,trace,predictor,0.0,0.0,0.0,0.0
1,1,6,2,instant,embedding,0.8941566470056828,0.4532566912505146,0.8237450201029334,0.09809243574223235
1,1,6,2,instant,decoder,1.0000000457750167,0.0,0.9999999999992638,0.6807662492984589
1,1,6,2,instant,decay,0.9418608908871977,0.3637999227250101,1.0813331455984423,0.0009631842342483849
1,1,6,2,instant,phase,0.999999964674114,0.0,0.9999999999850223,0.001644581612326242
1,1,6,2,instant,write,0.7832876291653766,0.6546872593160976,0.9886041681797995,0.0010482693398140453
1,1,6,2,instant,phase_controller,1.0000000533614883,0.0,0.9999999999954902,0.018139653228882627
1,1,6,2,instant,other,0.9999807036960442,0.006464992759819825,0.9982924093491259,0.1993459118617001
1,1,6,2,instant,predictor,0.0,0.0,0.0,0.0
1,1,6,4,trace,embedding,0.999406103399568,0.03448492436287193,0.9981513872711234,0.07424040060400423
1,1,6,4,trace,decoder,1.0000000333828003,3.109047198340393e-08,0.9999999999989541,0.6329049492296418
1,1,6,4,trace,decay,0.9355743100526271,0.41346144726982975,1.15063260936902,2.5187543511459874e-06
1,1,6,4,trace,phase,0.999989854067912,0.004633048297969242,1.001099191266854,0.011971807348365124
1,1,6,4,trace,write,0.4709249796441525,1.1346269247347915,1.184471224159343,0.0012130550949925535
1,1,6,4,trace,phase_controller,0.9999902301287509,0.0044361657811388166,1.0004369616988225,0.1409139441561815
1,1,6,4,trace,other,0.9995807370200946,0.029179750211338798,0.9959394322985995,0.13875283026289498
1,1,6,4,trace,predictor,0.0,0.0,0.0,0.0
1,1,6,4,instant,embedding,0.8830892954576298,0.4737513831586287,0.9485675162762269,0.07424040060400423
1,1,6,4,instant,decoder,1.0000000333828003,3.109047198340393e-08,0.9999999999989541,0.6329049492296418
1,1,6,4,instant,decay,-0.8110239233841975,6.361198184789863,5.523216328026547,2.5187543511459874e-06
1,1,6,4,instant,phase,0.9999146616108526,0.2669644233277066,0.7332703971947095,0.011971807348365124
1,1,6,4,instant,write,-0.18010080958374292,1.1603464023749053,0.435398947887003,0.0012130550949925535
1,1,6,4,instant,phase_controller,0.9905885326746805,0.2888849337263945,0.7361869165431757,0.1409139441561815
1,1,6,4,instant,other,0.9995807370200946,0.029179750211338798,0.9959394322985995,0.13875283026289498
1,1,6,4,instant,predictor,0.0,0.0,0.0,0.0
1,1,6,8,trace,embedding,0.9995993542870688,0.028308880386288846,0.9991955280456012,0.07219515916638178
1,1,6,8,trace,decoder,0.9999999898006503,7.621951229404329e-08,1.0000000900140615,0.43365281098355946
1,1,6,8,trace,decay,0.9994830287596104,0.04725042036897604,0.9648558938390559,0.00013567015789943876
1,1,6,8,trace,phase,0.9999789344313449,0.006989989290286766,1.00260298487161,0.03467121389671788
1,1,6,8,trace,write,0.7913289566032229,1.0767086462407336,1.6776151273683624,0.0006936349981201909
1,1,6,8,trace,phase_controller,0.9999799966857368,0.006845971362355001,1.0026123386615202,0.3644559335970683
1,1,6,8,trace,other,0.9995902104979235,0.028858111842934256,0.9959340062058537,0.09419563007110553
1,1,6,8,trace,predictor,0.0,0.0,0.0,0.0
1,1,6,8,instant,embedding,0.8937496045243767,0.4485664393655547,0.8936022142635442,0.07219515916638178
1,1,6,8,instant,decoder,0.9999999898006503,7.621951229404329e-08,1.0000000900140615,0.43365281098355946
1,1,6,8,instant,decay,0.09328215728261294,1.0469580467398358,0.4170453721000664,0.00013567015789943876
1,1,6,8,instant,phase,0.9306128568946859,0.6215515384764626,0.42825177722372,0.03467121389671788
1,1,6,8,instant,write,-0.1265065477906543,1.1424249425368929,0.4401842362283462,0.0006936349981201909
1,1,6,8,instant,phase_controller,0.9274513697690712,0.625485634296497,0.42605495818469635,0.3644559335970683
1,1,6,8,instant,other,0.9995902104979235,0.028858111842934256,0.9959340062058537,0.09419563007110553
1,1,6,8,instant,predictor,0.0,0.0,0.0,0.0
1,1,6,16,trace,embedding,0.9993856354386442,0.035057117419247566,0.9987208520748594,0.026518849895601868
1,1,6,16,trace,decoder,1.000000041148906,8.506280133613021e-08,0.9999999999977812,0.09840298213681047
1,1,6,16,trace,decay,0.9980245108445162,0.08578559378745478,1.0564370220514234,5.6405627032361776e-05
1,1,6,16,trace,phase,0.9999960150999895,0.011127771019077318,0.9892315260979935,0.07604003534036693
1,1,6,16,trace,write,0.8016189296245606,0.7446800375354953,1.245624707847795,0.0007084918285586185
1,1,6,16,trace,phase_controller,0.9999955538017683,0.011015128760289839,0.9893848847593671,0.7690558280480251
1,1,6,16,trace,other,0.9983055002871326,0.05818864941868626,0.9982592270512444,0.02921745358452916
1,1,6,16,trace,predictor,0.0,0.0,0.0,0.0
1,1,6,16,instant,embedding,0.823936610758086,0.5692974437334327,0.7694260718515274,0.026518849895601868
1,1,6,16,instant,decoder,1.000000041148906,8.506280133613021e-08,0.9999999999977812,0.09840298213681047
1,1,6,16,instant,decay,0.7294664930061657,0.8794560914717969,1.2822453557824387,5.6405627032361776e-05
1,1,6,16,instant,phase,0.9526247419832242,0.799438753324766,0.21330320484509432,0.07604003534036693
1,1,6,16,instant,write,0.6050145342163885,0.7963506549798257,0.6197428937932056,0.0007084918285586185
1,1,6,16,instant,phase_controller,0.951388956357201,0.796762263540492,0.21656160169169164,0.7690558280480251
1,1,6,16,instant,other,0.9983055002871326,0.05818864941868626,0.9982592270512444,0.02921745358452916
1,1,6,16,instant,predictor,0.0,0.0,0.0,0.0
1,1,6,32,trace,embedding,0.9985407886191626,0.05401440607691481,0.9995021507026709,0.05496153454190846
1,1,6,32,trace,decoder,0.9999999362744519,1.056447978587773e-07,0.9999999999976484,0.23226613402946866
1,1,6,32,trace,decay,0.9926275742790482,0.19053224177510586,0.8456173108499011,0.00011745454835314806
1,1,6,32,trace,phase,0.999981018300933,0.006151622188299754,0.9998941618969571,0.057824954693556495
1,1,6,32,trace,write,0.9673160765725349,0.829240076774229,1.756834616958382,0.0007752349476962817
1,1,6,32,trace,phase_controller,0.9999785988332381,0.006544226369008637,1.0001657486088742,0.5946142424904585
1,1,6,32,trace,other,0.9966562910047811,0.08373248177777842,1.0149632307613794,0.05944042169787381
1,1,6,32,trace,predictor,0.0,0.0,0.0,0.0
1,1,6,32,instant,embedding,0.8446970464323227,0.5388770159502554,0.7822350573317298,0.05496153454190846
1,1,6,32,instant,decoder,0.9999999362744519,1.056447978587773e-07,0.9999999999976484,0.23226613402946866
1,1,6,32,instant,decay,-0.5851128634983969,1.6313351652708699,0.8303770241590688,0.00011745454835314806
1,1,6,32,instant,phase,0.9302680279848725,0.7618641382913371,0.2625588105499009,0.057824954693556495
1,1,6,32,instant,write,0.10857795286432262,1.0579489180686048,0.4705794201663991,0.0007752349476962817
1,1,6,32,instant,phase_controller,0.9328322521963957,0.7610653185301279,0.2624618951212174,0.5946142424904585
1,1,6,32,instant,other,0.9966562910047811,0.08373248177777842,1.0149632307613794,0.05944042169787381
1,1,6,32,instant,predictor,0.0,0.0,0.0,0.0
1,1,6,64,trace,embedding,0.9977708333031764,0.06714530228996815,0.9903991699733837,0.07426580846513996
1,1,6,64,trace,decoder,1.0000000383604648,1.5303228611501034e-07,1.0000000726073037,0.23704778581372263
1,1,6,64,trace,decay,0.9961227241288063,0.1711103621701828,0.8493605819226069,0.00046877243827426996
1,1,6,64,trace,phase,0.999962269098248,0.028068452243568253,0.9732712644271782,0.05467318855388246
1,1,6,64,trace,write,0.9524283663344489,0.7071433807430062,1.590528277340433,0.0010674464119996287
1,1,6,64,trace,phase_controller,0.9999388255024007,0.027262895397231063,0.9750222516671072,0.5763465254916821
1,1,6,64,trace,other,0.9920923000420735,0.12737966610935655,1.013830089786691,0.05613054526286714
1,1,6,64,trace,predictor,0.0,0.0,0.0,0.0
1,1,6,64,instant,embedding,0.8038256008495079,0.5969444168215687,0.7540429113352384,0.07426580846513996
1,1,6,64,instant,decoder,1.0000000383604648,1.5303228611501034e-07,1.0000000726073037,0.23704778581372263
1,1,6,64,instant,decay,-0.794602333525452,1.5753445835482836,0.6590493353906056,0.00046877243827426996
1,1,6,64,instant,phase,0.8725918969395766,0.7859948096126604,0.2567961629250272,0.05467318855388246
1,1,6,64,instant,write,-0.016487670424179666,1.194519322464422,0.6370780044191489,0.0010674464119996287
1,1,6,64,instant,phase_controller,0.8798778489154366,0.7788484024561012,0.26279611809040787,0.5763465254916821
1,1,6,64,instant,other,0.9920923000420735,0.12737966610935655,1.013830089786691,0.05613054526286714
1,1,6,64,instant,predictor,0.0,0.0,0.0,0.0
1,1,6,128,trace,embedding,0.9970363479739104,0.07812653215127428,0.9834164502875491,0.07328100051243512
1,1,6,128,trace,decoder,1.0000001293023826,2.1587334116736676e-07,1.000000073289218,0.2268020967365492
1,1,6,128,trace,decay,0.9983059875290557,0.1897572253328787,0.8176889200348391,0.0005235249563132506
1,1,6,128,trace,phase,0.9999866457007772,0.07193572175636789,0.9282378837876405,0.05640736373436856
1,1,6,128,trace,write,0.9530678183746828,0.6525278375036525,1.5311083704012385,0.0010855962711089073
1,1,6,128,trace,phase_controller,0.9998873906554798,0.06989112792152276,0.9316273546471193,0.5916875989044179
1,1,6,128,trace,other,0.9891819186966735,0.14810104380830352,1.009547818762103,0.050213374371521485
1,1,6,128,trace,predictor,0.0,0.0,0.0,0.0
1,1,6,128,instant,embedding,0.7937370348801199,0.6104028843508374,0.7426459784866274,0.07328100051243512
1,1,6,128,instant,decoder,1.0000001293023826,2.1587334116736676e-07,1.000000073289218,0.2268020967365492
1,1,6,128,instant,decay,-0.786461984013034,1.6141885867697443,0.7048889108876701,0.0005235249563132506
1,1,6,128,instant,phase,0.8684613725504089,0.8069423628619201,0.23176603940454735,0.05640736373436856
1,1,6,128,instant,write,-0.024571071120431925,1.2096154498911669,0.6564380055360608,0.0010855962711089073
1,1,6,128,instant,phase_controller,0.8742038695513709,0.7996118485552848,0.2388996582684554,0.5916875989044179
1,1,6,128,instant,other,0.9891819186966735,0.14810104380830352,1.009547818762103,0.050213374371521485
1,1,6,128,instant,predictor,0.0,0.0,0.0,0.0
2,0,6,2,trace,embedding,0.9989746476513918,0.04529555975266401,0.9974998796953253,0.042734835949019286
2,0,6,2,trace,decoder,1.0000000668551008,0.0,0.999999999999417,0.6926927727904254
2,0,6,2,trace,decay,0.9983220467940246,0.060163030465189685,0.9819967172308629,0.0006944990416853037
2,0,6,2,trace,phase,1.0000000402627458,0.0,0.9999999999671004,0.00021746655809537667
2,0,6,2,trace,write,0.9955865095575994,0.11039186064547,0.9374565675602476,0.0015443794745104386
2,0,6,2,trace,phase_controller,1.000000066429179,0.0,0.999999999989706,0.002221311498043045
2,0,6,2,trace,other,0.9964933091172679,0.09512228942013262,0.9512489022441362,0.25989419584255596
2,0,6,2,trace,predictor,0.0,0.0,0.0,0.0
2,0,6,2,instant,embedding,0.9899726461690339,0.14355945893851818,0.9643746320964137,0.042734835949019286
2,0,6,2,instant,decoder,1.0000000668551008,0.0,0.999999999999417,0.6926927727904254
2,0,6,2,instant,decay,0.970080219364265,0.2427893288668204,0.9715587951124826,0.0006944990416853037
2,0,6,2,instant,phase,1.0000000402627458,0.0,0.9999999999671004,0.00021746655809537667
2,0,6,2,instant,write,0.9783338940748061,0.2123183817369534,0.9312548192346372,0.0015443794745104386
2,0,6,2,instant,phase_controller,1.000000066429179,0.0,0.999999999989706,0.002221311498043045
2,0,6,2,instant,other,0.9964933091172679,0.09512228942013262,0.9512489022441362,0.25989419584255596
2,0,6,2,instant,predictor,0.0,0.0,0.0,0.0
2,0,6,4,trace,embedding,0.8176295309496976,0.5911683137397131,0.9517865264522869,0.03986498193372694
2,0,6,4,trace,decoder,1.000000036416498,3.478783174606481e-08,0.9999999999991271,0.6176522399896206
2,0,6,4,trace,decay,0.9419103982057794,0.3482260967187557,1.0338713410469775,0.0003088911133950692
2,0,6,4,trace,phase,0.9193189487670561,0.41874078922236624,1.0624662295651717,0.007031187604839425
2,0,6,4,trace,write,0.6171057860245599,0.8044245241982154,0.7841938735215234,0.0013300111720220256
2,0,6,4,trace,phase_controller,0.9255464813840253,0.4010952306523436,1.0578858226723926,0.07851189322913538
2,0,6,4,trace,other,0.9012622906232686,0.4618590197720866,0.7413007998362474,0.25530117114100714
2,0,6,4,trace,predictor,0.0,0.0,0.0,0.0
2,0,6,4,instant,embedding,0.9686203623176775,0.2576428034458803,0.9007610217889179,0.03986498193372694
2,0,6,4,instant,decoder,1.000000036416498,3.478783174606481e-08,0.9999999999991271,0.6176522399896206
2,0,6,4,instant,decay,0.9547538465689633,0.485980692827347,1.3391134016318542,0.0003088911133950692
2,0,6,4,instant,phase,0.9864142477624832,0.2836830382520256,0.755136685612663,0.007031187604839425
2,0,6,4,instant,write,0.6177364814519959,0.7880795564957137,0.669387055815636,0.0013300111720220256
2,0,6,4,instant,phase_controller,0.9872573054129052,0.2841234492178088,0.7518789005270751,0.07851189322913538
2,0,6,4,instant,other,0.9012622906232686,0.4618590197720866,0.7413007998362474,0.25530117114100714
2,0,6,4,instant,predictor,0.0,0.0,0.0,0.0
2,0,6,8,trace,embedding,0.7299817419451381,0.6834732802447075,0.7329396011598246,0.047720078169921916
2,0,6,8,trace,decoder,1.0000000024910438,7.885702670331622e-08,0.9999999999985936,0.2556494515485908
2,0,6,8,trace,decay,0.838868335140988,0.7094224287526972,1.2938193167976317,9.442854033330827e-05
2,0,6,8,trace,phase,0.9958442804195147,0.09158226805291336,1.005489484749718,0.043155166130261526
2,0,6,8,trace,write,0.6374311423987039,0.8092927793401715,0.8849657572642329,0.0007656580272248993
2,0,6,8,trace,phase_controller,0.9955655059596029,0.09451691720192344,1.0047389596095482,0.4618384680668676
2,0,6,8,trace,other,0.799609284601673,0.6011090658924042,0.773023255767559,0.19077658665934097
2,0,6,8,trace,predictor,0.0,0.0,0.0,0.0
2,0,6,8,instant,embedding,0.7607283435587622,0.6531727223748308,0.6876398664690901,0.047720078169921916
2,0,6,8,instant,decoder,1.0000000024910438,7.885702670331622e-08,0.9999999999985936,0.2556494515485908
2,0,6,8,instant,decay,0.9720602096712218,0.960790450189186,1.9037357258542853,9.442854033330827e-05
2,0,6,8,instant,phase,0.9915706525394763,0.6541022699485219,0.35042941912380254,0.043155166130261526
2,0,6,8,instant,write,0.00411410795867063,1.1513390626657771,0.5747265092083691,0.0007656580272248993
2,0,6,8,instant,phase_controller,0.9898095359130321,0.6601095497317219,0.34524176172179816,0.4618384680668676
2,0,6,8,instant,other,0.799609284601673,0.6011090658924042,0.773023255767559,0.19077658665934097
2,0,6,8,instant,predictor,0.0,0.0,0.0,0.0
2,0,6,16,trace,embedding,0.7106726420051541,0.7342316187645995,0.9207963188014164,0.05617971558124055
2,0,6,16,trace,decoder,0.999999955143342,9.776607911390602e-08,0.99999999999785,0.3386090386850555
2,0,6,16,trace,decay,0.7280702876578562,1.197924211643662,1.7104697487274243,0.00024058045401935957
2,0,6,16,trace,phase,0.79726074079181,0.73147641423778,1.2103981479358517,0.029093802697345968
2,0,6,16,trace,write,0.1206547282575377,1.2577637276361087,0.8930063718350105,0.0020070901449932297
2,0,6,16,trace,phase_controller,0.7966968889232033,0.7313024165230091,1.2084364262071599,0.2955154534438604
2,0,6,16,trace,other,0.7514986258121904,0.6635569479850211,0.8226193906297268,0.2783544063982634
2,0,6,16,trace,predictor,0.0,0.0,0.0,0.0
2,0,6,16,instant,embedding,0.8096741970467961,0.5877222071085635,0.7782044128411831,0.05617971558124055
2,0,6,16,instant,decoder,0.999999955143342,9.776607911390602e-08,0.99999999999785,0.3386090386850555
2,0,6,16,instant,decay,0.8669001846502662,0.5956636832204482,1.1929847848285138,0.00024058045401935957
2,0,6,16,instant,phase,0.3748369916657951,0.9271907984761681,0.36121829731710137,0.029093802697345968
2,0,6,16,instant,write,0.5176553066749064,0.8605471093770416,0.42541546402447994,0.0020070901449932297
2,0,6,16,instant,phase_controller,0.39174083732104736,0.9201354834657208,0.3812435221495187,0.2955154534438604
2,0,6,16,instant,other,0.7514986258121904,0.6635569479850211,0.8226193906297268,0.2783544063982634
2,0,6,16,instant,predictor,0.0,0.0,0.0,0.0
2,0,6,32,trace,embedding,0.7432559620190413,0.7046820887692979,0.9646293965599575,0.044936677252789096
2,0,6,32,trace,decoder,1.0000000559981672,9.776462361510341e-08,0.9999999999977044,0.2931569675778971
2,0,6,32,trace,decay,-0.4320609193690358,1.9328082610069919,1.277449037660857,0.00047434171801912943
2,0,6,32,trace,phase,0.7595579050316471,0.7317528433843227,1.09480463082745,0.04229917730278154
2,0,6,32,trace,write,0.1635860132418012,1.1296317736119932,0.7138845751957114,0.0014481895840803224
2,0,6,32,trace,phase_controller,0.7578480801409123,0.7348076500154571,1.095895836901512,0.4188402721275422
2,0,6,32,trace,other,0.713705559129201,0.7020760023131211,0.761517052348897,0.19884423943470658
2,0,6,32,trace,predictor,0.0,0.0,0.0,0.0
2,0,6,32,instant,embedding,0.8218868899821223,0.5696553573435993,0.8195965104579692,0.044936677252789096
2,0,6,32,instant,decoder,1.0000000559981672,9.776462361510341e-08,0.9999999999977044,0.2931569675778971
2,0,6,32,instant,decay,0.10488361454652408,1.217646508473118,0.8074955139137915,0.00047434171801912943
2,0,6,32,instant,phase,0.16179775932397897,0.9999153458457775,0.3230710066367338,0.04229917730278154
2,0,6,32,instant,write,0.4055092852325935,0.9151996149795082,0.45054102797953965,0.0014481895840803224
2,0,6,32,instant,phase_controller,0.16689089199160537,0.9999581010411918,0.33353109411964216,0.4188402721275422
2,0,6,32,instant,other,0.713705559129201,0.7020760023131211,0.761517052348897,0.19884423943470658
2,0,6,32,instant,predictor,0.0,0.0,0.0,0.0
2,0,6,64,trace,embedding,0.7066530997338222,0.7371726659322518,0.9134920187850745,0.04254938404542992
2,0,6,64,trace,decoder,1.000000111594032,1.6587198088456913e-07,0.9999999292810955,0.26860801329427647
2,0,6,64,trace,decay,-0.6191792729193472,1.8910703578546502,1.1011489684063707,0.0004666535567123694
2,0,6,64,trace,phase,0.9329785568337876,0.3800088882472097,1.054863109996181,0.04654401871901325
2,0,6,64,trace,write,0.2963530869351669,1.029138160539917,0.6796943375682248,0.0010117221946332237
2,0,6,64,trace,phase_controller,0.9309164303197173,0.38568631128175285,1.0548488997154486,0.4603945168057084
2,0,6,64,trace,other,0.6958447602237917,0.7188144246038138,0.7257450270320198,0.18042584107579657
2,0,6,64,trace,predictor,0.0,0.0,0.0,0.0
2,0,6,64,instant,embedding,0.7862818076482426,0.6178872142300342,0.7911604100549172,0.04254938404542992
2,0,6,64,instant,decoder,1.000000111594032,1.6587198088456913e-07,0.9999999292810955,0.26860801329427647
2,0,6,64,instant,decay,-0.07627141597575778,1.307128134394153,0.7689513947110986,0.0004666535567123694
2,0,6,64,instant,phase,0.5779102735000309,0.8532259868783431,0.32896256954481135,0.04654401871901325
2,0,6,64,instant,write,0.4057694359173963,0.9204290836231814,0.5145743014397927,0.0010117221946332237
2,0,6,64,instant,phase_controller,0.5712724424893567,0.8543002573156913,0.3342466570304833,0.4603945168057084
2,0,6,64,instant,other,0.6958447602237917,0.7188144246038138,0.7257450270320198,0.18042584107579657
2,0,6,64,instant,predictor,0.0,0.0,0.0,0.0
2,0,6,128,trace,embedding,0.654946758820165,0.7975933998076152,0.9101134923461165,0.04385244539582925
2,0,6,128,trace,decoder,0.9999998805847821,2.1988214028014039e-07,0.9999999282439976,0.24703025679668147
2,0,6,128,trace,decay,-0.5344287600883081,1.5766729275070228,0.7965526452868138,0.0010790593295823508
2,0,6,128,trace,phase,0.8974904989184039,0.4614282291368097,1.0331571737090457,0.04725612114738107
2,0,6,128,trace,write,0.36955763432019334,0.9710120320952693,0.6514036806238531,0.0014038334172202323
2,0,6,128,trace,phase_controller,0.8946494236982074,0.4678547063370956,1.0335211687559618,0.4673738327724697
2,0,6,128,trace,other,0.6876888460313183,0.726099074919587,0.6993604976792492,0.19200429965784105
2,0,6,128,trace,predictor,0.0,0.0,0.0,0.0
2,0,6,128,instant,embedding,0.7555609775851868,0.6551263659632139,0.7634833635818465,0.04385244539582925
2,0,6,128,instant,decoder,0.9999998805847821,2.1988214028014039e-07,0.9999999282439976,0.24703025679668147
2,0,6,128,instant,decay,0.007620301806930505,1.1124394003110816,0.4950415616359316,0.0010790593295823508
2,0,6,128,instant,phase,0.4350152058501295,0.9056395330712682,0.3379523726735508,0.04725612114738107
2,0,6,128,instant,write,0.4872756285755886,0.8741513214976037,0.44755082551083253,0.0014038334172202323
2,0,6,128,instant,phase_controller,0.42732541968144055,0.9080187200375893,0.34303490032970346,0.4673738327724697
2,0,6,128,instant,other,0.6876888460313183,0.726099074919587,0.6993604976792492,0.19200429965784105
2,0,6,128,instant,predictor,0.0,0.0,0.0,0.0
2,1,6,2,trace,embedding,0.9627314180248123,0.28688393692895275,1.058408958870776,0.08196531256179193
2,1,6,2,trace,decoder,0.9999999181758615,0.0,0.9999999999991719,0.5081503635754211
2,1,6,2,trace,decay,0.9052512142425401,0.5352184239285944,1.2307333050122364,0.00015631960899776585
2,1,6,2,trace,phase,1.0000001058638253,0.0,0.9999999999375762,8.941181482685408e-05
2,1,6,2,trace,write,0.9649287104375145,0.2738341833331065,1.0428532016685148,0.0011334942746438021
2,1,6,2,trace,phase_controller,1.0000000476386188,0.0,0.9999999999807191,0.0009372150007957785
2,1,6,2,trace,other,0.9717914590742412,0.2392822766158484,1.0122210356463874,0.40756843338212617
2,1,6,2,trace,predictor,0.0,0.0,0.0,0.0
2,1,6,2,instant,embedding,0.9236143697355411,0.43587954763144005,1.1311101232156584,0.08196531256179193
2,1,6,2,instant,decoder,0.9999999181758615,0.0,0.9999999999991719,0.5081503635754211
2,1,6,2,instant,decay,0.24537777216079076,1.43962478627779,1.309675607788176,0.00015631960899776585
2,1,6,2,instant,phase,1.0000001058638253,0.0,0.9999999999375762,8.941181482685408e-05
2,1,6,2,instant,write,0.7054212460499647,0.7283495716452743,0.8730883714179033,0.0011334942746438021
2,1,6,2,instant,phase_controller,1.0000000476386188,0.0,0.9999999999807191,0.0009372150007957785
2,1,6,2,instant,other,0.9717914590742412,0.2392822766158484,1.0122210356463874,0.40756843338212617
2,1,6,2,instant,predictor,0.0,0.0,0.0,0.0
2,1,6,4,trace,embedding,0.8040493962522225,0.6028761906727218,0.9038242875501895,0.1360797291489979
2,1,6,4,trace,decoder,0.9999999582501037,5.26902006993867e-08,0.9999999999988283,0.4762715965406608
2,1,6,4,trace,decay,0.9920883305840384,0.1648924260973898,1.0989942378190056,0.0003935801659752962
2,1,6,4,trace,phase,0.979109073740826,0.20552056681225817,1.0089964811202483,0.0035225681248982755
2,1,6,4,trace,write,0.7936620154065701,0.9923694762890347,1.5776878761041468,0.0015417383640634933
2,1,6,4,trace,phase_controller,0.9796067373922253,0.20287023407702046,1.0076340809517952,0.036049762781421336
2,1,6,4,trace,other,0.9496853372014097,0.31683305618770147,0.9974907832619101,0.34613993624247064
2,1,6,4,trace,predictor,0.0,0.0,0.0,0.0
2,1,6,4,instant,embedding,0.6513292381783847,0.7882037925817711,0.8646253907703242,0.1360797291489979
2,1,6,4,instant,decoder,0.9999999582501037,5.26902006993867e-08,0.9999999999988283,0.4762715965406608
2,1,6,4,instant,decay,0.514780017546098,1.6422994670250488,1.9155463187022226,0.0003935801659752962
2,1,6,4,instant,phase,0.47882176632458234,0.9190996819039171,0.7508777877889024,0.0035225681248982755
2,1,6,4,instant,write,0.5586018920685079,1.001486594163483,1.1198605975360905,0.0015417383640634933
2,1,6,4,instant,phase_controller,0.47367511684666735,0.9263965998053866,0.7610405481031078,0.036049762781421336
2,1,6,4,instant,other,0.9496853372014097,0.31683305618770147,0.9974907832619101,0.34613993624247064
2,1,6,4,instant,predictor,0.0,0.0,0.0,0.0
2,1,6,8,trace,embedding,0.8644174563704944,0.5259501513391026,0.7100107674441086,0.1776039901461202
2,1,6,8,trace,decoder,0.9999999873596166,9.380458263955958e-08,0.9999999999982628,0.2886717315893338
2,1,6,8,trace,decay,0.9961192101079487,0.16849774914673846,0.8524355952163004,0.0008373713015491335
2,1,6,8,trace,phase,0.9959610307829384,0.19578660467966316,0.8219771975168157,0.0262755903813603
2,1,6,8,trace,write,0.7677698618051793,0.6423816835553057,0.8138663600919176,0.004841816373431923
2,1,6,8,trace,phase_controller,0.9958848435489599,0.19547327120300645,0.8226900217815709,0.26078035807775624
2,1,6,8,trace,other,0.9507552414113221,0.3100478334147365,0.9426554889132149,0.24098897962525884
2,1,6,8,trace,predictor,0.0,0.0,0.0,0.0
2,1,6,8,instant,embedding,0.5387861463768516,0.8437468915607191,0.585683105749039,0.1776039901461202
2,1,6,8,instant,decoder,0.9999999873596166,9.380458263955958e-08,0.9999999999982628,0.2886717315893338
2,1,6,8,instant,decay,0.45617372630280795,1.1441165632940522,1.175268616836845,0.0008373713015491335
2,1,6,8,instant,phase,0.9117796496111968,0.6004446876237981,0.47374333508840877,0.0262755903813603
2,1,6,8,instant,write,0.5071209804052571,0.8618825732217625,0.5107360470147054,0.004841816373431923
2,1,6,8,instant,phase_controller,0.895880264901118,0.606534867897808,0.4829807133444234,0.26078035807775624
2,1,6,8,instant,other,0.9507552414113221,0.3100478334147365,0.9426554889132149,0.24098897962525884
2,1,6,8,instant,predictor,0.0,0.0,0.0,0.0
2,1,6,16,trace,embedding,0.8790497992085041,0.4945846626418029,0.7473570447913934,0.11423570747123306
2,1,6,16,trace,decoder,1.000000067654475,1.2010119866637345e-07,0.9999999303145479,0.2720846143736186
2,1,6,16,trace,decay,0.9684114873258521,0.2700765455185743,0.8646698837110427,0.0013362116567447089
2,1,6,16,trace,phase,0.9791409305986298,0.21981327605480117,0.8952670455407733,0.03331932205373944
2,1,6,16,trace,write,0.8397143721140317,0.5431061629695795,0.8489156857823935,0.0034280087479154455
2,1,6,16,trace,phase_controller,0.9787860768954388,0.2207043057622495,0.8967340010547394,0.3317606834408731
2,1,6,16,trace,other,0.9530517150683033,0.30307054655017035,0.9403974226502018,0.2438353072754264
2,1,6,16,trace,predictor,0.0,0.0,0.0,0.0
2,1,6,16,instant,embedding,0.6333216446470897,0.7739104316046116,0.6275049517747725,0.11423570747123306
2,1,6,16,instant,decoder,1.000000067654475,1.2010119866637345e-07,0.9999999303145479,0.2720846143736186
2,1,6,16,instant,decay,0.419641077452947,0.9083362210786787,0.3853859244797217,0.0013362116567447089
2,1,6,16,instant,phase,0.970522152068394,0.6071033196422412,0.41330785694516387,0.03331932205373944
2,1,6,16,instant,write,0.6580242410769126,0.7661211507109239,0.5168235582321374,0.0034280087479154455
2,1,6,16,instant,phase_controller,0.9636542027231236,0.607887087127946,0.4176174348824627,0.3317606834408731
2,1,6,16,instant,other,0.9530517150683033,0.30307054655017035,0.9403974226502018,0.2438353072754264
2,1,6,16,instant,predictor,0.0,0.0,0.0,0.0
2,1,6,32,trace,embedding,0.9017909297004535,0.4406571965014997,0.8157366307297419,0.11196851213891132
2,1,6,32,trace,decoder,1.000000025695632,9.8716331850502e-08,0.9999999999975165,0.37715553369765303
2,1,6,32,trace,decay,0.9826820007687634,0.1919503878434592,0.9325938341895424,0.0010518981548883319
2,1,6,32,trace,phase,0.9074872664994265,0.5275830099942838,1.2266688465198416,0.022457756558871354
2,1,6,32,trace,write,0.8769900177939907,0.4869779300701848,0.9561026343276438,0.0029252225031967515
2,1,6,32,trace,phase_controller,0.908403059343003,0.5242589840657917,1.2246997242667625,0.22574755812696168
2,1,6,32,trace,other,0.9271658466047191,0.3753798896340427,0.903789235449235,0.2586944215789974
2,1,6,32,trace,predictor,0.0,0.0,0.0,0.0
2,1,6,32,instant,embedding,0.7408113505439806,0.6731985444113636,0.696114657517452,0.11196851213891132
2,1,6,32,instant,decoder,1.000000025695632,9.8716331850502e-08,0.9999999999975165,0.37715553369765303
2,1,6,32,instant,decay,0.551713777531442,0.8367851252335502,0.48390816868773134,0.0010518981548883319
2,1,6,32,instant,phase,-0.19258915161380102,1.0952585874374217,0.29391056145371297,0.022457756558871354
2,1,6,32,instant,write,0.6869899752325532,0.7279805102097088,0.6432779098952521,0.0029252225031967515
2,1,6,32,instant,phase_controller,-0.1570890093162819,1.0916927900401239,0.30817444927466286,0.22574755812696168
2,1,6,32,instant,other,0.9271658466047191,0.3753798896340427,0.903789235449235,0.2586944215789974
2,1,6,32,instant,predictor,0.0,0.0,0.0,0.0
2,1,6,64,trace,embedding,0.9088899123755992,0.42125924507151147,0.8493897238959202,0.08368904767586567
2,1,6,64,trace,decoder,1.000000052872025,1.7273815305242143e-07,0.9999999243309317,0.3216433592917239
2,1,6,64,trace,decay,0.9669590546673767,0.25749502344745717,1.0032039536375676,0.0005668785906093489
2,1,6,64,trace,phase,0.9904849626085961,0.19236904324957513,1.1248956800601877,0.0344955556735228
2,1,6,64,trace,write,0.8745020684948331,0.5049287724719597,1.0148829398492742,0.0017383064135831773
2,1,6,64,trace,phase_controller,0.9905260617993622,0.19125847381681027,1.123648864366683,0.34564665319576676
2,1,6,64,trace,other,0.9352174999784165,0.3543937270040843,0.9201694042429612,0.212221268279705
2,1,6,64,trace,predictor,0.0,0.0,0.0,0.0
2,1,6,64,instant,embedding,0.8068743709005578,0.5935665828469529,0.7488443240747543,0.08368904767586567
2,1,6,64,instant,decoder,1.000000052872025,1.7273815305242143e-07,0.9999999243309317,0.3216433592917239
2,1,6,64,instant,decay,0.6995416235603915,0.7602190655850585,0.4401353101858742,0.0005668785906093489
2,1,6,64,instant,phase,-0.2662162179026378,1.0672675248159413,0.1919660743020289,0.0344955556735228
2,1,6,64,instant,write,0.7180260824073819,0.6962599726862324,0.6996057972436109,0.0017383064135831773
2,1,6,64,instant,phase_controller,-0.21661549367190416,1.0641300652186156,0.20681692569267243,0.34564665319576676
2,1,6,64,instant,other,0.9352174999784165,0.3543937270040843,0.9201694042429612,0.212221268279705
2,1,6,64,instant,predictor,0.0,0.0,0.0,0.0
2,1,6,128,trace,embedding,0.896788603378524,0.44274495809430037,0.8808596547479437,0.0702012958694041
2,1,6,128,trace,decoder,1.0000000805687956,2.3376872731412277e-07,0.9999998489779107,0.29080023340866207
2,1,6,128,trace,decay,0.9636151790617782,0.286044101599921,1.0654752327980057,0.0006183887757186889
2,1,6,128,trace,phase,0.9774622122586928,0.275986291200708,1.155228500869056,0.03980286389447355
2,1,6,128,trace,write,0.9086522651613558,0.4369743700053141,1.0374750257451877,0.0013560121987757914
2,1,6,128,trace,phase_controller,0.977631784558147,0.27476495206967644,1.1544363611801496,0.3976682057636829
2,1,6,128,trace,other,0.9254198809138641,0.3794776050346401,0.905291603377147,0.1995535427368729
2,1,6,128,trace,predictor,0.0,0.0,0.0,0.0
2,1,6,128,instant,embedding,0.8186100989632948,0.5753909945584716,0.7839976928952137,0.0702012958694041
2,1,6,128,instant,decoder,1.0000000805687956,2.3376872731412277e-07,0.9999998489779107,0.29080023340866207
2,1,6,128,instant,decay,0.9032187400860479,0.6615990458177526,0.3997136446573485,0.0006183887757186889
2,1,6,128,instant,phase,-0.23286128444562543,1.0434288464318517,0.1452498640427668,0.03980286389447355
2,1,6,128,instant,write,0.746965759892664,0.6654261887044668,0.7743496060336528,0.0013560121987757914
2,1,6,128,instant,phase_controller,-0.1790531645164363,1.041191832879239,0.16174067677884157,0.3976682057636829
2,1,6,128,instant,other,0.9254198809138641,0.3794776050346401,0.905291603377147,0.1995535427368729
2,1,6,128,instant,predictor,0.0,0.0,0.0,0.0
1,0,7,2,trace,embedding,1.0000000984125248,3.44570872919201e-08,0.9999998874598522,0.051115271092741964
1,0,7,2,trace,decoder,1.0000000712473698,0.0,0.999999999999077,0.855618697399944
1,0,7,2,trace,decay,0.9999998836885973,1.3193848902979907e-07,0.9999999997173534,9.123236599737832e-06
1,0,7,2,trace,phase,1.0000000767200998,0.0,0.9999999998815641,5.1960053335672397e-05
1,0,7,2,trace,write,0.9828107985874186,0.19183610848638602,0.9306773811082655,0.00046323595464516597
1,0,7,2,trace,phase_controller,0.9999999968257708,0.0,0.9999999999637013,0.0005531622609369872
1,0,7,2,trace,other,0.9999999198543567,0.0,0.9999999999971882,0.09218907132778158
1,0,7,2,trace,predictor,0.0,0.0,0.0,0.0
1,0,7,2,instant,embedding,0.990455287068046,0.13896687503098545,1.0081578741211104,0.051115271092741964
1,0,7,2,instant,decoder,1.0000000712473698,0.0,0.999999999999077,0.855618697399944
1,0,7,2,instant,decay,0.6822554949586529,1.2402128199621525,1.6840541780455769,9.123236599737832e-06
1,0,7,2,instant,phase,1.0000000767200998,0.0,0.9999999998815641,5.1960053335672397e-05
1,0,7,2,instant,write,0.9794431084839874,0.23844597774630563,0.8523007156307832,0.00046323595464516597
1,0,7,2,instant,phase_controller,0.9999999968257708,0.0,0.9999999999637013,0.0005531622609369872
1,0,7,2,instant,other,0.9999999198543567,0.0,0.9999999999971882,0.09218907132778158
1,0,7,2,instant,predictor,0.0,0.0,0.0,0.0
1,0,7,4,trace,embedding,1.0000001909985305,6.261534884352564e-08,0.9999999999963323,0.08223490283136217
1,0,7,4,trace,decoder,0.999999916331012,3.1967443731271916e-08,1.0000000740766175,0.7162117312131389
1,0,7,4,trace,decay,0.9999999665267535,5.534687380509468e-07,0.9999998703175345,5.7177868805227324e-05
1,0,7,4,trace,phase,1.0000000803799378,1.0918513369160485e-07,0.9999999999738011,0.0016117255692957052
1,0,7,4,trace,write,0.962731554912768,0.5629324258347812,1.45643718533985,0.00041510011704283805
1,0,7,4,trace,phase_controller,1.000000022400419,1.0187471980123728e-07,1.000000060639249,0.01669606388190358
1,0,7,4,trace,other,1.000000024773906,5.06574827667757e-08,0.9999999999975399,0.1827735813166659
1,0,7,4,trace,predictor,0.0,0.0,0.0,0.0
1,0,7,4,instant,embedding,0.8648358509855363,0.5024314968151148,0.8842914342022203,0.08223490283136217
1,0,7,4,instant,decoder,0.999999916331012,3.1967443731271916e-08,1.0000000740766175,0.7162117312131389
1,0,7,4,instant,decay,0.9867439813423104,3.368508978020453,4.3513415667205395,5.7177868805227324e-05
1,0,7,4,instant,phase,0.9804871219306877,0.19957385032223424,0.9460688647706942,0.0016117255692957052
1,0,7,4,instant,write,0.47663435991751374,1.4392360677993672,1.6161873299283018,0.00041510011704283805
1,0,7,4,instant,phase_controller,0.9766251486808433,0.21801664418896963,0.9401841472985476,0.01669606388190358
1,0,7,4,instant,other,1.000000024773906,5.06574827667757e-08,0.9999999999975399,0.1827735813166659
1,0,7,4,instant,predictor,0.0,0.0,0.0,0.0
1,0,7,8,trace,embedding,1.0000000709706927,8.550468190556153e-08,1.000000111926536,0.12784550545119938
1,0,7,8,trace,decoder,1.0000000535522302,5.8099175031081585e-08,0.9999999999982262,0.5731487575335937
1,0,7,8,trace,decay,0.9999999613212892,4.5037912314667354e-08,0.999999999957069,0.0009784484718717967
1,0,7,8,trace,phase,1.000000037934665,1.7406320874282301e-07,0.9999999136329294,0.013423969179490907
1,0,7,8,trace,write,0.9729474501636817,0.24707214154641677,1.0605341630262388,0.0011055558890639661
1,0,7,8,trace,phase_controller,1.0000000886370808,2.762169707985991e-08,0.999999999996322,0.13331009406746025
1,0,7,8,trace,other,1.0000000734384191,7.884297648290874e-08,0.999999999996535,0.1501899815066596
1,0,7,8,trace,predictor,0.0,0.0,0.0,0.0
1,0,7,8,instant,embedding,0.8246352440256935,0.5701825314401968,0.7530020263831712,0.12784550545119938
1,0,7,8,instant,decoder,1.0000000535522302,5.8099175031081585e-08,0.9999999999982262,0.5731487575335937
1,0,7,8,instant,decay,0.976561431378981,0.30176505738731485,1.1880670386727366,0.0009784484718717967
1,0,7,8,instant,phase,0.9947403509499778,0.6730668311027277,0.32951316838651723,0.013423969179490907
1,0,7,8,instant,write,0.7182741649388028,0.785276087433577,1.0823845378154606,0.0011055558890639661
1,0,7,8,instant,phase_controller,0.9832098570592651,0.6785287698538894,0.3296788264205425,0.13331009406746025
1,0,7,8,instant,other,1.0000000734384191,7.884297648290874e-08,0.999999999996535,0.1501899815066596
1,0,7,8,instant,predictor,0.0,0.0,0.0,0.0
1,0,7,16,trace,embedding,1.0000000312316835,1.1123918640470789e-07,1.0000001220338683,0.20001935427521395
1,0,7,16,trace,decoder,1.0000000450385769,1.0653372389153364e-07,0.9999999256719584,0.5392444527668335
1,0,7,16,trace,decay,1.000000030435251,1.8637039140581725e-07,0.9999998757218239,0.0030152639469746023
1,0,7,16,trace,phase,1.0000000314388446,2.4801328182048265e-07,0.9999999173784038,0.0068222544615176
1,0,7,16,trace,write,0.9900659893190658,0.14272776884958918,1.0146013123456967,0.003961965886285562
1,0,7,16,trace,phase_controller,0.999999987931501,8.317545642807492e-07,0.9999997258194767,0.08916423101123747
1,0,7,16,trace,other,0.9999999445366512,8.66275628545602e-08,0.9999999999953892,0.1577726287818867
1,0,7,16,trace,predictor,0.0,0.0,0.0,0.0
1,0,7,16,instant,embedding,0.7097127647930875,0.7046342635099053,0.7239153464112521,0.20001935427521395
1,0,7,16,instant,decoder,1.0000000450385769,1.0653372389153364e-07,0.9999999256719584,0.5392444527668335
1,0,7,16,instant,decay,0.8975491122574483,0.44464200405418847,0.9550023140280041,0.0030152639469746023
1,0,7,16,instant,phase,-0.17553150978444068,1.4538615312850878,0.8942931397180767,0.0068222544615176
1,0,7,16,instant,write,0.5638569606480945,0.8394745512988976,0.7143645905610696,0.003961965886285562
1,0,7,16,instant,phase_controller,-0.0929326578658336,1.327642965714301,0.785288460241862,0.08916423101123747
1,0,7,16,instant,other,0.9999999445366512,8.66275628545602e-08,0.9999999999953892,0.1577726287818867
1,0,7,16,instant,predictor,0.0,0.0,0.0,0.0
1,0,7,32,trace,embedding,1.0000000241184102,1.3176418765905636e-07,0.9999999999951338,0.07554511759257591
1,0,7,32,trace,decoder,1.0000000246944316,1.0080204003270065e-07,0.9999999999973156,0.24824244291575207
1,0,7,32,trace,decay,1.0000000493016628,1.205426027899355e-07,1.0000000602274561,0.001709225119214345
1,0,7,32,trace,phase,1.000000037272873,1.713624882869342e-07,1.000000170939914,0.054372413110630596
1,0,7,32,trace,write,0.9915857662530203,0.13247053191298688,1.0197108922455786,0.0020599126441336164
1,0,7,32,trace,phase_controller,0.9999999098575022,6.174942380580189e-08,0.9999999999981836,0.5421607881566537
1,0,7,32,trace,other,1.000000094960653,1.4327248252834796e-07,0.9999999999951454,0.07591099567302999
1,0,7,32,trace,predictor,0.0,0.0,0.0,0.0
1,0,7,32,instant,embedding,0.7529672973413026,0.6582299573919517,0.7680303045097802,0.07554511759257591
1,0,7,32,instant,decoder,1.0000000246944316,1.0080204003270065e-07,0.9999999999973156,0.24824244291575207
1,0,7,32,instant,decay,0.9836021841127367,0.37499262569389485,0.6548277837755434,0.001709225119214345
1,0,7,32,instant,phase,0.4881289483100127,0.9254007713869373,0.18049852025068214,0.054372413110630596
1,0,7,32,instant,write,0.6501539660339777,0.7660859027784466,0.5522358131528569,0.0020599126441336164
1,0,7,32,instant,phase_controller,0.4827981304545905,0.9264492571977352,0.18046989792908125,0.5421607881566537
1,0,7,32,instant,other,1.000000094960653,1.4327248252834796e-07,0.9999999999951454,0.07591099567302999
1,0,7,32,instant,predictor,0.0,0.0,0.0,0.0
1,0,7,64,trace,embedding,1.0000000169411611,1.365302055140384e-07,0.9999999999956878,0.10873421040697157
1,0,7,64,trace,decoder,0.999999878691913,1.6207421256926326e-07,1.0000000809058038,0.27432871379556095
1,0,7,64,trace,decay,0.9999999693641864,2.546168560396168e-07,1.000000233228374,0.0020628156890532684
1,0,7,64,trace,phase,1.0000000159162592,1.8219875004960373e-07,0.9999999026584425,0.047387247239337384
1,0,7,64,trace,write,0.9313976594602409,0.3640133495524943,0.928613159235107,0.002804703975874367
1,0,7,64,trace,phase_controller,0.9999999602243935,1.9647474039107352e-07,0.9999999999979472,0.4798016806982199
1,0,7,64,trace,other,1.0000000912510776,1.8493410960263928e-07,0.9999999999951193,0.08488198560231268
1,0,7,64,trace,predictor,0.0,0.0,0.0,0.0
1,0,7,64,instant,embedding,0.7042573780931958,0.7101344257928729,0.6878344789587626,0.10873421040697157
1,0,7,64,instant,decoder,0.999999878691913,1.6207421256926326e-07,1.0000000809058038,0.27432871379556095
1,0,7,64,instant,decay,0.9993454785147808,0.4734939734297276,0.5272353420908898,0.0020628156890532684
1,0,7,64,instant,phase,0.02878255268896256,1.0327791271589337,0.2885156398873326,0.047387247239337384
1,0,7,64,instant,write,0.6118587630902796,0.8122648915576326,0.4270733675687994,0.002804703975874367
1,0,7,64,instant,phase_controller,0.03611550428814749,1.02999320000486,0.2854955812275178,0.4798016806982199
1,0,7,64,instant,other,1.0000000912510776,1.8493410960263928e-07,0.9999999999951193,0.08488198560231268
1,0,7,64,instant,predictor,0.0,0.0,0.0,0.0
1,0,7,128,trace,embedding,0.999999918614254,1.569089940775755e-07,0.9999999999961589,0.11462869740457227
1,0,7,128,trace,decoder,0.9999999202244777,2.427512303070337e-07,1.0000000822240618,0.22218334764026534
1,0,7,128,trace,decay,0.9999999886375959,3.7870582223148015e-07,1.0000003775228539,0.0026347154926442367
1,0,7,128,trace,phase,0.9999999920500946,9.491619929407341e-08,0.9999999999943032,0.05211859354850567
1,0,7,128,trace,write,0.9014551617877274,0.4328839347624748,0.9045945409121287,0.0032770175253889738
1,0,7,128,trace,phase_controller,1.0000000037577292,2.779331543052122e-07,0.9999997863666108,0.5266565755462789
1,0,7,128,trace,other,1.0000000682208505,2.4493675363312674e-07,1.0000000691623088,0.07850209648255607
1,0,7,128,trace,predictor,0.0,0.0,0.0,0.0
1,0,7,128,instant,embedding,0.6794137206311494,0.7338771846408083,0.666057356752087,0.11462869740457227
1,0,7,128,instant,decoder,0.9999999202244777,2.427512303070337e-07,1.0000000822240618,0.22218334764026534
1,0,7,128,instant,decay,0.9999238695905668,0.5404250758310195,0.4596397208518749,0.0026347154926442367
1,0,7,128,instant,phase,-0.10741451674285325,1.0641418908763587,0.27197416963051496,0.05211859354850567
1,0,7,128,instant,write,0.5801444605225321,0.8390953473817467,0.3785291761277977,0.0032770175253889738
1,0,7,128,instant,phase_controller,-0.0993221809596391,1.0611829144692997,0.269424506385019,0.5266565755462789
1,0,7,128,instant,other,1.0000000682208505,2.4493675363312674e-07,1.0000000691623088,0.07850209648255607
1,0,7,128,instant,predictor,0.0,0.0,0.0,0.0
1,1,7,2,trace,embedding,0.9998794807947947,0.021709715005721983,1.0150544582837469,0.11569012383537806
1,1,7,2,trace,decoder,0.9999999765578235,0.0,0.999999999999157,0.7522558438199559
1,1,7,2,trace,decay,0.999999518620318,0.007365531131219204,0.9926956442815968,9.288100800598017e-06
1,1,7,2,trace,phase,1.0000000238559525,0.0,0.9999999998901051,4.425612152298285e-05
1,1,7,2,trace,write,0.9787106551665251,0.3190152781913982,0.7344869478571343,0.0002771312374145846
1,1,7,2,trace,phase_controller,0.9999999740021747,0.0,0.999999999967171,0.0004959220179048787
1,1,7,2,trace,other,0.9999166906966128,0.013202068409990674,0.9971517804028792,0.13122938052090707
1,1,7,2,trace,predictor,0.0,0.0,0.0,0.0
1,1,7,2,instant,embedding,0.9906124588607572,0.1376659129516423,1.006894186918277,0.11569012383537806
1,1,7,2,instant,decoder,0.9999999765578235,0.0,0.999999999999157,0.7522558438199559
1,1,7,2,instant,decay,0.4706608989551904,0.8823472078970117,0.46302863991042786,9.288100800598017e-06
1,1,7,2,instant,phase,1.0000000238559525,0.0,0.9999999998901051,4.425612152298285e-05
1,1,7,2,instant,write,0.9875969358976138,0.2568957486662638,0.7842668414434615,0.0002771312374145846
1,1,7,2,instant,phase_controller,0.9999999740021747,0.0,0.999999999967171,0.0004959220179048787
1,1,7,2,instant,other,0.9999166906966128,0.013202068409990674,0.9971517804028792,0.13122938052090707
1,1,7,2,instant,predictor,0.0,0.0,0.0,0.0
1,1,7,4,trace,embedding,0.9997166216196627,0.02423733444191112,0.995158268685412,0.1574747843603262
1,1,7,4,trace,decoder,0.9999999913502963,2.2900484559027195e-08,0.9999999999988207,0.6298870052390397
1,1,7,4,trace,decay,0.9999995197329736,0.013016365173386443,0.9870182788171986,0.0005123031541389543
1,1,7,4,trace,phase,0.9961775465627173,0.09148380350397038,1.0233612170588606,0.0003617967767577446
1,1,7,4,trace,write,0.5854776839615264,0.816014778878671,0.6785594086943934,0.001722575418893354
1,1,7,4,trace,phase_controller,0.998396231853079,0.06301428399740353,1.0260680741065176,0.008636903867983462
1,1,7,4,trace,other,0.9996423192199492,0.027101922811503934,0.9953093834066021,0.20140539892609516
1,1,7,4,trace,predictor,0.0,0.0,0.0,0.0
1,1,7,4,instant,embedding,0.9171850672733975,0.406607439962606,0.9981679897554839,0.1574747843603262
1,1,7,4,instant,decoder,0.9999999913502963,2.2900484559027195e-08,0.9999999999988207,0.6298870052390397
1,1,7,4,instant,decay,0.99993953797508,0.4667178509930443,1.466527864211872,0.0005123031541389543
1,1,7,4,instant,phase,0.3026056378156719,2.2764398468987346,2.369910379746053,0.0003617967767577446
1,1,7,4,instant,write,0.8579671687764163,0.5137906099884146,0.8673762181481185,0.001722575418893354
1,1,7,4,instant,phase_controller,0.6272486992462786,1.5294475273617993,1.9435506140389989,0.008636903867983462
1,1,7,4,instant,other,0.9996423192199492,0.027101922811503934,0.9953093834066021,0.20140539892609516
1,1,7,4,instant,predictor,0.0,0.0,0.0,0.0
1,1,7,8,trace,embedding,0.9981797041617162,0.06432345133747636,1.0205370651291448,0.11030424980265505
1,1,7,8,trace,decoder,0.9999999050146055,6.737747893779243e-08,0.9999999999983478,0.5063726431685845
1,1,7,8,trace,decay,0.9998403597123872,0.06559672201918729,1.0629566868145972,0.0001653833185244541
1,1,7,8,trace,phase,0.9996867354096312,0.02634679708414747,1.0079082792097493,0.020604773048396852
1,1,7,8,trace,write,0.25272954679814463,1.545972599907186,1.4585088244982125,0.0008229828678737686
1,1,7,8,trace,phase_controller,0.9997073386213953,0.025723085369509506,1.008446871417904,0.21917559011950552
1,1,7,8,trace,other,0.9989657509061062,0.04652322180391075,1.0088391935507242,0.14255524024946278
1,1,7,8,trace,predictor,0.0,0.0,0.0,0.0
1,1,7,8,instant,embedding,0.872448921982407,0.49733129144870775,0.9646738086813746,0.11030424980265505
1,1,7,8,instant,decoder,0.9999999050146055,6.737747893779243e-08,0.9999999999983478,0.5063726431685845
1,1,7,8,instant,decay,0.9236403849143677,0.5716260056647565,1.3477485501652484,0.0001653833185244541
1,1,7,8,instant,phase,0.964598671967967,0.6198452922421056,0.40365404791762516,0.020604773048396852
1,1,7,8,instant,write,0.6939627530505181,0.7205795200825229,0.7225840725801042,0.0008229828678737686
1,1,7,8,instant,phase_controller,0.9576901155357398,0.6078320173198928,0.42231153645457514,0.21917559011950552
1,1,7,8,instant,other,0.9989657509061062,0.04652322180391075,1.0088391935507242,0.14255524024946278
1,1,7,8,instant,predictor,0.0,0.0,0.0,0.0
1,1,7,16,trace,embedding,0.9988301205643632,0.0484039375775467,0.9967076448195737,0.0756533231738612
1,1,7,16,trace,decoder,1.0000000139234995,9.20356157580132e-08,0.9999999999976821,0.4475623066896455
1,1,7,16,trace,decay,0.9980254405850839,0.06370567712741106,0.9873829644504591,0.0006446702521050913
1,1,7,16,trace,phase,0.9998091874819971,0.06825839232946303,0.9344053099798392,0.02914519030569401
1,1,7,16,trace,write,0.6094437147702161,2.6688362044117206,3.157797887994041,0.000137155294852834
1,1,7,16,trace,phase_controller,0.9997047791014488,0.06772447421423289,0.9364878550461123,0.2941417151583633
1,1,7,16,trace,other,0.9987631597281089,0.05016513149892358,1.0053987535003162,0.15271561791234436
1,1,7,16,trace,predictor,0.0,0.0,0.0,0.0
1,1,7,16,instant,embedding,0.8594219992916967,0.5272943300808784,0.9884371881332452,0.0756533231738612
1,1,7,16,instant,decoder,1.0000000139234995,9.20356157580132e-08,0.9999999999976821,0.4475623066896455
1,1,7,16,instant,decay,0.6479236872540748,0.9636748596987738,1.2382410502587369,0.0006446702521050913
1,1,7,16,instant,phase,0.8454101610286774,0.7858872596523492,0.26892325920740834,0.02914519030569401
1,1,7,16,instant,write,0.03286670884012119,2.2000280417490656,1.992765671247436,0.000137155294852834
1,1,7,16,instant,phase_controller,0.821145671903693,0.7776247099066134,0.29295965203036506,0.2941417151583633
1,1,7,16,instant,other,0.9987631597281089,0.05016513149892358,1.0053987535003162,0.15271561791234436
1,1,7,16,instant,predictor,0.0,0.0,0.0,0.0
1,1,7,32,trace,embedding,0.9982079312779187,0.059835954769846704,0.9981803696183031,0.0928499430223277
1,1,7,32,trace,decoder,0.999999980314995,1.1699172562091089e-07,0.9999999999974981,0.5709291064433973
1,1,7,32,trace,decay,0.9999073581804564,0.08164814757903249,0.9194024303458347,0.0002495272140700577
1,1,7,32,trace,phase,0.9961060045240911,0.10426424012944419,0.9404441325168966,0.010633326099206409
1,1,7,32,trace,write,0.9232926429098044,1.2705105385134186,2.134352681498406,0.00022104700844400907
1,1,7,32,trace,phase_controller,0.9963683080436644,0.10105884362956678,0.9419374026102874,0.11440562622912977
1,1,7,32,trace,other,0.9985085238750593,0.05504994812593919,1.0055574899871482,0.21071257436009605
1,1,7,32,trace,predictor,0.0,0.0,0.0,0.0
1,1,7,32,instant,embedding,0.882015191306133,0.48526079057244487,0.9978983144297837,0.0928499430223277
1,1,7,32,instant,decoder,0.999999980314995,1.1699172562091089e-07,0.9999999999974981,0.5709291064433973
1,1,7,32,instant,decay,0.6325897311028376,1.0352252481556732,1.319511144558445,0.0002495272140700577
1,1,7,32,instant,phase,0.9954521271865312,0.5985389949315181,0.404542743231288,0.010633326099206409
1,1,7,32,instant,write,0.5948218307858006,1.1211301645423761,1.3763243060984678,0.00022104700844400907
1,1,7,32,instant,phase_controller,0.9847414756179311,0.589557797044621,0.42145274089540236,0.11440562622912977
1,1,7,32,instant,other,0.9985085238750593,0.05504994812593919,1.0055574899871482,0.21071257436009605
1,1,7,32,instant,predictor,0.0,0.0,0.0,0.0
1,1,7,64,trace,embedding,0.9984513392184483,0.05569303781843475,0.9957890652726552,0.08992724427075117
1,1,7,64,trace,decoder,1.0000000531345512,1.542507410685261e-07,0.9999999999973869,0.5405344307279171
1,1,7,64,trace,decay,0.9939079554113076,0.1345386651496969,0.9167474319052789,0.00011448331666560954
1,1,7,64,trace,phase,0.996633621901121,0.0916551073137483,0.9556540373893404,0.009659684658993363
1,1,7,64,trace,write,0.9147356489514786,1.250841291882562,2.098519970800733,0.00019002656942814614
1,1,7,64,trace,phase_controller,0.9970223549911909,0.0872377797014314,0.9562313792148958,0.10777432637973111
1,1,7,64,trace,other,0.998403168828449,0.056875435243553554,0.9917869792712108,0.2517996995735641
1,1,7,64,trace,predictor,0.0,0.0,0.0,0.0
1,1,7,64,instant,embedding,0.8944246820458044,0.4560895874709696,0.9839432098471381,0.08992724427075117
1,1,7,64,instant,decoder,1.0000000531345512,1.542507410685261e-07,0.9999999999973869,0.5405344307279171
1,1,7,64,instant,decay,0.8443876523107559,1.2399907686492109,1.9626754715618278,0.00011448331666560954
1,1,7,64,instant,phase,0.8137642055401272,0.6786537283362535,0.4633600004220511,0.009659684658993363
1,1,7,64,instant,write,0.6494685244102153,1.130309715904976,1.4857754776327274,0.00019002656942814614
1,1,7,64,instant,phase_controller,0.8294838086564467,0.663189145431187,0.47190431557054985,0.10777432637973111
1,1,7,64,instant,other,0.998403168828449,0.056875435243553554,0.9917869792712108,0.2517996995735641
1,1,7,64,instant,predictor,0.0,0.0,0.0,0.0
1,1,7,128,trace,embedding,0.9960593733666435,0.08875586088465322,0.9925440674477953,0.08446616434823637
1,1,7,128,trace,decoder,0.9999999148210291,2.142513064743819e-07,1.0000000780958687,0.5374647708243643
1,1,7,128,trace,decay,0.9924583589376477,0.175060652308763,0.8674794005080805,0.00012446709292097247
1,1,7,128,trace,phase,0.9997293972395194,0.24741408009698757,0.7534117164816003,0.010718996701227324
1,1,7,128,trace,write,0.960361730599818,0.742765172075673,1.6488343241044363,0.00024556558822792036
1,1,7,128,trace,phase_controller,0.9978435067664252,0.23648036865872538,0.7706555256345825,0.11735872269218489
1,1,7,128,trace,other,0.9966989448460465,0.08358458708299307,0.9768192290839693,0.24962099746201763
1,1,7,128,trace,predictor,0.0,0.0,0.0,0.0
1,1,7,128,instant,embedding,0.894332680099923,0.4557000310252036,0.98089538565454,0.08446616434823637
1,1,7,128,instant,decoder,0.9999999148210291,2.142513064743819e-07,1.0000000780958687,0.5374647708243643
1,1,7,128,instant,decay,0.5960976945338711,1.3638050574745813,1.69850252543489,0.00012446709292097247
1,1,7,128,instant,phase,0.8051472055969457,0.7373200197401801,0.36708013641207643,0.010718996701227324
1,1,7,128,instant,write,0.708413344916128,0.9294950745158935,1.313236072216679,0.00024556558822792036
1,1,7,128,instant,phase_controller,0.8210519568938908,0.7213340820812288,0.3800882123358965,0.11735872269218489
1,1,7,128,instant,other,0.9966989448460465,0.08358458708299307,0.9768192290839693,0.24962099746201763
1,1,7,128,instant,predictor,0.0,0.0,0.0,0.0
2,0,7,2,trace,embedding,0.9588083129240804,0.28569077897486495,0.9282726151881143,0.07767716808252567
2,0,7,2,trace,decoder,0.9999999295572609,0.0,0.9999999999990001,0.36521338169765244
2,0,7,2,trace,decay,0.9969120081411315,0.38472244355533647,1.3735350191759639,0.00013772186810328733
2,0,7,2,trace,phase,0.9999999305193169,0.0,0.9999999999869182,0.00213298902596956
2,0,7,2,trace,write,0.5134999752355132,1.1791056385459695,1.3221857203480991,0.00043161338967612434
2,0,7,2,trace,phase_controller,0.9999999907483419,0.0,0.9999999999958786,0.02149017312991273
2,0,7,2,trace,other,0.9880264388304097,0.15616034643611398,0.9638905943238649,0.5329177467929239
2,0,7,2,trace,predictor,0.0,0.0,0.0,0.0
2,0,7,2,instant,embedding,0.9261602178279382,0.37716763603195075,0.9208541671438192,0.07767716808252567
2,0,7,2,instant,decoder,0.9999999295572609,0.0,0.9999999999990001,0.36521338169765244
2,0,7,2,instant,decay,0.8194754882491814,1.4484602178671184,2.149729955719111,0.00013772186810328733
2,0,7,2,instant,phase,0.9999999305193169,0.0,0.9999999999869182,0.00213298902596956
2,0,7,2,instant,write,0.44231131474176266,1.3549371621299326,1.4579360399879964,0.00043161338967612434
2,0,7,2,instant,phase_controller,0.9999999907483419,0.0,0.9999999999958786,0.02149017312991273
2,0,7,2,instant,other,0.9880264388304097,0.15616034643611398,0.9638905943238649,0.5329177467929239
2,0,7,2,instant,predictor,0.0,0.0,0.0,0.0
2,0,7,4,trace,embedding,0.9332592558048441,0.3597881993944347,0.953763365288114,0.06976939967350383
2,0,7,4,trace,decoder,1.0000000222949246,3.265957829838918e-08,0.999999999998741,0.33719288657698876
2,0,7,4,trace,decay,0.9556948230553793,0.3108442445749211,1.0555784760076372,4.850357200688644e-05
2,0,7,4,trace,phase,0.9951466446417001,0.14401574781777463,0.8899926867126448,0.018757227306672234
2,0,7,4,trace,write,0.3236024769968717,1.3168110914854334,1.239413282356926,0.0009456848210606357
2,0,7,4,trace,phase_controller,0.9950710731304693,0.1441953200015816,0.8903865132593716,0.18617817877694473
2,0,7,4,trace,other,0.9720273686977943,0.24492503936476143,0.9025628009274237,0.3871084434363705
2,0,7,4,trace,predictor,0.0,0.0,0.0,0.0
2,0,7,4,instant,embedding,0.8878971111578492,0.4696498541685323,0.9824084059652397,0.06976939967350383
2,0,7,4,instant,decoder,1.0000000222949246,3.265957829838918e-08,0.999999999998741,0.33719288657698876
2,0,7,4,instant,decay,0.9669997513570631,2.913867479039214,3.8697072234034935,4.850357200688644e-05
2,0,7,4,instant,phase,0.9774211066706867,0.6359847787598633,0.3775638846317071,0.018757227306672234
2,0,7,4,instant,write,0.040684570283519184,1.5731596503246865,1.2557918432636623,0.0009456848210606357
2,0,7,4,instant,phase_controller,0.9711730987066173,0.6360458185385833,0.38148549105770735,0.18617817877694473
2,0,7,4,instant,other,0.9720273686977943,0.24492503936476143,0.9025628009274237,0.3871084434363705
2,0,7,4,instant,predictor,0.0,0.0,0.0,0.0
2,0,7,8,trace,embedding,0.77157581339783,0.664005688873942,0.9619254352205352,0.06410138295046426
2,0,7,8,trace,decoder,0.9999999445987325,7.130133876474582e-08,1.000000094955736,0.332673314851271
2,0,7,8,trace,decay,0.9978671782208328,0.11294079921063402,0.9057013167639039,0.0002405194800808071
2,0,7,8,trace,phase,0.9834595590483699,0.18168791717728053,0.9692071302542281,0.02560581955070229
2,0,7,8,trace,write,0.6049607059199783,0.8199852971850653,0.8008008257471039,0.0012391926990182936
2,0,7,8,trace,phase_controller,0.9831913270252988,0.18319961227083026,0.9681160623748177,0.2552463183245763
2,0,7,8,trace,other,0.882656775899105,0.48399320191766776,0.7671903615582304,0.32089363968201956
2,0,7,8,trace,predictor,0.0,0.0,0.0,0.0
2,0,7,8,instant,embedding,0.8028967971122791,0.5985539204238639,0.8568403286745446,0.06410138295046426
2,0,7,8,instant,decoder,0.9999999445987325,7.130133876474582e-08,1.000000094955736,0.332673314851271
2,0,7,8,instant,decay,0.8675789631858576,0.8586785031120466,1.5675948324024531,0.0002405194800808071
2,0,7,8,instant,phase,0.9285718003587266,0.6846034538883954,0.35330889843028296,0.02560581955070229
2,0,7,8,instant,write,-0.24731153102921466,1.3538604556734672,0.6982577383965167,0.0012391926990182936
2,0,7,8,instant,phase_controller,0.9259267249892018,0.685944249695863,0.35333630440996533,0.2552463183245763
2,0,7,8,instant,other,0.882656775899105,0.48399320191766776,0.7671903615582304,0.32089363968201956
2,0,7,8,instant,predictor,0.0,0.0,0.0,0.0
2,0,7,16,trace,embedding,0.8910678273795076,0.45421245606457017,0.8734521866387435,0.05164185991955575
2,0,7,16,trace,decoder,0.9999999908713447,8.263646971919214e-08,0.9999999999978253,0.12592311952604793
2,0,7,16,trace,decay,0.9394145087370652,0.39757751525188456,0.7380011252963394,0.0003754107918191159
2,0,7,16,trace,phase,0.9589304589812645,0.3904648298740047,0.6905829348642779,0.0655485973077461
2,0,7,16,trace,write,0.5430402562824979,1.0656021352782963,1.1990889071055553,0.0008904537247173125
2,0,7,16,trace,phase_controller,0.9592612902135758,0.3879127883685387,0.6934445751860258,0.6573659479194744
2,0,7,16,trace,other,0.9275615179468478,0.3793619095743553,0.862099102301669,0.09825465813248067
2,0,7,16,trace,predictor,0.0,0.0,0.0,0.0
2,0,7,16,instant,embedding,0.6249770598456019,0.7808465810965691,0.6071553673888247,0.05164185991955575
2,0,7,16,instant,decoder,0.9999999908713447,8.263646971919214e-08,0.9999999999978253,0.12592311952604793
2,0,7,16,instant,decay,-0.7173558370731746,1.6343951121276803,0.7611050983303355,0.0003754107918191159
2,0,7,16,instant,phase,0.8753356070602661,0.8222384682313933,0.21028799399413114,0.0655485973077461
2,0,7,16,instant,write,0.39952614260398517,0.9314991430383763,0.5647879747851,0.0008904537247173125
2,0,7,16,instant,phase_controller,0.8555151925178729,0.825917090002198,0.2120518374704237,0.6573659479194744
2,0,7,16,instant,other,0.9275615179468478,0.3793619095743553,0.862099102301669,0.09825465813248067
2,0,7,16,instant,predictor,0.0,0.0,0.0,0.0
2,0,7,32,trace,embedding,0.9219001165570926,0.3909780121874062,0.8693239794717481,0.06392328040845792
2,0,7,32,trace,decoder,0.9999999730739082,1.1577393609166814e-07,0.999999999997671,0.13808915554822543
2,0,7,32,trace,decay,0.8848246931131418,0.6328569810820205,1.3131034946407776,0.00016827500932654817
2,0,7,32,trace,phase,0.9364091614147988,0.4583132111899388,0.6415989688824012,0.061230719665514265
2,0,7,32,trace,write,0.5270571179477375,1.1410827281158,1.288542064298393,0.001037568820536447
2,0,7,32,trace,phase_controller,0.9375238954381171,0.4530361579004357,0.6473635031186499,0.624402344443335
2,0,7,32,trace,other,0.9469318207247611,0.32434799023854677,0.9035549328354268,0.11114885285923397
2,0,7,32,trace,predictor,0.0,0.0,0.0,0.0
2,0,7,32,instant,embedding,0.6083160329901555,0.7942579582958518,0.5784091625518168,0.06392328040845792
2,0,7,32,instant,decoder,0.9999999730739082,1.1577393609166814e-07,0.999999999997671,0.13808915554822543
2,0,7,32,instant,decay,-0.023086579843880545,1.609439406502248,1.2381937512789591,0.00016827500932654817
2,0,7,32,instant,phase,0.7088743544815653,0.8596855473392288,0.21738465751977834,0.061230719665514265
2,0,7,32,instant,write,0.4471921623541348,0.898297275669022,0.5303722667354811,0.001037568820536447
2,0,7,32,instant,phase_controller,0.6650985232970621,0.8659681384916259,0.22662728246084213,0.624402344443335
2,0,7,32,instant,other,0.9469318207247611,0.32434799023854677,0.9035549328354268,0.11114885285923397
2,0,7,32,instant,predictor,0.0,0.0,0.0,0.0
2,0,7,64,trace,embedding,0.8974375555754134,0.44275116370512707,0.8597161036804238,0.08823635471412992
2,0,7,64,trace,decoder,0.9999999620905069,1.6992489841557306e-07,0.9999999999976436,0.24088198354029033
2,0,7,64,trace,decay,0.9427907911535331,0.6947881676400688,1.5523688362902637,0.00024246915493302253
2,0,7,64,trace,phase,0.8086504576857647,0.6244947434880869,0.5991048666072445,0.042427887264288124
2,0,7,64,trace,write,0.4651524231709608,1.1959677453675794,1.2693323964630756,0.0014491685353074202
2,0,7,64,trace,phase_controller,0.8163205283935319,0.6120169707901808,0.6139739693147734,0.4381004352862954
2,0,7,64,trace,other,0.9623215367182364,0.272697305092313,0.9416714266893225,0.18866173543363854
2,0,7,64,trace,predictor,0.0,0.0,0.0,0.0
2,0,7,64,instant,embedding,0.6110318589100384,0.791618583799186,0.6154892674381216,0.08823635471412992
2,0,7,64,instant,decoder,0.9999999620905069,1.6992489841557306e-07,0.9999999999976436,0.24088198354029033
2,0,7,64,instant,decay,0.3371799618558965,1.144989833770979,0.9888640377032556,0.00024246915493302253
2,0,7,64,instant,phase,0.3478355234372451,0.9441337533466903,0.23657868865356604,0.042427887264288124
2,0,7,64,instant,write,0.5272573690417065,0.8499696223614359,0.5060766543365118,0.0014491685353074202
2,0,7,64,instant,phase_controller,0.3168627089354791,0.9491027281521869,0.28225076806154087,0.4381004352862954
2,0,7,64,instant,other,0.9623215367182364,0.272697305092313,0.9416714266893225,0.18866173543363854
2,0,7,64,instant,predictor,0.0,0.0,0.0,0.0
2,0,7,128,trace,embedding,0.9148066083893263,0.4113279803049492,0.836949215835631,0.09308696473704925
2,0,7,128,trace,decoder,0.9999999448534359,2.3634118032019924e-07,0.9999999999976268,0.20339379298084126
2,0,7,128,trace,decay,0.946211455453067,0.578193694126766,1.425402019906853,0.0004283472505153839
2,0,7,128,trace,phase,0.8323768076099812,0.6135722982078496,0.5690861130061132,0.04712247545653223
2,0,7,128,trace,write,0.4383548958725322,1.1881413942563863,1.2154229648780488,0.001600390199350081
2,0,7,128,trace,phase_controller,0.8389486394050558,0.6013154767299453,0.583185073227388,0.4888760452282396
2,0,7,128,trace,other,0.951071303207046,0.3090149503021928,0.9562334303795467,0.16549171771612825
2,0,7,128,trace,predictor,0.0,0.0,0.0,0.0
2,0,7,128,instant,embedding,0.580134346697497,0.8146164358083364,0.5676569961645257,0.09308696473704925
2,0,7,128,instant,decoder,0.9999999448534359,2.3634118032019924e-07,0.9999999999976268,0.20339379298084126
2,0,7,128,instant,decay,0.3783903723786164,1.015890169536556,0.7969738050967687,0.0004283472505153839
2,0,7,128,instant,phase,0.49713024182684096,0.900421806877204,0.2565105063043848,0.04712247545653223
2,0,7,128,instant,write,0.5009431269288014,0.8658363914842473,0.4761077699753615,0.001600390199350081
2,0,7,128,instant,phase_controller,0.4381939894888117,0.9106915616499159,0.29199885856630153,0.4888760452282396
2,0,7,128,instant,other,0.951071303207046,0.3090149503021928,0.9562334303795467,0.16549171771612825
2,0,7,128,instant,predictor,0.0,0.0,0.0,0.0
2,1,7,2,trace,embedding,0.9890279501238921,0.15034754045508592,0.9610906583183604,0.41158253328046074
2,1,7,2,trace,decoder,0.9999999853249207,0.0,0.9999999999991394,0.24576522881134308
2,1,7,2,trace,decay,0.9999668540428639,0.01564684973357043,1.0133285407289476,0.0005743513327202983
2,1,7,2,trace,phase,1.0000000303769083,0.0,0.9999999999959353,0.011016658162319429
2,1,7,2,trace,write,0.12151694132169898,1.029403704869036,0.39435085735302605,0.018018072822166928
2,1,7,2,trace,phase_controller,1.0000000210192477,0.0,0.9999999999987185,0.1108199459057924
2,1,7,2,trace,other,0.9886661889380469,0.1605720173720474,0.9317032466723868,0.2022259375549351
2,1,7,2,trace,predictor,0.0,0.0,0.0,0.0
2,1,7,2,instant,embedding,0.7481524779522086,0.6757173277641082,0.8759254592240354,0.41158253328046074
2,1,7,2,instant,decoder,0.9999999853249207,0.0,0.9999999999991394,0.24576522881134308
2,1,7,2,instant,decay,0.9892126276391646,3.613298763866202,4.5995406146004765,0.0005743513327202983
2,1,7,2,instant,phase,1.0000000303769083,0.0,0.9999999999959353,0.011016658162319429
2,1,7,2,instant,write,0.47554841679711923,0.9156442160869503,0.7296163396055135,0.018018072822166928
2,1,7,2,instant,phase_controller,1.0000000210192477,0.0,0.9999999999987185,0.1108199459057924
2,1,7,2,instant,other,0.9886661889380469,0.1605720173720474,0.9317032466723868,0.2022259375549351
2,1,7,2,instant,predictor,0.0,0.0,0.0,0.0
2,1,7,4,trace,embedding,0.9827526352326241,0.23990013654400544,0.8299295282401776,0.3638412815632318
2,1,7,4,trace,decoder,0.9999999414071481,3.4191049495609e-08,0.9999999283748984,0.244286447636619
2,1,7,4,trace,decay,0.9602590478671714,0.5363232977454019,0.5022852501076669,0.0003838651276350832
2,1,7,4,trace,phase,0.9976111505559818,0.16126495234591434,0.8518897181769204,0.010245030623566428
2,1,7,4,trace,write,0.20013808018615145,1.031407856279937,0.5224072441256967,0.013893281764957107
2,1,7,4,trace,phase_controller,0.9975453411491034,0.16106213574896328,0.8525018127080731,0.10477698363259186
2,1,7,4,trace,other,0.9750493042545134,0.2444465745557525,0.8727059129930261,0.2625738968377938
2,1,7,4,trace,predictor,0.0,0.0,0.0,0.0
2,1,7,4,instant,embedding,0.7265281457192608,0.6878414119557529,0.6954031083439373,0.3638412815632318
2,1,7,4,instant,decoder,0.9999999414071481,3.4191049495609e-08,0.9999999283748984,0.244286447636619
2,1,7,4,instant,decay,-0.7604193032222137,3.9312513105414792,3.1168184989976404,0.0003838651276350832
2,1,7,4,instant,phase,0.8916683405727661,0.5183430552101772,0.6391764493837898,0.010245030623566428
2,1,7,4,instant,write,0.17541134802525585,1.0121753355792904,0.4105033959177221,0.013893281764957107
2,1,7,4,instant,phase_controller,0.8928174512428159,0.5178657709009863,0.6372632404346685,0.10477698363259186
2,1,7,4,instant,other,0.9750493042545134,0.2444465745557525,0.8727059129930261,0.2625738968377938
2,1,7,4,instant,predictor,0.0,0.0,0.0,0.0
2,1,7,8,trace,embedding,0.9426459275181299,0.44406795488256473,0.6497671194228138,0.23238485346691443
2,1,7,8,trace,decoder,1.000000147641592,7.277230791720158e-08,0.9999998978496615,0.16994379159164
2,1,7,8,trace,decay,0.9226601384819603,0.5578585804374538,0.5195373927339033,0.0009027157146110227
2,1,7,8,trace,phase,0.9495918599276062,0.3227967148527427,0.8726340317946242,0.015840186230100292
2,1,7,8,trace,write,0.315181393751721,0.9539671852931977,0.41209723786016217,0.009083037195612665
2,1,7,8,trace,phase_controller,0.9477555479873058,0.3282514234143569,0.8703631406846135,0.16702957733731813
2,1,7,8,trace,other,0.9008313195270597,0.4945084728078105,0.6641136875114901,0.4048159923648842
2,1,7,8,trace,predictor,0.0,0.0,0.0,0.0
2,1,7,8,instant,embedding,0.6913133700248969,0.7322963984149248,0.5722664867638103,0.23238485346691443
2,1,7,8,instant,decoder,1.000000147641592,7.277230791720158e-08,0.9999998978496615,0.16994379159164
2,1,7,8,instant,decay,-0.9161980118825199,2.08120232961326,1.1260612387505822,0.0009027157146110227
2,1,7,8,instant,phase,0.7789980364547082,0.8014186859038648,0.27988900680955325,0.015840186230100292
2,1,7,8,instant,write,0.311113683990937,0.9516016593406394,0.35946052973596765,0.009083037195612665
2,1,7,8,instant,phase_controller,0.7651215066812302,0.8024281847629652,0.28626664634749627,0.16702957733731813
2,1,7,8,instant,other,0.9008313195270597,0.4945084728078105,0.6641136875114901,0.4048159923648842
2,1,7,8,instant,predictor,0.0,0.0,0.0,0.0
2,1,7,16,trace,embedding,0.9408009296490888,0.4014383056702957,0.7257217678212465,0.08858234990764087
2,1,7,16,trace,decoder,0.9999999250790349,9.242366476624826e-08,0.9999998658846023,0.13684731000584568
2,1,7,16,trace,decay,0.8622633484948545,0.5064978477875528,0.8560864805256735,0.000573736138117583
2,1,7,16,trace,phase,0.9016458621165769,0.4326144986821455,0.9126258453022734,0.053116792866818245
2,1,7,16,trace,write,0.4089228795672938,0.9208578482519528,0.5321992615907594,0.003084874155538482
2,1,7,16,trace,phase_controller,0.9017114057318666,0.432459652997304,0.9119682600137359,0.5285251824093462
2,1,7,16,trace,other,0.9272672643366054,0.4215855206798707,0.7334661606268349,0.18927017636051005
2,1,7,16,trace,predictor,0.0,0.0,0.0,0.0
2,1,7,16,instant,embedding,0.6909299114644163,0.7265680653113978,0.6182300263898508,0.08858234990764087
2,1,7,16,instant,decoder,0.9999999250790349,9.242366476624826e-08,0.9999998658846023,0.13684731000584568
2,1,7,16,instant,decay,-0.0765869536268687,1.3078352889077716,0.769757385563808,0.000573736138117583
2,1,7,16,instant,phase,0.5724551550117724,0.9216109017086855,0.1516564082091885,0.053116792866818245
2,1,7,16,instant,write,-0.02360595867903881,1.0486197907728265,0.29287602781395067,0.003084874155538482
2,1,7,16,instant,phase_controller,0.5612181542745983,0.9202805705931232,0.15887223909354867,0.5285251824093462
2,1,7,16,instant,other,0.9272672643366054,0.4215855206798707,0.7334661606268349,0.18927017636051005
2,1,7,16,instant,predictor,0.0,0.0,0.0,0.0
2,1,7,32,trace,embedding,0.9252315323875482,0.4509704302799421,0.681454813660088,0.0475632877888197
2,1,7,32,trace,decoder,0.9999999367941986,1.249614085043315e-07,1.0000001472857105,0.05924216181826604
2,1,7,32,trace,decay,0.9052820271463103,0.43851631324413837,0.7965064040099158,0.0005645305749113024
2,1,7,32,trace,phase,0.8840112378661373,0.5156183780343565,0.6664378310759598,0.07267703183577409
2,1,7,32,trace,write,0.34604503789815483,0.9425755138031204,0.4365750672114491,0.0022869737749265243
2,1,7,32,trace,phase_controller,0.8840863537179334,0.5149359818385508,0.6678275253829844,0.7220862726097599
2,1,7,32,trace,other,0.9355559887661833,0.43412821751405084,0.6831051782875349,0.09557965547010835
2,1,7,32,trace,predictor,0.0,0.0,0.0,0.0
2,1,7,32,instant,embedding,0.6609596414167164,0.7573414720845617,0.5588169252257176,0.0475632877888197
2,1,7,32,instant,decoder,0.9999999367941986,1.249614085043315e-07,1.0000001472857105,0.05924216181826604
2,1,7,32,instant,decay,-0.34037063855940686,1.4361287821700424,0.745132946551667,0.0005645305749113024
2,1,7,32,instant,phase,0.7030501281193391,0.9123435579048935,0.1315168109380699,0.07267703183577409
2,1,7,32,instant,write,0.25840754078414163,0.9694290244934457,0.33944475007465386,0.0022869737749265243
2,1,7,32,instant,phase_controller,0.6883096074214146,0.9109776095689407,0.13726476505711185,0.7220862726097599
2,1,7,32,instant,other,0.9355559887661833,0.43412821751405084,0.6831051782875349,0.09557965547010835
2,1,7,32,instant,predictor,0.0,0.0,0.0,0.0
2,1,7,64,trace,embedding,0.9134210159022434,0.5017897193155427,0.6199402574838405,0.04700968113582573
2,1,7,64,trace,decoder,0.9999999790379788,1.6519623766843672e-07,0.9999999999975449,0.045780481788618
2,1,7,64,trace,decay,0.9428163142112588,0.3687242317355033,0.7851448279445655,0.0009431400468768147
2,1,7,64,trace,phase,0.8916745922977005,0.5619779015032471,0.558653812239276,0.07671870602938725
2,1,7,64,trace,write,0.27233736773599754,0.9677126313022586,0.3754652661451084,0.0022102975187783085
2,1,7,64,trace,phase_controller,0.8912692791815849,0.5608530196004194,0.5612435719130245,0.762677328777977
2,1,7,64,trace,other,0.926764371020606,0.44008280795850574,0.6974933507349035,0.06466133532137278
2,1,7,64,trace,predictor,0.0,0.0,0.0,0.0
2,1,7,64,instant,embedding,0.6162278541903878,0.796286458777808,0.4987170284495234,0.04700968113582573
2,1,7,64,instant,decoder,0.9999999790379788,1.6519623766843672e-07,0.9999999999975449,0.045780481788618
2,1,7,64,instant,decay,-0.1898450853568372,1.2114414841723247,0.5198251780848556,0.0009431400468768147
2,1,7,64,instant,phase,0.6778020171163653,0.9193121277409552,0.12594121296394667,0.07671870602938725
2,1,7,64,instant,write,0.3993181846387728,0.9182864019720333,0.34730718396354104,0.0022102975187783085
2,1,7,64,instant,phase_controller,0.6599729014433613,0.9177369119435795,0.13290055454619923,0.762677328777977
2,1,7,64,instant,other,0.926764371020606,0.44008280795850574,0.6974933507349035,0.06466133532137278
2,1,7,64,instant,predictor,0.0,0.0,0.0,0.0
2,1,7,128,trace,embedding,0.9107369793228763,0.5041889666162477,0.6215160201580497,0.044081231233997285
2,1,7,128,trace,decoder,0.9999999601417493,2.191657200907895e-07,0.9999999999975606,0.04480462968410356
2,1,7,128,trace,decay,0.9523639159670901,0.3401082747670283,0.8017956459082701,0.0009339974654183246
2,1,7,128,trace,phase,0.9101720721085177,0.5298442112319449,0.5797964023427045,0.07750446751522655
2,1,7,128,trace,write,0.3134499517259381,0.9523313807512593,0.3854624347579075,0.0017981138116132066
2,1,7,128,trace,phase_controller,0.909814465491757,0.5290543989464321,0.581697134866241,0.7703089168850217
2,1,7,128,trace,other,0.9293012772091922,0.4279768900549754,0.7130497137535441,0.06056896898631185
2,1,7,128,trace,predictor,0.0,0.0,0.0,0.0
2,1,7,128,instant,embedding,0.6135630355984404,0.7980312886684591,0.49817881851544166,0.044081231233997285
2,1,7,128,instant,decoder,0.9999999601417493,2.191657200907895e-07,0.9999999999975606,0.04480462968410356
2,1,7,128,instant,decay,-0.044630524770636705,1.139643753558233,0.5038034203066001,0.0009339974654183246
2,1,7,128,instant,phase,0.6783426600366064,0.9215977333848814,0.12202333144522064,0.07750446751522655
2,1,7,128,instant,write,0.4036170829538899,0.9154319903296712,0.37324381611971197,0.0017981138116132066
2,1,7,128,instant,phase_controller,0.6590487977840476,0.919992097208556,0.1292085096814039,0.7703089168850217
2,1,7,128,instant,other,0.9293012772091922,0.4279768900549754,0.7130497137535441,0.06056896898631185
2,1,7,128,instant,predictor,0.0,0.0,0.0,0.0
1,0,8,2,trace,embedding,0.9999999548981806,4.2954676973846345e-08,0.9999999999974377,0.0609467141097071
1,0,8,2,trace,decoder,0.9999999537412887,0.0,0.9999999999992161,0.6512130789779894
1,0,8,2,trace,decay,0.9999994695103768,7.204969754003575e-07,1.0000007852240052,7.11073836602476e-07
1,0,8,2,trace,phase,0.9999999906375084,0.0,0.9999999999674621,0.0003779608031036167
1,0,8,2,trace,write,0.9871062359959212,0.1612433699601388,1.0065514094954275,0.00033549618966170384
1,0,8,2,trace,phase_controller,0.9999999590325601,0.0,0.9999999999899575,0.003967786770902085
1,0,8,2,trace,other,0.999999968047395,0.0,0.9999999999988113,0.2831583183496769
1,0,8,2,trace,predictor,0.0,0.0,0.0,0.0
1,0,8,2,instant,embedding,0.9930164535750976,0.12934314738850533,1.0460380209573694,0.0609467141097071
1,0,8,2,instant,decoder,0.9999999537412887,0.0,0.9999999999992161,0.6512130789779894
1,0,8,2,instant,decay,0.27822615740509454,3.968810795399586,4.129053112862197,7.11073836602476e-07
1,0,8,2,instant,phase,0.9999999906375084,0.0,0.9999999999674621,0.0003779608031036167
1,0,8,2,instant,write,0.8947845646647231,0.5327331819857203,0.6041921713136358,0.00033549618966170384
1,0,8,2,instant,phase_controller,0.9999999590325601,0.0,0.9999999999899575,0.003967786770902085
1,0,8,2,instant,other,0.999999968047395,0.0,0.9999999999988113,0.2831583183496769
1,0,8,2,instant,predictor,0.0,0.0,0.0,0.0
1,0,8,4,trace,embedding,0.9999999705313117,4.573165036099144e-08,0.9999999999965016,0.07705142574681097
1,0,8,4,trace,decoder,1.00000000250764,3.3638850058937445e-08,0.999999999998829,0.6878179497981893
1,0,8,4,trace,decay,1.0000000380919165,1.681034780129763e-07,0.9999999999362004,0.00023169147997176675
1,0,8,4,trace,phase,1.0000000279174863,7.083783790942271e-08,0.9999998997932754,0.0013040901325808332
1,0,8,4,trace,write,0.9786833544528889,0.2115675187009467,1.0294973483103793,0.0010963178635931224
1,0,8,4,trace,phase_controller,1.0000000911725047,2.537030735922452e-07,0.9999998115470616,0.01326794759562083
1,0,8,4,trace,other,0.9999999731501884,5.476041836650291e-08,0.999999999997926,0.21923203967407084
1,0,8,4,trace,predictor,0.0,0.0,0.0,0.0
1,0,8,4,instant,embedding,0.921280045717906,0.39391278453987977,0.9839250167726111,0.07705142574681097
1,0,8,4,instant,decoder,1.00000000250764,3.3638850058937445e-08,0.999999999998829,0.6878179497981893
1,0,8,4,instant,decay,0.9871816757256702,0.9878990789319692,1.9621033451401073,0.00023169147997176675
1,0,8,4,instant,phase,0.9256059059395944,0.5017918164762867,0.5961498986670946,0.0013040901325808332
1,0,8,4,instant,write,0.5912457936097526,0.8658247655929989,0.9062441340141542,0.0010963178635931224
1,0,8,4,instant,phase_controller,0.9208200630063258,0.502058693424569,0.6046358228183715,0.01326794759562083
1,0,8,4,instant,other,0.9999999731501884,5.476041836650291e-08,0.999999999997926,0.21923203967407084
1,0,8,4,instant,predictor,0.0,0.0,0.0,0.0
1,0,8,8,trace,embedding,1.0000000388559962,7.469396834785572e-08,0.9999999373149789,0.10736301131201188
1,0,8,8,trace,decoder,0.9999999073114528,5.879793358116132e-08,0.9999999999982642,0.6304199414406177
1,0,8,8,trace,decay,1.0000000994755265,1.2652544583267897e-07,1.0000001129795426,0.000515795921877669
1,0,8,8,trace,phase,1.0000000309580381,2.4525480223400928e-09,0.9999999999831463,0.006687888043820402
1,0,8,8,trace,write,0.9748783935242825,0.22910007017673786,1.0284939591026026,0.0013329034379819865
1,0,8,8,trace,phase_controller,0.9999999616158698,3.178166434842486e-07,0.9999996848623235,0.06796070024665513
1,0,8,8,trace,other,1.0000000981000214,8.467738170953704e-08,0.9999999046817828,0.18572110595180236
1,0,8,8,trace,predictor,0.0,0.0,0.0,0.0
1,0,8,8,instant,embedding,0.8636928150399348,0.5054359623003785,0.9015154653902868,0.10736301131201188
1,0,8,8,instant,decoder,0.9999999073114528,5.879793358116132e-08,0.9999999999982642,0.6304199414406177
1,0,8,8,instant,decay,0.9982811608933316,0.23330166886658937,1.224102143982373,0.000515795921877669
1,0,8,8,instant,phase,0.13782572993061604,1.0396485584053583,0.453839954038586,0.006687888043820402
1,0,8,8,instant,write,0.4733473666045452,0.9206455789503845,0.7410148675870277,0.0013329034379819865
1,0,8,8,instant,phase_controller,0.1249743789244757,1.0438542172300485,0.4493973014244332,0.06796070024665513
1,0,8,8,instant,other,1.0000000981000214,8.467738170953704e-08,0.9999999046817828,0.18572110595180236
1,0,8,8,instant,predictor,0.0,0.0,0.0,0.0
1,0,8,16,trace,embedding,1.0000000741472295,1.0714314752915368e-07,1.0000000744754687,0.0789421832910946
1,0,8,16,trace,decoder,0.9999999728583546,7.991310766233496e-08,0.999999923884156,0.30236597422694955
1,0,8,16,trace,decay,1.000000008841568,1.6299261235304021e-07,0.9999999999300443,0.00040300311952847087
1,0,8,16,trace,phase,1.0000000803744926,9.845037340698313e-08,0.9999999016510105,0.045280623733489477
1,0,8,16,trace,write,0.8625385689916458,0.508892078721965,0.9167960477475764,0.0007169133871807843
1,0,8,16,trace,phase_controller,1.0000000559132878,9.442938410429877e-08,0.9999999999979046,0.44915173047534107
1,0,8,16,trace,other,0.9999999878601449,9.094374319668288e-08,0.9999999403615061,0.12313992100622759
1,0,8,16,trace,predictor,0.0,0.0,0.0,0.0
1,0,8,16,instant,embedding,0.8372353028005061,0.5513877237840484,0.7665870048379201,0.0789421832910946
1,0,8,16,instant,decoder,0.9999999728583546,7.991310766233496e-08,0.999999923884156,0.30236597422694955
1,0,8,16,instant,decay,0.7786195152660056,0.6683485244956244,1.008702317926316,0.00040300311952847087
1,0,8,16,instant,phase,0.9969603717698764,0.7253657968070509,0.27579083261894066,0.045280623733489477
1,0,8,16,instant,write,0.4209329398632957,0.9711794986315433,0.7678827808522455,0.0007169133871807843
1,0,8,16,instant,phase_controller,0.9953784628713358,0.7247163768412552,0.2770525111490343,0.44915173047534107
1,0,8,16,instant,other,0.9999999878601449,9.094374319668288e-08,0.9999999403615061,0.12313992100622759
1,0,8,16,instant,predictor,0.0,0.0,0.0,0.0
1,0,8,32,trace,embedding,1.0000000240852918,1.2261193617187537e-07,0.9999999999950416,0.1271217529317648
1,0,8,32,trace,decoder,1.0000000486326102,9.38805189698088e-08,0.999999999997237,0.40935662178519167
1,0,8,32,trace,decay,1.0000000179817694,2.2693327793309203e-07,1.000000090582124,0.000329659153713838
1,0,8,32,trace,phase,0.9999999462853835,2.6065597587141047e-07,0.9999998445913478,0.02873631975074349
1,0,8,32,trace,write,0.972795762313221,0.23542974117403553,1.0147339757260452,0.0005661418288429532
1,0,8,32,trace,phase_controller,0.9999998933072388,1.2654749980087575e-07,1.0000000985531368,0.2857677328269439
1,0,8,32,trace,other,1.0000000170863503,1.0816684089251783e-07,0.9999999999954066,0.14812173946260507
1,0,8,32,trace,predictor,0.0,0.0,0.0,0.0
1,0,8,32,instant,embedding,0.8360576132751278,0.5594110762760328,0.7268205625656164,0.1271217529317648
1,0,8,32,instant,decoder,1.0000000486326102,9.38805189698088e-08,0.999999999997237,0.40935662178519167
1,0,8,32,instant,decay,0.915844770956554,0.5283947861680263,1.259316320045628,0.000329659153713838
1,0,8,32,instant,phase,0.9067448006863107,0.7640410841743577,0.269606710403275,0.02873631975074349
1,0,8,32,instant,write,0.02321800798559855,1.3752944275415497,0.9676616036848211,0.0005661418288429532
1,0,8,32,instant,phase_controller,0.9049269081625106,0.7624963164503926,0.27223943400915446,0.2857677328269439
1,0,8,32,instant,other,1.0000000170863503,1.0816684089251783e-07,0.9999999999954066,0.14812173946260507
1,0,8,32,instant,predictor,0.0,0.0,0.0,0.0
1,0,8,64,trace,embedding,0.9999999342809133,1.530588258771681e-07,0.9999999249188833,0.09999086288921293
1,0,8,64,trace,decoder,0.9999999000292976,1.6044752921874173e-07,1.0000000825510216,0.33078774801654837
1,0,8,64,trace,decay,0.999999935223155,3.274636811171179e-07,1.0000003631362637,0.0002669752846323191
1,0,8,64,trace,phase,0.999999947997531,1.232901969366874e-07,0.9999998829501935,0.04114152274398957
1,0,8,64,trace,write,0.9415132668209527,0.33711614712435933,0.9512412859929724,0.0005444489682533795
1,0,8,64,trace,phase_controller,0.9999999847182653,1.515023757884799e-07,1.0000001484624155,0.40910599123328517
1,0,8,64,trace,other,1.000000030328613,1.65975081025468e-07,1.0000000690578463,0.11816235081107572
1,0,8,64,trace,predictor,0.0,0.0,0.0,0.0
1,0,8,64,instant,embedding,0.8011321215715879,0.6038606221584248,0.7207522743135479,0.09999086288921293
1,0,8,64,instant,decoder,0.9999999000292976,1.6044752921874173e-07,1.0000000825510216,0.33078774801654837
1,0,8,64,instant,decay,0.9732211327304249,0.5271465026612304,1.4476077059358974,0.0002669752846323191
1,0,8,64,instant,phase,0.950633795094774,0.76391859965727,0.25258212102056476,0.04114152274398957
1,0,8,64,instant,write,-0.31949630041016824,1.5711457266877007,0.933730290790572,0.0005444489682533795
1,0,8,64,instant,phase_controller,0.9473706542444086,0.762203982316822,0.2556582388329279,0.40910599123328517
1,0,8,64,instant,other,1.000000030328613,1.65975081025468e-07,1.0000000690578463,0.11816235081107572
1,0,8,64,instant,predictor,0.0,0.0,0.0,0.0
1,0,8,128,trace,embedding,1.0000000649533423,1.6187034679561714e-07,0.999999999995156,0.10690642545697258
1,0,8,128,trace,decoder,1.0000000845986008,2.3412636994477812e-07,1.0000000849831046,0.30847772305660076
1,0,8,128,trace,decay,1.0000000570182714,1.8522612921316374e-07,1.0000002052486088,0.00020637224125018264
1,0,8,128,trace,phase,0.999999975840726,2.0211008535524272e-07,1.0000001139956092,0.04285718135069474
1,0,8,128,trace,write,0.9613111586423232,0.275555691691486,0.9683905584911888,0.0005132204617965013
1,0,8,128,trace,phase_controller,1.0000000452566375,1.1141210973439366e-07,0.9999999276923115,0.4261655330733909
1,0,8,128,trace,other,0.9999998918319456,2.07138276789335e-07,0.999999999995327,0.11487427699327354
1,0,8,128,trace,predictor,0.0,0.0,0.0,0.0
1,0,8,128,instant,embedding,0.7865202003339805,0.6258081374020722,0.6852764830150309,0.10690642545697258
1,0,8,128,instant,decoder,1.0000000845986008,2.3412636994477812e-07,1.0000000849831046,0.30847772305660076
1,0,8,128,instant,decay,0.9994945697896934,0.4593005435650678,1.4576937643947383,0.00020637224125018264
1,0,8,128,instant,phase,0.9548784117753224,0.7596653958665176,0.25567579479172026,0.04285718135069474
1,0,8,128,instant,write,-0.32473718068714497,1.5442039741493323,0.8959265063435773,0.0005132204617965013
1,0,8,128,instant,phase_controller,0.9508021411446385,0.7577925550434347,0.25922832064023865,0.4261655330733909
1,0,8,128,instant,other,0.9999998918319456,2.07138276789335e-07,0.999999999995327,0.11487427699327354
1,0,8,128,instant,predictor,0.0,0.0,0.0,0.0
1,1,8,2,trace,embedding,0.9999659110285323,0.00866548923532137,1.0026151288345315,0.14357009881376873
1,1,8,2,trace,decoder,0.9999999059705447,0.0,0.9999999999990329,0.5567674349153773
1,1,8,2,trace,decay,0.9999748155009469,0.01667674138458785,0.9848951931215137,3.314781333850605e-05
1,1,8,2,trace,phase,0.9999999921339886,0.0,0.9999999999531797,0.00023751597682826535
1,1,8,2,trace,write,0.7794656091790834,0.6363579193416572,0.6675820421890825,0.0023995429564885717
1,1,8,2,trace,phase_controller,0.9999999000411437,0.0,0.9999999999855199,0.0024832954796481354
1,1,8,2,trace,other,0.9999828886561554,0.0058506394452609335,0.9998680449052475,0.29450935031023956
1,1,8,2,trace,predictor,0.0,0.0,0.0,0.0
1,1,8,2,instant,embedding,0.9570849082489065,0.30358502732836384,1.0475025173390258,0.14357009881376873
1,1,8,2,instant,decoder,0.9999999059705447,0.0,0.9999999999990329,0.5567674349153773
1,1,8,2,instant,decay,-0.6051371774837644,3.6575594821300665,2.9647270870006017,3.314781333850605e-05
1,1,8,2,instant,phase,0.9999999921339886,0.0,0.9999999999531797,0.00023751597682826535
1,1,8,2,instant,write,0.8202606834361529,0.5720930255444939,0.8311216376522583,0.0023995429564885717
1,1,8,2,instant,phase_controller,0.9999999000411437,0.0,0.9999999999855199,0.0024832954796481354
1,1,8,2,instant,other,0.9999828886561554,0.0058506394452609335,0.9998680449052475,0.29450935031023956
1,1,8,2,instant,predictor,0.0,0.0,0.0,0.0
1,1,8,4,trace,embedding,0.9996046913861384,0.028117806778927938,0.9991425625807339,0.09773398351996705
1,1,8,4,trace,decoder,1.0000000037891201,3.7203029868545194e-08,0.9999999999986566,0.6043121713197341
1,1,8,4,trace,decay,0.9996964071976274,0.05425786371629048,0.9513548658326646,1.077878828836164e-05
1,1,8,4,trace,phase,0.9997337509669978,0.02706166918737439,0.9855938538221949,0.0018855734361982962
1,1,8,4,trace,write,0.9166238379039398,0.43180468824457,1.0798851340554823,0.0006690332084210603
1,1,8,4,trace,phase_controller,0.9997172656168644,0.027785224730361373,0.9853367987573751,0.018688323715879498
1,1,8,4,trace,other,0.999769810708185,0.021459682323818546,1.0003441046266472,0.27670011174471587
1,1,8,4,trace,predictor,0.0,0.0,0.0,0.0
1,1,8,4,instant,embedding,0.92793625213565,0.3946189953484303,1.0575117211948133,0.09773398351996705
1,1,8,4,instant,decoder,1.0000000037891201,3.7203029868545194e-08,0.9999999999986566,0.6043121713197341
1,1,8,4,instant,decay,0.6304405783726855,3.9448893958410753,4.498205927557327,1.077878828836164e-05
1,1,8,4,instant,phase,0.7485585555355037,0.6705740705871681,0.8486064111047944,0.0018855734361982962
1,1,8,4,instant,write,0.8557359341061584,0.5532372287001853,1.051580763483695,0.0006690332084210603
1,1,8,4,instant,phase_controller,0.7368811488066246,0.6855918228329403,0.8510306653748005,0.018688323715879498
1,1,8,4,instant,other,0.999769810708185,0.021459682323818546,1.0003441046266472,0.27670011174471587
1,1,8,4,instant,predictor,0.0,0.0,0.0,0.0
1,1,8,8,trace,embedding,0.9980562825966605,0.06234367234411985,0.9997167666782645,0.12440827864519752
1,1,8,8,trace,decoder,1.000000061475439,7.152329055215098e-08,1.000000106166106,0.4676433312202719
1,1,8,8,trace,decay,0.999622893123002,0.03788332932809923,0.9735262413168674,0.0006984205119079736
1,1,8,8,trace,phase,0.9991919638835179,0.04393905357296381,0.9814421078172056,0.014347966217103844
1,1,8,8,trace,write,0.29225282911627826,1.2898424529153976,1.1577614369783662,0.00031181458556334634
1,1,8,8,trace,phase_controller,0.9991866038179544,0.044149571165259964,0.9812134485456511,0.14360760944620204
1,1,8,8,trace,other,0.9975762635481008,0.07080433615418649,1.010661892284441,0.24898195595119524
1,1,8,8,trace,predictor,0.0,0.0,0.0,0.0
1,1,8,8,instant,embedding,0.8216900706793877,0.5699623347009779,0.8160823624347626,0.12440827864519752
1,1,8,8,instant,decoder,1.000000061475439,7.152329055215098e-08,1.000000106166106,0.4676433312202719
1,1,8,8,instant,decay,0.8960080580480249,0.4689575002771447,1.0468442440634464,0.0006984205119079736
1,1,8,8,instant,phase,0.9492069994755574,0.8694981098579225,0.13863876312904025,0.014347966217103844
1,1,8,8,instant,write,0.38768845977638094,2.1198425646400754,2.296624275459332,0.00031181458556334634
1,1,8,8,instant,phase_controller,0.9436534975096124,0.8707429662122156,0.13824972893053067,0.14360760944620204
1,1,8,8,instant,other,0.9975762635481008,0.07080433615418649,1.010661892284441,0.24898195595119524
1,1,8,8,instant,predictor,0.0,0.0,0.0,0.0
1,1,8,16,trace,embedding,0.9980250292732108,0.06283388504602133,0.996680175334807,0.12750600915475607
1,1,8,16,trace,decoder,0.9999999551775787,8.262669595204593e-08,0.9999999216859238,0.49293854079239974
1,1,8,16,trace,decay,0.9991152825282844,0.05172444607600997,0.969000650468693,0.0004085412052715123
1,1,8,16,trace,phase,0.9982856775722386,0.07816246993236584,0.946481807898598,0.010561111862431683
1,1,8,16,trace,write,0.7211656688667782,0.8109132985142729,1.1426631881258906,0.0007006548295472562
1,1,8,16,trace,phase_controller,0.9982079897341897,0.07902818230264398,0.9465863499208806,0.10439172252732286
1,1,8,16,trace,other,0.9961663055930082,0.08803456063584095,0.9863043865922926,0.26349361317159714
1,1,8,16,trace,predictor,0.0,0.0,0.0,0.0
1,1,8,16,instant,embedding,0.8462076061044218,0.5330450393187794,0.831914677553276,0.12750600915475607
1,1,8,16,instant,decoder,0.9999999551775787,8.262669595204593e-08,0.9999999216859238,0.49293854079239974
1,1,8,16,instant,decay,0.04732893301800274,1.1082348393800556,0.5273546397894753,0.0004085412052715123
1,1,8,16,instant,phase,0.9942478405511446,0.5767162880588821,0.42756404108102314,0.010561111862431683
1,1,8,16,instant,write,0.3956393525959643,1.3729109872470824,1.4161370398975646,0.0007006548295472562
1,1,8,16,instant,phase_controller,0.991000440502374,0.5779892384769564,0.4287251183757156,0.10439172252732286
1,1,8,16,instant,other,0.9961663055930082,0.08803456063584095,0.9863043865922926,0.26349361317159714
1,1,8,16,instant,predictor,0.0,0.0,0.0,0.0
1,1,8,32,trace,embedding,0.9967917743699755,0.08109463609600286,1.0098126944641945,0.12397457663005432
1,1,8,32,trace,decoder,1.0000000570341854,9.965467746348306e-08,0.9999999999971751,0.5164833583150504
1,1,8,32,trace,decay,0.9947866716066249,0.12223941918432009,1.0621896834369153,0.0006709610942472619
1,1,8,32,trace,phase,0.9922440171667515,0.1281803079282973,1.0235183754686954,0.017159217482537962
1,1,8,32,trace,write,0.8627138454683547,0.62013720244228,1.221664237827709,0.0005349425840441635
1,1,8,32,trace,phase_controller,0.992228933469502,0.12849768293788022,1.024323030166787,0.1706146798686199
1,1,8,32,trace,other,0.9911047911547785,0.13330926271207877,0.998865427908376,0.1705624770597524
1,1,8,32,trace,predictor,0.0,0.0,0.0,0.0
1,1,8,32,instant,embedding,0.8727883038555558,0.4881870486323563,0.8635291418761354,0.12397457663005432
1,1,8,32,instant,decoder,1.0000000570341854,9.965467746348306e-08,0.9999999999971751,0.5164833583150504
1,1,8,32,instant,decay,0.7032357754145917,0.7156043554422105,0.6218104843152306,0.0006709610942472619
1,1,8,32,instant,phase,0.6116124483089143,0.9048548146572654,0.17248617729077945,0.017159217482537962
1,1,8,32,instant,write,0.8572544671792948,1.1241396639924428,1.8565418226627364,0.0005349425840441635
1,1,8,32,instant,phase_controller,0.550136679288572,0.9030454377493162,0.20641964160845003,0.1706146798686199
1,1,8,32,instant,other,0.9911047911547785,0.13330926271207877,0.998865427908376,0.1705624770597524
1,1,8,32,instant,predictor,0.0,0.0,0.0,0.0
1,1,8,64,trace,embedding,0.9929321266750148,0.11969356322596346,1.0084621394084852,0.10182880709902066
1,1,8,64,trace,decoder,1.00000005892013,1.6151114279613162e-07,0.9999999999971011,0.4056562288508654
1,1,8,64,trace,decay,0.993995232965764,0.17187915216420577,1.1265430555988662,0.0005624475178478505
1,1,8,64,trace,phase,0.9933922835980359,0.1508868566305235,1.0913476286813488,0.033705545875803516
1,1,8,64,trace,write,0.9103688060048887,0.5124701080533655,1.212687708954593,0.0005609532961636526
1,1,8,64,trace,phase_controller,0.9933680496897966,0.15113532659984957,1.091459776964281,0.333396495065378
1,1,8,64,trace,other,0.979462917856918,0.20196461148052477,0.9912199470140313,0.12428970994116037
1,1,8,64,trace,predictor,0.0,0.0,0.0,0.0
1,1,8,64,instant,embedding,0.8562688302808037,0.517485139348644,0.8876914954956069,0.10182880709902066
1,1,8,64,instant,decoder,1.00000005892013,1.6151114279613162e-07,0.9999999999971011,0.4056562288508654
1,1,8,64,instant,decay,0.849277131029869,0.5400234662303384,0.7357116510513697,0.0005624475178478505
1,1,8,64,instant,phase,0.9929555111017829,0.8740499295934228,0.12697393858068154,0.033705545875803516
1,1,8,64,instant,write,0.9182771270488445,0.8964943019447879,1.7226000564821808,0.0005609532961636526
1,1,8,64,instant,phase_controller,0.7888440625059993,0.8780938154920387,0.1616886810986185,0.333396495065378
1,1,8,64,instant,other,0.979462917856918,0.20196461148052477,0.9912199470140313,0.12428970994116037
1,1,8,64,instant,predictor,0.0,0.0,0.0,0.0
1,1,8,128,trace,embedding,0.9888533438441083,0.14977530744282794,1.0051148101685574,0.09804654870179046
1,1,8,128,trace,decoder,0.9999998847017458,2.2375989058375685e-07,1.0000000866663465,0.38075014860601814
1,1,8,128,trace,decay,0.9943730871290986,0.2119554759163988,1.1779572281978015,0.0004384579551363622
1,1,8,128,trace,phase,0.9976086624005528,0.16859944652694464,1.151390464808654,0.03716471496380457
1,1,8,128,trace,write,0.8928068799937838,0.5274020627652686,1.167136702313093,0.0005651489057339733
1,1,8,128,trace,phase_controller,0.9976078290931627,0.16848800772088568,1.1512621834991168,0.3683879125026301
1,1,8,128,trace,other,0.9739604564108716,0.2269524770565837,0.984279004351206,0.1146467509110937
1,1,8,128,trace,predictor,0.0,0.0,0.0,0.0
1,1,8,128,instant,embedding,0.856518381866815,0.5164705939589084,0.8756432047738942,0.09804654870179046
1,1,8,128,instant,decoder,0.9999998847017458,2.2375989058375685e-07,1.0000000866663465,0.38075014860601814
1,1,8,128,instant,decay,0.8912043506439873,0.45364232116845765,0.8851581313177768,0.0004384579551363622
1,1,8,128,instant,phase,0.9602934978737988,0.8729080888133471,0.1331707020453621,0.03716471496380457
1,1,8,128,instant,write,0.8940005752160987,0.9630304948971852,1.7464469986143758,0.0005651489057339733
1,1,8,128,instant,phase_controller,0.8018204485040751,0.8719718402784765,0.16679988018553835,0.3683879125026301
1,1,8,128,instant,other,0.9739604564108716,0.2269524770565837,0.984279004351206,0.1146467509110937
1,1,8,128,instant,predictor,0.0,0.0,0.0,0.0
2,0,8,2,trace,embedding,0.998147577107542,0.06205681659493814,1.0103861190897887,0.04490100437357825
2,0,8,2,trace,decoder,1.00000003959108,0.0,0.9999999999991859,0.5397081627452329
2,0,8,2,trace,decay,0.9996077555747487,0.03184512936212606,1.0147654979544602,0.0011270276249079898
2,0,8,2,trace,phase,1.000000085027961,0.0,0.9999999999849469,0.0015785346474950785
2,0,8,2,trace,write,0.8906936537378456,0.4575179566896453,0.9422462731160048,0.0018232559479002223
2,0,8,2,trace,phase_controller,0.9999999444330756,0.0,0.9999999999952216,0.015665472690720987
2,0,8,2,trace,other,0.9993828160889818,0.035604388686027146,0.9935821160249612,0.3951965962633962
2,0,8,2,trace,predictor,0.0,0.0,0.0,0.0
2,0,8,2,instant,embedding,0.9485441332168694,0.3166878284661367,0.9537522626767243,0.04490100437357825
2,0,8,2,instant,decoder,1.00000003959108,0.0,0.9999999999991859,0.5397081627452329
2,0,8,2,instant,decay,0.9981231005446103,0.08528404377307734,1.0574783150972011,0.0011270276249079898
2,0,8,2,instant,phase,1.000000085027961,0.0,0.9999999999849469,0.0015785346474950785
2,0,8,2,instant,write,0.9905904581433453,0.14046643684626128,1.0222139271124222,0.0018232559479002223
2,0,8,2,instant,phase_controller,0.9999999444330756,0.0,0.9999999999952216,0.015665472690720987
2,0,8,2,instant,other,0.9993828160889818,0.035604388686027146,0.9935821160249612,0.3951965962633962
2,0,8,2,instant,predictor,0.0,0.0,0.0,0.0
2,0,8,4,trace,embedding,0.8929660793369268,0.462649417206485,0.7860429514681474,0.08200561324478296
2,0,8,4,trace,decoder,1.0000000237139202,5.829709379641535e-08,0.9999999999988496,0.3620811032358705
2,0,8,4,trace,decay,0.9456378098954702,0.47806187959720986,0.5952465858300742,0.0008105428622266664
2,0,8,4,trace,phase,0.9705983111693435,0.26283405946763544,0.8650382479359818,0.003089747693159449
2,0,8,4,trace,write,0.7696143080134276,0.6446065496313864,0.6811625615477255,0.0018569904278430895
2,0,8,4,trace,phase_controller,0.9708138498542649,0.25954599411064366,0.8715982403215562,0.03176417888263186
2,0,8,4,trace,other,0.9336050776982059,0.36549805073050273,0.8614430379593474,0.5183922000828625
2,0,8,4,trace,predictor,0.0,0.0,0.0,0.0
2,0,8,4,instant,embedding,0.7809482270337873,0.6259287235104204,0.7401241191638483,0.08200561324478296
2,0,8,4,instant,decoder,1.0000000237139202,5.829709379641535e-08,0.9999999999988496,0.3620811032358705
2,0,8,4,instant,decay,0.9184293714649334,0.4957460961679834,0.6196373312245876,0.0008105428622266664
2,0,8,4,instant,phase,0.8606590128664847,0.5094115353561662,0.8759587038604271,0.003089747693159449
2,0,8,4,instant,write,0.8959615709790445,0.6020984777008468,0.48942775235537145,0.0018569904278430895
2,0,8,4,instant,phase_controller,0.8600435980837716,0.5102480062996042,0.865348453740926,0.03176417888263186
2,0,8,4,instant,other,0.9336050776982059,0.36549805073050273,0.8614430379593474,0.5183922000828625
2,0,8,4,instant,predictor,0.0,0.0,0.0,0.0
2,0,8,8,trace,embedding,0.8696285501073338,0.4941831079428215,0.8479311046048594,0.038689678909986286
2,0,8,8,trace,decoder,1.0000000529138389,5.464507570407636e-08,0.9999999999984529,0.22087532263156662
2,0,8,8,trace,decay,0.7670354907908198,0.6427975873016983,0.7278923171220959,0.00012946508832284532
2,0,8,8,trace,phase,0.9905358725100583,0.3642918714722068,0.6530898549309887,0.028996519176243015
2,0,8,8,trace,write,0.92029053067344,0.5290673989265059,0.5641350320835132,0.0016010135400056724
2,0,8,8,trace,phase_controller,0.9897896179912559,0.3647104198359998,0.6540858149751962,0.2883046069024365
2,0,8,8,trace,other,0.9128343857988378,0.4502210471489886,0.7231882568914876,0.4214033860779018
2,0,8,8,trace,predictor,0.0,0.0,0.0,0.0
2,0,8,8,instant,embedding,0.7647671936265464,0.6460875281280498,0.8127085684391723,0.038689678909986286
2,0,8,8,instant,decoder,1.0000000529138389,5.464507570407636e-08,0.9999999999984529,0.22087532263156662
2,0,8,8,instant,decay,0.616622911764796,0.9415810224327719,1.1331485652178201,0.00012946508832284532
2,0,8,8,instant,phase,0.6506882147701138,0.8446309947356607,0.2808278607457127,0.028996519176243015
2,0,8,8,instant,write,0.7769398543405364,0.7215821596176571,0.42435477384666803,0.0016010135400056724
2,0,8,8,instant,phase_controller,0.6489705928909076,0.8431845589304597,0.2854834845873837,0.2883046069024365
2,0,8,8,instant,other,0.9128343857988378,0.4502210471489886,0.7231882568914876,0.4214033860779018
2,0,8,8,instant,predictor,0.0,0.0,0.0,0.0
2,0,8,16,trace,embedding,0.8856380822716,0.4645788450005534,0.8993721015727832,0.027586389499432176
2,0,8,16,trace,decoder,1.0000000002257425,9.355627135839766e-08,1.0000000657340173,0.10162864552168437
2,0,8,16,trace,decay,0.8053609673564469,0.6910786308773086,0.45012027032482976,0.001221107592490027
2,0,8,16,trace,phase,0.9330389686063625,0.39212827630664726,0.7770692426903347,0.07014233249051893
2,0,8,16,trace,write,0.9035609695192358,0.46224626774541794,0.7300849332665422,0.0007487938141277062
2,0,8,16,trace,phase_controller,0.932729035518385,0.3932536564526725,0.7757832024147376,0.6979496151206905
2,0,8,16,trace,other,0.7073859461048665,0.7122166847267275,0.7948376552268656,0.10072373938953096
2,0,8,16,trace,predictor,0.0,0.0,0.0,0.0
2,0,8,16,instant,embedding,0.7446615255653991,0.669160617208763,0.6967361016013992,0.027586389499432176
2,0,8,16,instant,decoder,1.0000000002257425,9.355627135839766e-08,1.0000000657340173,0.10162864552168437
2,0,8,16,instant,decay,0.4655325797538341,0.8880075844194916,0.3928818163230124,0.001221107592490027
2,0,8,16,instant,phase,0.7154046198249931,0.8830700565866533,0.17538911908979324,0.07014233249051893
2,0,8,16,instant,write,0.4619603106592774,0.886914369500516,0.4570389669847678,0.0007487938141277062
2,0,8,16,instant,phase_controller,0.708381484841899,0.8822415789973751,0.17908508731454326,0.6979496151206905
2,0,8,16,instant,other,0.7073859461048665,0.7122166847267275,0.7948376552268656,0.10072373938953096
2,0,8,16,instant,predictor,0.0,0.0,0.0,0.0
2,0,8,32,trace,embedding,0.8974305176828086,0.44342610187706716,0.942253573010386,0.03782543647294228
2,0,8,32,trace,decoder,1.0000000221334944,1.0205357803996317e-07,0.9999999999976287,0.13591892150065205
2,0,8,32,trace,decay,0.8831275507637233,0.5903538862070462,0.5247536854059285,0.0026748801942643153
2,0,8,32,trace,phase,0.9653168436741835,0.31394692761944676,0.7909628508097225,0.06089695953063596
2,0,8,32,trace,write,0.8941028995554904,0.4598886671456033,0.7896155848434242,0.0007976269469840426
2,0,8,32,trace,phase_controller,0.9656199208322989,0.31325624114156914,0.7908302587509566,0.6101281601835642
2,0,8,32,trace,other,0.7958584945479904,0.6059901917986104,0.820660490140633,0.15175824674476854
2,0,8,32,trace,predictor,0.0,0.0,0.0,0.0
2,0,8,32,instant,embedding,0.7533891725126686,0.6588890146641988,0.7117934098554204,0.03782543647294228
2,0,8,32,instant,decoder,1.0000000221334944,1.0205357803996317e-07,0.9999999999976287,0.13591892150065205
2,0,8,32,instant,decay,0.5294862678773004,0.8668311849338453,0.3512953028163885,0.0026748801942643153
2,0,8,32,instant,phase,0.5321206936803735,0.9136745815398394,0.18867671955677845,0.06089695953063596
2,0,8,32,instant,write,0.38465358687464557,0.9293588545039698,0.4926643368627366,0.0007976269469840426
2,0,8,32,instant,phase_controller,0.5336366657099569,0.911800288794494,0.19283183048235422,0.6101281601835642
2,0,8,32,instant,other,0.7958584945479904,0.6059901917986104,0.820660490140633,0.15175824674476854
2,0,8,32,instant,predictor,0.0,0.0,0.0,0.0
2,0,8,64,trace,embedding,0.8716648396429955,0.49020762812339436,0.8818367579369395,0.02933893655969422
2,0,8,64,trace,decoder,0.9999999609533244,1.4204346338453274e-07,0.9999999999975455,0.10843389811701444
2,0,8,64,trace,decay,0.863368228631243,0.6419689834110628,0.4664692359793668,0.0030375793412743745
2,0,8,64,trace,phase,0.9469431990890176,0.38397922747408514,0.7368443979764308,0.06640074125641172
2,0,8,64,trace,write,0.8519420675283945,0.5237076000216476,0.8605946511328002,0.0007724691026079328
2,0,8,64,trace,phase_controller,0.9468079400962399,0.3848098601552109,0.7358011154389915,0.6621223346528676
2,0,8,64,trace,other,0.769106228516054,0.6400652050325055,0.8038607716111497,0.12989427035145937
2,0,8,64,trace,predictor,0.0,0.0,0.0,0.0
2,0,8,64,instant,embedding,0.7517898195860606,0.6605504451654226,0.7128657294022296,0.02933893655969422
2,0,8,64,instant,decoder,0.9999999609533244,1.4204346338453274e-07,0.9999999999975455,0.10843389811701444
2,0,8,64,instant,decay,0.5013894700462197,0.8797603559195736,0.342110962178086,0.0030375793412743745
2,0,8,64,instant,phase,0.4701915580800687,0.9379007012452756,0.15279971827003935,0.06640074125641172
2,0,8,64,instant,write,0.43240675780509963,0.9076546166523378,0.5363901994108473,0.0007724691026079328
2,0,8,64,instant,phase_controller,0.4648341181171978,0.9376274407635355,0.1562632029222495,0.6621223346528676
2,0,8,64,instant,other,0.769106228516054,0.6400652050325055,0.8038607716111497,0.12989427035145937
2,0,8,64,instant,predictor,0.0,0.0,0.0,0.0
2,0,8,128,trace,embedding,0.8723485564185853,0.4890595666048034,0.8854151989633077,0.026535937799587336
2,0,8,128,trace,decoder,1.0000001113146308,1.9904166535546285e-07,1.0000002205808538,0.08656005991793528
2,0,8,128,trace,decay,0.8746915248777952,0.6565117587623479,0.43186740604405766,0.003258003999183005
2,0,8,128,trace,phase,0.9510294496367901,0.38468778060448716,0.7220279490348883,0.07013913292626979
2,0,8,128,trace,write,0.8424492090318225,0.539472629644207,0.8698589584774215,0.0007014826262793478
2,0,8,128,trace,phase_controller,0.95130324098983,0.3846013287195699,0.7213117880956047,0.7005763380959308
2,0,8,128,trace,other,0.7271639297632749,0.6873712960198893,0.7624694581285262,0.11222910731642957
2,0,8,128,trace,predictor,0.0,0.0,0.0,0.0
2,0,8,128,instant,embedding,0.7324796872572725,0.6823882975860435,0.6857868752350683,0.026535937799587336
2,0,8,128,instant,decoder,1.0000001113146308,1.9904166535546285e-07,1.0000002205808538,0.08656005991793528
2,0,8,128,instant,decay,0.44218036183168763,0.9079732849543442,0.30097441237978406,0.003258003999183005
2,0,8,128,instant,phase,0.4761486939519793,0.9377702114175347,0.1503718767498946,0.07013913292626979
2,0,8,128,instant,write,0.4052048644812564,0.9197437168156964,0.505800981850189,0.0007014826262793478
2,0,8,128,instant,phase_controller,0.47257330618890164,0.9372773616725352,0.15348944822123625,0.7005763380959308
2,0,8,128,instant,other,0.7271639297632749,0.6873712960198893,0.7624694581285262,0.11222910731642957
2,0,8,128,instant,predictor,0.0,0.0,0.0,0.0
2,1,8,2,trace,embedding,0.9727480899138661,0.2362759610409527,1.0181910013107098,0.511662366524111
2,1,8,2,trace,decoder,0.9999999690640069,0.0,0.9999999999990767,0.2606916201223139
2,1,8,2,trace,decay,0.9804820105868234,0.20350199550940307,1.032998748429563,0.00011008267752339304
2,1,8,2,trace,phase,1.0000000481703974,0.0,0.9999999999728474,0.000301316031711944
2,1,8,2,trace,write,0.9830499747107942,0.1945258204673462,1.0480697556100502,0.0002786754809597573
2,1,8,2,trace,phase_controller,0.9999999407395714,0.0,0.9999999999914878,0.003065997021615998
2,1,8,2,trace,other,0.9864776033028632,0.16405150215595204,0.9936014757640111,0.22389088242273958
2,1,8,2,trace,predictor,0.0,0.0,0.0,0.0
2,1,8,2,instant,embedding,0.9866710674173155,0.16765718013429526,1.0270263858940647,0.511662366524111
2,1,8,2,instant,decoder,0.9999999690640069,0.0,0.9999999999990767,0.2606916201223139
2,1,8,2,instant,decay,0.9322736011381197,0.3908425374744023,0.7843144719654621,0.00011008267752339304
2,1,8,2,instant,phase,1.0000000481703974,0.0,0.9999999999728474,0.000301316031711944
2,1,8,2,instant,write,0.9376317370784196,0.3682854017392777,1.0592356014310491,0.0002786754809597573
2,1,8,2,instant,phase_controller,0.9999999407395714,0.0,0.9999999999914878,0.003065997021615998
2,1,8,2,instant,other,0.9864776033028632,0.16405150215595204,0.9936014757640111,0.22389088242273958
2,1,8,2,instant,predictor,0.0,0.0,0.0,0.0
2,1,8,4,trace,embedding,0.9824932101388462,0.25680252639919154,0.8057439866122872,0.4862432892164998
2,1,8,4,trace,decoder,0.9999999510300911,2.85386731139525e-08,0.9999999999987866,0.2650332445792923
2,1,8,4,trace,decay,0.993976598303363,0.13337726237068312,1.0699965500203952,0.00014946461057094193
2,1,8,4,trace,phase,0.9989104628527132,0.10657682571330523,0.903094529057804,0.003409730320057736
2,1,8,4,trace,write,0.8899714620702767,0.4561133538648434,0.8805544300200867,0.000707059901861938
2,1,8,4,trace,phase_controller,0.9988545906245484,0.10652018953662268,0.9036858518755914,0.03400656956430761
2,1,8,4,trace,other,0.9749602093290084,0.22482599766892253,0.9418735593465852,0.21045083171767132
2,1,8,4,trace,predictor,0.0,0.0,0.0,0.0
2,1,8,4,instant,embedding,0.9422069534002571,0.38463123036727975,0.7532760805241686,0.4862432892164998
2,1,8,4,instant,decoder,0.9999999510300911,2.85386731139525e-08,0.9999999999987866,0.2650332445792923
2,1,8,4,instant,decay,0.8445671065378119,0.6565593065553345,1.2245190209201156,0.00014946461057094193
2,1,8,4,instant,phase,0.9518400042946106,0.534090064059784,0.5145168953257032,0.003409730320057736
2,1,8,4,instant,write,0.7946576090018449,0.6128739540955207,0.7104242893993978,0.000707059901861938
2,1,8,4,instant,phase_controller,0.9499439605792659,0.5353575835773012,0.5152010574771683,0.03400656956430761
2,1,8,4,instant,other,0.9749602093290084,0.22482599766892253,0.9418735593465852,0.21045083171767132
2,1,8,4,instant,predictor,0.0,0.0,0.0,0.0
2,1,8,8,trace,embedding,0.9288209503984676,0.41202231778507376,0.7486250757207512,0.324221086254459
2,1,8,8,trace,decoder,0.9999999233351713,6.490873150664253e-08,0.9999999999983515,0.29631981471281094
2,1,8,8,trace,decay,0.9944734043637794,0.2019833223618969,1.167026919105743,0.00044300408499564365
2,1,8,8,trace,phase,0.9994283857547575,0.04642543047631789,0.9676100949517881,0.011365121335515255
2,1,8,8,trace,write,0.9630284123203007,0.3355986564180438,1.1631534369700047,0.0010832584821637054
2,1,8,8,trace,phase_controller,0.9994268546294603,0.046243173311045535,0.9679213445944606,0.1133319671754413
2,1,8,8,trace,other,0.9819518651287555,0.18923537448842598,0.9756906476637903,0.2532364137112173
2,1,8,8,trace,predictor,0.0,0.0,0.0,0.0
2,1,8,8,instant,embedding,0.9406329429655801,0.40430823853605585,0.7209619251943788,0.324221086254459
2,1,8,8,instant,decoder,0.9999999233351713,6.490873150664253e-08,0.9999999999983515,0.29631981471281094
2,1,8,8,instant,decay,0.916214822869258,0.4027108235272468,0.8758952609489683,0.00044300408499564365
2,1,8,8,instant,phase,0.9958341938510517,0.5785159439044383,0.4245492855549132,0.011365121335515255
2,1,8,8,instant,write,0.8378369835944534,0.546034310026797,0.8266870403664068,0.0010832584821637054
2,1,8,8,instant,phase_controller,0.991313779391889,0.5779532020133182,0.4285233793302786,0.1133319671754413
2,1,8,8,instant,other,0.9819518651287555,0.18923537448842598,0.9756906476637903,0.2532364137112173
2,1,8,8,instant,predictor,0.0,0.0,0.0,0.0
2,1,8,16,trace,embedding,0.9391199311482946,0.35797676086776503,0.8386496579275143,0.08431225347752562
2,1,8,16,trace,decoder,0.9999999851821428,9.736839389467085e-08,0.9999999999977313,0.14326415205296858
2,1,8,16,trace,decay,0.9716256408067123,0.282584968715649,1.1262564739449137,0.0002481994057888778
2,1,8,16,trace,phase,0.965377337929913,0.3042477626500691,0.8087879688808343,0.05660575629156436
2,1,8,16,trace,write,0.3556282942311951,1.2225486001846086,1.1437247251630347,0.0006959104971451936
2,1,8,16,trace,phase_controller,0.9654778445050292,0.3034233258853621,0.8098724529024464,0.5666127295667034
2,1,8,16,trace,other,0.9653751155572031,0.2611887946880143,0.9523903873364351,0.14826125325973272
2,1,8,16,trace,predictor,0.0,0.0,0.0,0.0
2,1,8,16,instant,embedding,0.9089013459110294,0.4394295340006467,0.7703386026337511,0.08431225347752562
2,1,8,16,instant,decoder,0.9999999851821428,9.736839389467085e-08,0.9999999999977313,0.14326415205296858
2,1,8,16,instant,decay,0.6413735853712086,0.7756332169657227,0.755245808124782,0.0002481994057888778
2,1,8,16,instant,phase,0.9569737541295937,0.8330947129070428,0.1760476180583877,0.05660575629156436
2,1,8,16,instant,write,0.42150027060714107,0.9214273912059424,0.5848742440675786,0.0006959104971451936
2,1,8,16,instant,phase_controller,0.9313744143595264,0.8367313661239607,0.1779969256614916,0.5666127295667034
2,1,8,16,instant,other,0.9653751155572031,0.2611887946880143,0.9523903873364351,0.14826125325973272
2,1,8,16,instant,predictor,0.0,0.0,0.0,0.0
2,1,8,32,trace,embedding,0.9447299577114926,0.33173084905102707,0.8941444044686856,0.05706122848409699
2,1,8,32,trace,decoder,0.9999999174481335,9.38434040340298e-08,0.9999998564644285,0.12389763629938452
2,1,8,32,trace,decay,0.5498471470256394,0.8411059177589367,0.45089812015125363,0.0002456789900668782
2,1,8,32,trace,phase,0.9716609934368349,0.23696243618956048,0.9550426595908149,0.06399360788004674
2,1,8,32,trace,write,0.31956082788578155,1.219133798010681,1.0866372148566803,0.000925825770064623
2,1,8,32,trace,phase_controller,0.9718745317187403,0.23615980761037286,0.9542268659817237,0.6398308218485428
2,1,8,32,trace,other,0.9537195592603626,0.30121053737396786,0.9361375082287121,0.11404526476223928
2,1,8,32,trace,predictor,0.0,0.0,0.0,0.0
2,1,8,32,instant,embedding,0.8127591437092125,0.5853256322839474,0.7563393044729075,0.05706122848409699
2,1,8,32,instant,decoder,0.9999999174481335,9.38434040340298e-08,0.9999998564644285,0.12389763629938452
2,1,8,32,instant,decay,0.48868859083463273,0.873865703069748,0.43911245220101075,0.0002456789900668782
2,1,8,32,instant,phase,0.9800423749319345,0.850046434246255,0.15356673699989287,0.06399360788004674
2,1,8,32,instant,write,0.23084936416799198,0.9911171439592147,0.4195420289647959,0.000925825770064623
2,1,8,32,instant,phase_controller,0.9590497734674736,0.8521655647639237,0.15533203115731395,0.6398308218485428
2,1,8,32,instant,other,0.9537195592603626,0.30121053737396786,0.9361375082287121,0.11404526476223928
2,1,8,32,instant,predictor,0.0,0.0,0.0,0.0
2,1,8,64,trace,embedding,0.9409777697381365,0.33856269503223335,0.932994521722391,0.05056278212115839
2,1,8,64,trace,decoder,0.9999999677692436,1.5554310701760642e-07,0.9999999999975129,0.11329257185014723
2,1,8,64,trace,decay,0.735615970075152,0.7681747055785714,0.37336850029970187,0.0004335610852049284
2,1,8,64,trace,phase,0.9768070664517402,0.21730557638097775,1.013868354708923,0.06572257779769473
2,1,8,64,trace,write,0.2464358903887764,1.2440280446765442,1.0263952929289593,0.0011207415978051196
2,1,8,64,trace,phase_controller,0.9769051863945648,0.21658685881249276,1.012310020433499,0.6574175934385711
2,1,8,64,trace,other,0.9306397846699676,0.36593608799136934,0.9306803957919688,0.11145019267867706
2,1,8,64,trace,predictor,0.0,0.0,0.0,0.0
2,1,8,64,instant,embedding,0.7393879043085696,0.6732833862643617,0.7371626700664622,0.05056278212115839
2,1,8,64,instant,decoder,0.9999999677692436,1.5554310701760642e-07,0.9999999999975129,0.11329257185014723
2,1,8,64,instant,decay,0.7507604360288913,0.7396134402573513,0.41809051377233947,0.0004335610852049284
2,1,8,64,instant,phase,0.998434473480661,0.8713069623871073,0.12892470399601638,0.06572257779769473
2,1,8,64,instant,write,0.011058929307902208,1.0607716998701737,0.36511942978114736,0.0011207415978051196
2,1,8,64,instant,phase_controller,0.9819111954487204,0.8722262206484817,0.13048416422824355,0.6574175934385711
2,1,8,64,instant,other,0.9306397846699676,0.36593608799136934,0.9306803957919688,0.11145019267867706
2,1,8,64,instant,predictor,0.0,0.0,0.0,0.0
2,1,8,128,trace,embedding,0.9351573619163701,0.3542627659527864,0.9397421533311661,0.04344516462160432
2,1,8,128,trace,decoder,0.9999999332562962,2.3526119482545938e-07,0.999999999997545,0.10687798360013094
2,1,8,128,trace,decay,0.6743855622671181,0.7811832703991872,0.419350053334896,0.00042847822380335084
2,1,8,128,trace,phase,0.9683827942447443,0.2546391358960117,1.019435146026559,0.06759928802962867
2,1,8,128,trace,write,0.18794488874052015,1.263540413004434,0.9828394480467212,0.0010515077182379536
2,1,8,128,trace,phase_controller,0.9685276317525708,0.25367144671734476,1.0174643455112633,0.6773245882709512
2,1,8,128,trace,other,0.9256356959006781,0.37841525895653494,0.9263433438094589,0.1032733717593836
2,1,8,128,trace,predictor,0.0,0.0,0.0,0.0
2,1,8,128,instant,embedding,0.7109727463236201,0.70329685084217,0.7213773549951962,0.04344516462160432
2,1,8,128,instant,decoder,0.9999999332562962,2.3526119482545938e-07,0.999999999997545,0.10687798360013094
2,1,8,128,instant,decay,0.8013420150756605,0.6946825356776049,0.44816664712499543,0.00042847822380335084
2,1,8,128,instant,phase,0.9905389415881584,0.8659743954061461,0.13550730320988463,0.06759928802962867
2,1,8,128,instant,write,-0.07558495703991423,1.0872982648955913,0.35792455512004434,0.0010515077182379536
2,1,8,128,instant,phase_controller,0.9702004905543594,0.8671065392380989,0.13763657080742187,0.6773245882709512
2,1,8,128,instant,other,0.9256356959006781,0.37841525895653494,0.9263433438094589,0.1032733717593836
2,1,8,128,instant,predictor,0.0,0.0,0.0,0.0
1,0,9,2,trace,embedding,1.0000000148915842,5.964423896142311e-08,0.9999999999985862,0.201827546299807
1,0,9,2,trace,decoder,0.999999923184446,0.0,0.9999999999992221,0.6667344141578725
1,0,9,2,trace,decay,0.9999999567662831,1.9801533923866106e-07,1.0000000837486356,1.2418161727609207e-05
1,0,9,2,trace,phase,1.0000000506949123,0.0,0.9999999999002087,4.0509325122747675e-05
1,0,9,2,trace,write,0.7728100478574897,0.6355841095254897,0.7381322059105656,9.424532291624251e-05
1,0,9,2,trace,phase_controller,1.0000000886243057,0.0,0.9999999999725614,0.0005358149358737518
1,0,9,2,trace,other,1.0000000380356981,0.0,0.9999999999982436,0.13075545639300415
1,0,9,2,trace,predictor,0.0,0.0,0.0,0.0
1,0,9,2,instant,embedding,0.9744759297936044,0.24022672575465448,0.888964083531369,0.201827546299807
1,0,9,2,instant,decoder,0.999999923184446,0.0,0.9999999999992221,0.6667344141578725
1,0,9,2,instant,decay,0.8728707983765529,0.9138654774648451,1.6455633391022833,1.2418161727609207e-05
1,0,9,2,instant,phase,1.0000000506949123,0.0,0.9999999999002087,4.0509325122747675e-05
1,0,9,2,instant,write,0.8813194488988854,0.4725211306241002,0.8816763747860433,9.424532291624251e-05
1,0,9,2,instant,phase_controller,1.0000000886243057,0.0,0.9999999999725614,0.0005358149358737518
1,0,9,2,instant,other,1.0000000380356981,0.0,0.9999999999982436,0.13075545639300415
1,0,9,2,instant,predictor,0.0,0.0,0.0,0.0
1,0,9,4,trace,embedding,1.000000029927549,4.61090722884608e-08,0.99999999999744,0.14387598566773732
1,0,9,4,trace,decoder,0.9999999439997068,5.2033773130985286e-08,0.9999999999988946,0.7716481567017945
1,0,9,4,trace,decay,0.9999995749529103,1.1704955309000751e-06,1.000000791716699,2.4630699533462513e-06
1,0,9,4,trace,phase,0.9999999012389296,2.3518740397122588e-07,0.9999999999368676,0.00023658272652564367
1,0,9,4,trace,write,0.9725726156889958,0.3217431872302093,1.1948700756436548,0.00040870470693496816
1,0,9,4,trace,phase_controller,0.9999999619868776,1.1383864633822447e-07,0.9999998981858317,0.00505090989157988
1,0,9,4,trace,other,0.9999999489952324,7.612789664114195e-08,0.9999999999965403,0.07877769400366857
1,0,9,4,trace,predictor,0.0,0.0,0.0,0.0
1,0,9,4,instant,embedding,0.9517346557908221,0.3103955379772281,0.9054294602286157,0.14387598566773732
1,0,9,4,instant,decoder,0.9999999439997068,5.2033773130985286e-08,0.9999999999988946,0.7716481567017945
1,0,9,4,instant,decay,-0.6996265470946287,10.15405694203449,9.429260178323249,2.4630699533462513e-06
1,0,9,4,instant,phase,0.9988283796045673,0.04879084212261938,1.0050526388929395,0.00023658272652564367
1,0,9,4,instant,write,0.8912968976192555,0.5570655295316512,1.2149201350318513,0.00040870470693496816
1,0,9,4,instant,phase_controller,0.9993082436502658,0.038485400890880095,0.9893979864132164,0.00505090989157988
1,0,9,4,instant,other,0.9999999489952324,7.612789664114195e-08,0.9999999999965403,0.07877769400366857
1,0,9,4,instant,predictor,0.0,0.0,0.0,0.0
1,0,9,8,trace,embedding,1.0000000365923076,5.3559415390474995e-08,0.9999999999965082,0.12400656461518914
1,0,9,8,trace,decoder,1.0000000593547653,7.694039359265706e-08,0.9999999999983015,0.5240863918791206
1,0,9,8,trace,decay,1.0000000060310739,1.4427201983132229e-07,0.9999999355360972,0.00031626091403338675
1,0,9,8,trace,phase,0.9999999108058917,1.1325110348869262e-08,0.9999999999922488,0.025165487496554166
1,0,9,8,trace,write,0.6999940418886278,0.7146753160088442,0.727422850206053,0.0016317696443570056
1,0,9,8,trace,phase_controller,1.0000000685058414,1.8321234902991995e-08,0.9999999999975648,0.2549623577755275
1,0,9,8,trace,other,1.000000138021928,1.1816993118626313e-07,0.9999999999953468,0.06983138396704455
1,0,9,8,trace,predictor,0.0,0.0,0.0,0.0
1,0,9,8,instant,embedding,0.774780707109947,0.6322302955127754,0.7740769462404895,0.12400656461518914
1,0,9,8,instant,decoder,1.0000000593547653,7.694039359265706e-08,0.9999999999983015,0.5240863918791206
1,0,9,8,instant,decay,0.1532500248084907,1.0736866655870114,0.5731174159480718,0.00031626091403338675
1,0,9,8,instant,phase,0.9987084603817159,0.6366114885227427,0.36412766837439464,0.025165487496554166
1,0,9,8,instant,write,0.5185905688493144,0.8695049933800291,0.3605553715254794,0.0016317696443570056
1,0,9,8,instant,phase_controller,0.9924703594005351,0.6430257494283418,0.36121798339940026,0.2549623577755275
1,0,9,8,instant,other,1.000000138021928,1.1816993118626313e-07,0.9999999999953468,0.06983138396704455
1,0,9,8,instant,predictor,0.0,0.0,0.0,0.0
1,0,9,16,trace,embedding,1.0000000425527364,1.3884264949504845e-07,1.0000000634516935,0.12158031565928698
1,0,9,16,trace,decoder,1.0000000100338975,8.490778842144873e-08,0.9999999999975462,0.3661610620580003
1,0,9,16,trace,decay,0.9999999892389153,2.308026467686048e-07,1.0000001992568286,0.0004331847661014885
1,0,9,16,trace,phase,0.9999999523829075,1.265252260107071e-07,1.0000001130248766,0.0383178929953084
1,0,9,16,trace,write,0.8178970022209293,0.5757722713635102,0.8395577203445821,0.0014885363267127623
1,0,9,16,trace,phase_controller,0.9999999606424868,1.0544892248192672e-07,0.9999999999975933,0.3806216907630328
1,0,9,16,trace,other,0.9999999811257977,8.368505473396172e-08,0.9999999999950885,0.09139700841166185
1,0,9,16,trace,predictor,0.0,0.0,0.0,0.0
1,0,9,16,instant,embedding,0.6797103584357039,0.7338524114785188,0.7030664390767856,0.12158031565928698
1,0,9,16,instant,decoder,1.0000000100338975,8.490778842144873e-08,0.9999999999975462,0.3661610620580003
1,0,9,16,instant,decay,0.9888840306072881,0.4112480022871197,1.372311469836398,0.0004331847661014885
1,0,9,16,instant,phase,0.9678707242769347,0.7743806499217399,0.2354506734230162,0.0383178929953084
1,0,9,16,instant,write,-0.16687139377646726,1.232766920767565,0.5731017889950333,0.0014885363267127623
1,0,9,16,instant,phase_controller,0.9613264504501771,0.7766336802666509,0.23516643169793644,0.3806216907630328
1,0,9,16,instant,other,0.9999999811257977,8.368505473396172e-08,0.9999999999950885,0.09139700841166185
1,0,9,16,instant,predictor,0.0,0.0,0.0,0.0
1,0,9,32,trace,embedding,1.000000013901533,1.2837730147883214e-07,1.0000000834966825,0.10101608079593195
1,0,9,32,trace,decoder,0.9999999254910764,9.575712977539786e-08,0.9999999999973944,0.46720214237735025
1,0,9,32,trace,decay,0.9999999130402306,7.614631010684575e-08,0.9999999999424699,0.0009584200635471313
1,0,9,32,trace,phase,0.9999999745090079,2.331291387229344e-07,1.0000001543408803,0.029564259825804476
1,0,9,32,trace,write,0.7146839391407193,0.69948333756478,0.7076062633566758,0.0015055125139672766
1,0,9,32,trace,phase_controller,1.0000000318666158,3.0787472033936305e-07,1.000000291843983,0.29769980246961997
1,0,9,32,trace,other,0.9999999657789431,1.0319778425876266e-07,0.9999999999944248,0.10205385103200448
1,0,9,32,trace,predictor,0.0,0.0,0.0,0.0
1,0,9,32,instant,embedding,0.6885502426559011,0.7304327422443896,0.7759212807203182,0.10101608079593195
1,0,9,32,instant,decoder,0.9999999254910764,9.575712977539786e-08,0.9999999999973944,0.46720214237735025
1,0,9,32,instant,decay,0.8708085360203639,0.5139635260818477,0.7209217196644273,0.0009584200635471313
1,0,9,32,instant,phase,0.9868569623453215,0.7390843575747716,0.2656549586079636,0.029564259825804476
1,0,9,32,instant,write,-0.010238171660297382,1.1340889798686546,0.5247967857576187,0.0015055125139672766
1,0,9,32,instant,phase_controller,0.9674880768505337,0.7448368330658075,0.2669061516526866,0.29769980246961997
1,0,9,32,instant,other,0.9999999657789431,1.0319778425876266e-07,0.9999999999944248,0.10205385103200448
1,0,9,32,instant,predictor,0.0,0.0,0.0,0.0
1,0,9,64,trace,embedding,0.9999999527588405,1.345636716977879e-07,0.9999999061918942,0.08845804726104481
1,0,9,64,trace,decoder,1.0000000027843754,1.6765028916623356e-07,1.000000078386062,0.5066557155890251
1,0,9,64,trace,decay,1.0000000702651322,1.8793822717930862e-07,0.999999895698825,0.0011190966892569158
1,0,9,64,trace,phase,1.0000000419106154,2.611683193221743e-07,1.000000171659234,0.026409924526540972
1,0,9,64,trace,write,0.7039185804717932,0.7107903030198858,0.7308301823445753,0.001740762218169727
1,0,9,64,trace,phase_controller,0.9999999256010906,8.729293848940666e-08,1.0000001083187644,0.2653280982347894
1,0,9,64,trace,other,1.0000001066232997,2.138831269487641e-07,0.9999998319803917,0.11028818583816502
1,0,9,64,trace,predictor,0.0,0.0,0.0,0.0
1,0,9,64,instant,embedding,0.7004955003361751,0.7233709556717457,0.8186498636304641,0.08845804726104481
1,0,9,64,instant,decoder,1.0000000027843754,1.6765028916623356e-07,1.000000078386062,0.5066557155890251
1,0,9,64,instant,decay,0.980004180864763,0.2743625483505127,0.7911043809961484,0.0011190966892569158
1,0,9,64,instant,phase,0.9859138822204706,0.7185820201582284,0.287067471238408,0.026409924526540972
1,0,9,64,instant,write,0.04105279265858284,1.1201449937954873,0.5474223538954228,0.001740762218169727
1,0,9,64,instant,phase_controller,0.9604891958555171,0.724324043854507,0.291770389876168,0.2653280982347894
1,0,9,64,instant,other,1.0000001066232997,2.138831269487641e-07,0.9999998319803917,0.11028818583816502
1,0,9,64,instant,predictor,0.0,0.0,0.0,0.0
1,0,9,128,trace,embedding,0.9999999703163296,1.6916759291934068e-07,0.9999999999937461,0.08770173254624869
1,0,9,128,trace,decoder,1.000000089161163,2.270924824937964e-07,1.000000079298185,0.484450014383988
1,0,9,128,trace,decay,0.9999999570900285,4.2897001802225174e-07,1.0000002007598119,0.0011804236056037413
1,0,9,128,trace,phase,1.000000026225947,1.6496845042234952e-07,0.9999999999886735,0.026737478544500155
1,0,9,128,trace,write,0.731784523469873,0.6815439528148357,0.7285390576522867,0.0019085434845449018
1,0,9,128,trace,phase_controller,1.0000000927678379,9.705129318093967e-08,0.9999999999964252,0.26839796658849846
1,0,9,128,trace,other,1.0000001109369134,2.9515942008865806e-07,0.9999999233418275,0.12962416899644977
1,0,9,128,trace,predictor,0.0,0.0,0.0,0.0
1,0,9,128,instant,embedding,0.7008587898917786,0.7230500320900337,0.819201229503379,0.08770173254624869
1,0,9,128,instant,decoder,1.000000089161163,2.270924824937964e-07,1.000000079298185,0.484450014383988
1,0,9,128,instant,decay,0.9706944307044401,0.3116830960567984,0.7722148417186703,0.0011804236056037413
1,0,9,128,instant,phase,0.9197417592524895,0.7740591804731032,0.2525891376401476,0.026737478544500155
1,0,9,128,instant,write,0.09059334541047148,1.0886234737300908,0.5302613263139768,0.0019085434845449018
1,0,9,128,instant,phase_controller,0.8863979561208547,0.7812608071485129,0.2570573694454971,0.26839796658849846
1,0,9,128,instant,other,1.0000001109369134,2.9515942008865806e-07,0.9999999233418275,0.12962416899644977
1,0,9,128,instant,predictor,0.0,0.0,0.0,0.0
1,1,9,2,trace,embedding,0.9999570444357883,0.009950637034762075,1.0035682573199896,0.1304264679978189
1,1,9,2,trace,decoder,0.9999999623510262,0.0,0.9999999999991219,0.6872633313839054
1,1,9,2,trace,decay,0.999999992497021,0.004497052037680245,0.9955048699859748,0.0009017013985984062
1,1,9,2,trace,phase,1.0000000348748181,0.0,0.9999999999595661,0.0003240604716699515
1,1,9,2,trace,write,0.9631155989865013,0.3025592655259613,0.8247912185218571,0.0013947470352699055
1,1,9,2,trace,phase_controller,1.0000000318875628,0.0,0.9999999999872666,0.003267620931651794
1,1,9,2,trace,other,0.9999610932740773,0.008798496736934074,0.9994572083386467,0.17642354463177057
1,1,9,2,trace,predictor,0.0,0.0,0.0,0.0
1,1,9,2,instant,embedding,0.9597914256695784,0.2887893014502486,0.8919766947837809,0.1304264679978189
1,1,9,2,instant,decoder,0.9999999623510262,0.0,0.9999999999991219,0.6872633313839054
1,1,9,2,instant,decay,0.9989068067005739,0.14734157714050752,1.138636021495205,0.0009017013985984062
1,1,9,2,instant,phase,1.0000000348748181,0.0,0.9999999999595661,0.0003240604716699515
1,1,9,2,instant,write,0.9849785556001026,0.17419943448494563,1.00796623017514,0.0013947470352699055
1,1,9,2,instant,phase_controller,1.0000000318875628,0.0,0.9999999999872666,0.003267620931651794
1,1,9,2,instant,other,0.9999610932740773,0.008798496736934074,0.9994572083386467,0.17642354463177057
1,1,9,2,instant,predictor,0.0,0.0,0.0,0.0
1,1,9,4,trace,embedding,0.9999076637295111,0.013626458213748709,0.9986774014325458,0.13922203660923033
1,1,9,4,trace,decoder,1.0000000018271982,3.915361071771403e-08,1.0000000755018579,0.6534621922402603
1,1,9,4,trace,decay,0.9999998838925288,0.009414247098420815,0.9905935655187981,0.0006612132429975825
1,1,9,4,trace,phase,0.9999994673597895,0.007982996298588809,0.9920874021445474,0.0018063648496193796
1,1,9,4,trace,write,0.9816782389469562,0.4253175290019185,1.3619236592725836,0.0013415550958717655
1,1,9,4,trace,phase_controller,0.9999995635913737,0.007986788468850953,0.9920867819775627,0.018310545764416656
1,1,9,4,trace,other,0.9998137962313988,0.019402678156413174,0.9976411411509056,0.18519760207336783
1,1,9,4,trace,predictor,0.0,0.0,0.0,0.0
1,1,9,4,instant,embedding,0.9231877526618444,0.3869057180478489,0.8787853259992006,0.13922203660923033
1,1,9,4,instant,decoder,1.0000000018271982,3.915361071771403e-08,1.0000000755018579,0.6534621922402603
1,1,9,4,instant,decay,0.935212951846269,0.42961106841484165,1.1785010660997042,0.0006612132429975825
1,1,9,4,instant,phase,0.9606783605873936,0.3601786996394876,0.7312624308720205,0.0018063648496193796
1,1,9,4,instant,write,0.9778306501350815,0.3256395910600388,1.2272178081065437,0.0013415550958717655
1,1,9,4,instant,phase_controller,0.9592137884795263,0.3563622550208706,0.7422222660686713,0.018310545764416656
1,1,9,4,instant,other,0.9998137962313988,0.019402678156413174,0.9976411411509056,0.18519760207336783
1,1,9,4,instant,predictor,0.0,0.0,0.0,0.0
1,1,9,8,trace,embedding,0.9998366498714776,0.018088317055209704,0.9987915029399276,0.13274822673438216
1,1,9,8,trace,decoder,0.9999999302847556,6.76220885256855e-08,1.0000001039438544,0.4398594070665722
1,1,9,8,trace,decay,0.9999774546454047,0.006761392067377158,0.999216209574905,0.0010334774029718266
1,1,9,8,trace,phase,0.9999996852697707,0.001996075010484374,0.9980519298976512,0.023203973227079254
1,1,9,8,trace,write,0.9379075308588454,0.35883066920208834,0.8460914025820311,0.0012025859613067397
1,1,9,8,trace,phase_controller,0.9999992073901421,0.0022367199603160613,0.998112192941268,0.2297081555085212
1,1,9,8,trace,other,0.9997993995336635,0.020028428356049646,1.0003858683134617,0.17224485961077685
1,1,9,8,trace,predictor,0.0,0.0,0.0,0.0
1,1,9,8,instant,embedding,0.8291155691447596,0.5646441385793485,0.9082115549091836,0.13274822673438216
1,1,9,8,instant,decoder,0.9999999302847556,6.76220885256855e-08,1.0000001039438544,0.4398594070665722
1,1,9,8,instant,decay,0.9356728426139778,0.6387597481856967,1.468117804661275,0.0010334774029718266
1,1,9,8,instant,phase,0.9830769135364635,0.5647418207431677,0.44887305988882903,0.023203973227079254
1,1,9,8,instant,write,0.6723092793025975,0.8755896905231124,1.1399171099927807,0.0012025859613067397
1,1,9,8,instant,phase_controller,0.9754169891127075,0.5686839858152986,0.45116535352888176,0.2297081555085212
1,1,9,8,instant,other,0.9997993995336635,0.020028428356049646,1.0003858683134617,0.17224485961077685
1,1,9,8,instant,predictor,0.0,0.0,0.0,0.0
1,1,9,16,trace,embedding,0.9971929992302144,0.07492063554543996,0.9998531841743125,0.10761150438453339
1,1,9,16,trace,decoder,0.9999999261164505,9.547056046572202e-08,0.9999999999974797,0.44194569737876305
1,1,9,16,trace,decay,0.9966926938998149,0.0884441277585345,1.0315989536205872,0.0004254618917305684
1,1,9,16,trace,phase,0.9980170678096802,0.06766543842010615,0.9731858685297208,0.018178900469195035
1,1,9,16,trace,write,0.8506284997613498,0.5514504345658576,1.0169611946631718,0.0009864116101472938
1,1,9,16,trace,phase_controller,0.9980261447486942,0.06749337873234872,0.9732993843819961,0.1804186992231056
1,1,9,16,trace,other,0.9993126330412091,0.03826261416212261,1.0088137762691942,0.25043346866119137
1,1,9,16,trace,predictor,0.0,0.0,0.0,0.0
1,1,9,16,instant,embedding,0.8532257591800418,0.5315572957275019,0.9559245815681261,0.10761150438453339
1,1,9,16,instant,decoder,0.9999999261164505,9.547056046572202e-08,0.9999999999974797,0.44194569737876305
1,1,9,16,instant,decay,0.9550635508033049,0.46555672509564,1.3140753933359344,0.0004254618917305684
1,1,9,16,instant,phase,0.9194034028366751,0.5982243968468223,0.46865408718033286,0.018178900469195035
1,1,9,16,instant,write,0.8922266683272655,0.4851484090615719,1.0695329587015294,0.0009864116101472938
1,1,9,16,instant,phase_controller,0.9095969681077096,0.6055157105848914,0.46912480299714954,0.1804186992231056
1,1,9,16,instant,other,0.9993126330412091,0.03826261416212261,1.0088137762691942,0.25043346866119137
1,1,9,16,instant,predictor,0.0,0.0,0.0,0.0
1,1,9,32,trace,embedding,0.9956401531482715,0.09341881800521491,1.000756533809461,0.07760668672548539
1,1,9,32,trace,decoder,0.999999924366952,1.0298997143255306e-07,0.9999999999973529,0.34824529416187705
1,1,9,32,trace,decay,0.9955834925512287,0.09388192627843817,0.9961798737593305,0.0004120193335201855
1,1,9,32,trace,phase,0.9986476035119832,0.06054235718491022,0.9676238326669863,0.03735138783393606
1,1,9,32,trace,write,0.6764995964577041,0.7832312075467895,0.9431508531037516,0.0005618931535374355
1,1,9,32,trace,phase_controller,0.9986488090054662,0.06046172457414676,0.9677435681561537,0.3696706842068202
1,1,9,32,trace,other,0.9982340703171353,0.06181421700205902,1.015328942841106,0.16615219101894238
1,1,9,32,trace,predictor,0.0,0.0,0.0,0.0
1,1,9,32,instant,embedding,0.870992227207532,0.5048697581971299,0.9872707796069888,0.07760668672548539
1,1,9,32,instant,decoder,0.999999924366952,1.0298997143255306e-07,0.9999999999973529,0.34824529416187705
1,1,9,32,instant,decay,0.8132329836449425,0.619358856077592,1.0252549479552975,0.0004120193335201855
1,1,9,32,instant,phase,0.9869755995192957,0.7666833481115993,0.23735955512726634,0.03735138783393606
1,1,9,32,instant,write,0.8927684368263268,0.509466613081474,1.1306587474338226,0.0005618931535374355
1,1,9,32,instant,phase_controller,0.9712511295237499,0.7697921585486153,0.23919329976790601,0.3696706842068202
1,1,9,32,instant,other,0.9982340703171353,0.06181421700205902,1.015328942841106,0.16615219101894238
1,1,9,32,instant,predictor,0.0,0.0,0.0,0.0
1,1,9,64,trace,embedding,0.9920931914348081,0.12867840513161222,1.020493586266221,0.0872049556835922
1,1,9,64,trace,decoder,0.9999998298537162,1.7706128904540413e-07,0.9999999999972841,0.350095268991026
1,1,9,64,trace,decay,0.987305699898957,0.207786092969265,0.8533363642335298,0.00027679725767510403
1,1,9,64,trace,phase,0.9872979965930974,0.16885875210839832,0.9301102988467035,0.03471285988465073
1,1,9,64,trace,write,0.7768533429765646,0.7976526546520992,1.266496864626921,0.0004247114454768021
1,1,9,64,trace,phase_controller,0.9873686997695831,0.16820068977105326,0.930902399447202,0.3453675069780039
1,1,9,64,trace,other,0.9957297087623009,0.0944480371862236,1.0156772875178757,0.18191789932152888
1,1,9,64,trace,predictor,0.0,0.0,0.0,0.0
1,1,9,64,instant,embedding,0.8824681349262629,0.4734124251803253,0.9360321157090451,0.0872049556835922
1,1,9,64,instant,decoder,0.9999998298537162,1.7706128904540413e-07,0.9999999999972841,0.350095268991026
1,1,9,64,instant,decay,0.6927927156116371,0.8187418716594353,1.0804779859750047,0.00027679725767510403
1,1,9,64,instant,phase,0.9897531257008138,0.7350718997321389,0.2686830714514315,0.03471285988465073
1,1,9,64,instant,write,0.8672035657734192,0.5811446495958392,1.1668218374301684,0.0004247114454768021
1,1,9,64,instant,phase_controller,0.973156482140559,0.7404115321562088,0.26942160327795983,0.3453675069780039
1,1,9,64,instant,other,0.9957297087623009,0.0944480371862236,1.0156772875178757,0.18191789932152888
1,1,9,64,instant,predictor,0.0,0.0,0.0,0.0
1,1,9,128,trace,embedding,0.9874364534604225,0.1638209880520265,1.0306656199328659,0.08403839855236929
1,1,9,128,trace,decoder,0.9999999585437361,2.404645177366511e-07,0.9999999186611263,0.3456035780004037
1,1,9,128,trace,decay,0.9661183012075382,0.2912849003388812,0.8310936876516988,0.00021336532590724393
1,1,9,128,trace,phase,0.9703539756384373,0.2566903847393066,0.8838848175053831,0.03497162465357063
1,1,9,128,trace,write,0.7805813749071403,0.8961558474253917,1.4227667826331492,0.00037482794870514005
1,1,9,128,trace,phase_controller,0.9705630135588079,0.25551006890868505,0.8852518924496422,0.3483853592639881
1,1,9,128,trace,other,0.9915974134147079,0.13305964992824496,1.0227513427289854,0.18641290516063366
1,1,9,128,trace,predictor,0.0,0.0,0.0,0.0
1,1,9,128,instant,embedding,0.8760307096360758,0.48671083344341937,0.9417361220849155,0.08403839855236929
1,1,9,128,instant,decoder,0.9999999585437361,2.404645177366511e-07,0.9999999186611263,0.3456035780004037
1,1,9,128,instant,decay,0.639704099669891,0.8459636099712141,0.9930817895273631,0.00021336532590724393
1,1,9,128,instant,phase,0.9880668772791411,0.7559379991095919,0.24798680393289985,0.03497162465357063
1,1,9,128,instant,write,0.814692291098916,0.6732674130271695,1.1567631672189385,0.00037482794870514005
1,1,9,128,instant,phase_controller,0.9740493834794379,0.760263294715594,0.24825841025373302,0.3483853592639881
1,1,9,128,instant,other,0.9915974134147079,0.13305964992824496,1.0227513427289854,0.18641290516063366
1,1,9,128,instant,predictor,0.0,0.0,0.0,0.0
2,0,9,2,trace,embedding,0.9968660202803729,0.07940689858224698,1.0037336422973944,0.03868218902389357
2,0,9,2,trace,decoder,0.9999999418628244,0.0,0.9999999999993542,0.519725058685225
2,0,9,2,trace,decay,0.9994406102457728,0.07601299897732834,0.9311798876958349,0.00010474341213517136
2,0,9,2,trace,phase,1.0000000767995318,0.0,0.9999999999562077,0.00011301610154707094
2,0,9,2,trace,write,0.998186277655968,0.06252346756293234,0.9813069313532944,0.0026771549511277453
2,0,9,2,trace,phase_controller,0.9999999186357529,0.0,0.9999999999869444,0.0012716091668483278
2,0,9,2,trace,other,0.9976871652740553,0.06812150173773922,0.9931719510175252,0.4374257524660218
2,0,9,2,trace,predictor,0.0,0.0,0.0,0.0
2,0,9,2,instant,embedding,0.9960054723586144,0.09322575238238716,0.9692103254099649,0.03868218902389357
2,0,9,2,instant,decoder,0.9999999418628244,0.0,0.9999999999993542,0.519725058685225
2,0,9,2,instant,decay,0.9765915559040916,0.25955840304632616,1.1218556691261483,0.00010474341213517136
2,0,9,2,instant,phase,1.0000000767995318,0.0,0.9999999999562077,0.00011301610154707094
2,0,9,2,instant,write,0.996853938563502,0.09877885039570256,0.9379051873144209,0.0026771549511277453
2,0,9,2,instant,phase_controller,0.9999999186357529,0.0,0.9999999999869444,0.0012716091668483278
2,0,9,2,instant,other,0.9976871652740553,0.06812150173773922,0.9931719510175252,0.4374257524660218
2,0,9,2,instant,predictor,0.0,0.0,0.0,0.0
2,0,9,4,trace,embedding,0.9812038006039744,0.19300889927056508,0.9848727921663465,0.04785756764838108
2,0,9,4,trace,decoder,1.0000000533269706,2.310113844548325e-08,0.9999999999990072,0.42581012557308123
2,0,9,4,trace,decay,0.9983393584476736,0.09809746744035716,0.918937504113028,0.00012676778775475405
2,0,9,4,trace,phase,0.996014615228713,0.09189154460575058,1.018128612518837,0.0026631947965111047
2,0,9,4,trace,write,0.995942704936234,0.09117668345906166,1.0106051779763319,0.002309825112990137
2,0,9,4,trace,phase_controller,0.9960498902592623,0.09142534995058214,1.0178184273144952,0.02662066014558809
2,0,9,4,trace,other,0.992053536582121,0.12583635018513337,0.9898039335377271,0.49461240749737073
2,0,9,4,trace,predictor,0.0,0.0,0.0,0.0
2,0,9,4,instant,embedding,0.9632020361468093,0.2737589440102362,0.9112218107653071,0.04785756764838108
2,0,9,4,instant,decoder,1.0000000533269706,2.310113844548325e-08,0.9999999999990072,0.42581012557308123
2,0,9,4,instant,decay,0.8234927338103989,0.6397242589052177,1.1191063688967278,0.00012676778775475405
2,0,9,4,instant,phase,0.984611472771832,0.32425582526307234,0.7114781595996204,0.0026631947965111047
2,0,9,4,instant,write,0.958973548852367,0.294760885416423,0.8782636830125374,0.002309825112990137
2,0,9,4,instant,phase_controller,0.9741258203279296,0.3321969718468983,0.7306591079978508,0.02662066014558809
2,0,9,4,instant,other,0.992053536582121,0.12583635018513337,0.9898039335377271,0.49461240749737073
2,0,9,4,instant,predictor,0.0,0.0,0.0,0.0
2,0,9,8,trace,embedding,0.8831691536039293,0.47650780270470827,0.967119124879979,0.016560936474875936
2,0,9,8,trace,decoder,0.999999981416256,7.009983860822157e-08,0.999999999998464,0.07660130435339284
2,0,9,8,trace,decay,0.703652249418579,0.7106972427057914,0.7183811531012342,0.00016919608543491027
2,0,9,8,trace,phase,0.9761233659902373,0.3486290873976847,0.7034348504394081,0.07563868373361755
2,0,9,8,trace,write,0.8730616090576203,0.49226711262910183,0.8055066621398258,0.0005218482520749785
2,0,9,8,trace,phase_controller,0.9761270505782428,0.34826382101200976,0.7038928203855571,0.7488669039560998
2,0,9,8,trace,other,0.7729533885873943,0.6626547160688752,0.9641803132272716,0.0816407412387607
2,0,9,8,trace,predictor,0.0,0.0,0.0,0.0
2,0,9,8,instant,embedding,0.7398349760535906,0.6732912409434674,0.7658502885765551,0.016560936474875936
2,0,9,8,instant,decoder,0.999999981416256,7.009983860822157e-08,0.999999999998464,0.07660130435339284
2,0,9,8,instant,decay,0.520431092154233,0.8543341954066345,0.5475497810314458,0.00016919608543491027
2,0,9,8,instant,phase,0.7655693092639964,0.9140624013847481,0.11625715328934072,0.07563868373361755
2,0,9,8,instant,write,0.45287759673774136,1.0122057755795533,0.9321046929379897,0.0005218482520749785
2,0,9,8,instant,phase_controller,0.7157323747802522,0.9141393691513279,0.12588195147118764,0.7488669039560998
2,0,9,8,instant,other,0.7729533885873943,0.6626547160688752,0.9641803132272716,0.0816407412387607
2,0,9,8,instant,predictor,0.0,0.0,0.0,0.0
2,0,9,16,trace,embedding,0.8029479409611605,0.5985796794165448,0.8579307464211667,0.02680714979353418
2,0,9,16,trace,decoder,1.000000016315319,1.1780469640033634e-07,0.9999999359443287,0.11090036688082058
2,0,9,16,trace,decay,0.7920338049416353,0.6117061185233335,0.8307886477345071,0.0003593949325392174
2,0,9,16,trace,phase,0.9920144725332165,0.5658434890506931,0.44040613773074794,0.06725619433342148
2,0,9,16,trace,write,0.8359499136277188,0.5490231419846024,0.8514052272898159,0.0017255307773971235
2,0,9,16,trace,phase_controller,0.9913152652604156,0.5652768891485889,0.4415481103251057,0.6658773541642421
2,0,9,16,trace,other,0.8420622012471884,0.5570196476593581,0.9811274893455543,0.12707364667571255
2,0,9,16,trace,predictor,0.0,0.0,0.0,0.0
2,0,9,16,instant,embedding,0.629049433064067,0.7797706425659645,0.6902489120940051,0.02680714979353418
2,0,9,16,instant,decoder,1.000000016315319,1.1780469640033634e-07,0.9999999359443287,0.11090036688082058
2,0,9,16,instant,decay,0.6688283692744994,0.7631443462347365,0.49643165486595864,0.0003593949325392174
2,0,9,16,instant,phase,0.07707675071094336,1.0104915788508997,0.24149800054975995,0.06725619433342148
2,0,9,16,instant,write,0.6807615264306788,0.7390186237430578,0.5828589632368906,0.0017255307773971235
2,0,9,16,instant,phase_controller,0.08151067985669973,1.0105201554571734,0.24822888270536062,0.6658773541642421
2,0,9,16,instant,other,0.8420622012471884,0.5570196476593581,0.9811274893455543,0.12707364667571255
2,0,9,16,instant,predictor,0.0,0.0,0.0,0.0
2,0,9,32,trace,embedding,0.7928939077819075,0.6093780230178474,0.7881517702900315,0.008975729092587245
2,0,9,32,trace,decoder,1.000000057354251,9.910196710587888e-08,0.9999999999977252,0.03102075707103163
2,0,9,32,trace,decay,0.9773779063386026,0.21155355428124337,0.9726662317390925,0.00034569588365053575
2,0,9,32,trace,phase,0.9527324423588758,0.5747715472346303,0.46481700427550193,0.08496218338308911
2,0,9,32,trace,write,0.7268759304248934,0.6870238453382662,0.7081568548603961,0.0004657026022269044
2,0,9,32,trace,phase_controller,0.9526141199437335,0.5745893849468248,0.46514480077360226,0.8392911389796573
2,0,9,32,trace,other,0.7520434779949449,0.6803446516160709,0.9206791864880449,0.03493851669824257
2,0,9,32,trace,predictor,0.0,0.0,0.0,0.0
2,0,9,32,instant,embedding,0.5547450008588872,0.8352448748129357,0.6280674184496051,0.008975729092587245
2,0,9,32,instant,decoder,1.000000057354251,9.910196710587888e-08,0.9999999999977252,0.03102075707103163
2,0,9,32,instant,decay,0.9172661987416865,0.732839506117402,0.302098758904031,0.00034569588365053575
2,0,9,32,instant,phase,0.09727088251923867,0.9952768266580229,0.1033857424826087,0.08496218338308911
2,0,9,32,instant,write,0.43959521054935674,0.9024886462810883,0.5275139357219468,0.0004657026022269044
2,0,9,32,instant,phase_controller,0.09615420996629179,0.9954319101426677,0.10755146061456793,0.8392911389796573
2,0,9,32,instant,other,0.7520434779949449,0.6803446516160709,0.9206791864880449,0.03493851669824257
2,0,9,32,instant,predictor,0.0,0.0,0.0,0.0
2,0,9,64,trace,embedding,0.8218383553534897,0.5701724730593779,0.8445376708309811,0.008744037679353776
2,0,9,64,trace,decoder,0.9999999657954473,1.749143948450895e-07,1.0000000705588203,0.03381139376653069
2,0,9,64,trace,decay,0.9777051550021759,0.21186412544032107,0.9495316629264923,0.00048009569919534956
2,0,9,64,trace,phase,0.9585582947092902,0.6001639337675414,0.43032484922888536,0.08469255916444314
2,0,9,64,trace,write,0.6862899790441078,0.7276423711929129,0.7076776168286203,0.0004985188305339571
2,0,9,64,trace,phase_controller,0.9583793929601999,0.5999451107609103,0.4307192158405774,0.8366668728164286
2,0,9,64,trace,other,0.7873459088725997,0.6364257761699516,0.9453048509008859,0.0351068580698757
2,0,9,64,trace,predictor,0.0,0.0,0.0,0.0
2,0,9,64,instant,embedding,0.5947592041753266,0.8092012458566328,0.687198919668359,0.008744037679353776
2,0,9,64,instant,decoder,0.9999999657954473,1.749143948450895e-07,1.0000000705588203,0.03381139376653069
2,0,9,64,instant,decay,0.9128263731431523,0.7601470314322613,0.27167462926092145,0.00048009569919534956
2,0,9,64,instant,phase,0.05956768045053517,0.9996788199963734,0.11347441282313354,0.08469255916444314
2,0,9,64,instant,write,0.39755129246046683,0.9223860921568836,0.49158904701081757,0.0004985188305339571
2,0,9,64,instant,phase_controller,0.0609826502034674,0.999962779262853,0.12135260894662717,0.8366668728164286
2,0,9,64,instant,other,0.7873459088725997,0.6364257761699516,0.9453048509008859,0.0351068580698757
2,0,9,64,instant,predictor,0.0,0.0,0.0,0.0
2,0,9,128,trace,embedding,0.8021362548846676,0.5986710441815493,0.7593695061802744,0.007681243215645331
2,0,9,128,trace,decoder,1.0000000015260953,2.1696259284901152e-07,1.0000001409673147,0.022691528302385966
2,0,9,128,trace,decay,0.9858898190457642,0.16800096969582512,0.9716388641347891,0.00043302931846775914
2,0,9,128,trace,phase,0.944488120226714,0.6025296695257923,0.439414012567506,0.08676497178227172
2,0,9,128,trace,write,0.6101916559190953,0.7935609827613624,0.6557235336228084,0.000392201504178489
2,0,9,128,trace,phase_controller,0.9443897323994359,0.6023729563461909,0.43968692369073775,0.8569848717533687
2,0,9,128,trace,other,0.7360153020099853,0.6987772019291553,0.9092445879204243,0.025052022502072113
2,0,9,128,trace,predictor,0.0,0.0,0.0,0.0
2,0,9,128,instant,embedding,0.5083804050111539,0.8656032887920225,0.5962381747858314,0.007681243215645331
2,0,9,128,instant,decoder,1.0000000015260953,2.1696259284901152e-07,1.0000001409673147,0.022691528302385966
2,0,9,128,instant,decay,0.9293012398891067,0.7653679290200545,0.2589364840290542,0.00043302931846775914
2,0,9,128,instant,phase,0.00540749550510924,1.0039760023962678,0.09483335603009432,0.08676497178227172
2,0,9,128,instant,write,0.3068726164050824,0.9625855869979584,0.45089295047942163,0.000392201504178489
2,0,9,128,instant,phase_controller,0.00765331968634067,1.0041860587595026,0.09956738997645123,0.8569848717533687
2,0,9,128,instant,other,0.7360153020099853,0.6987772019291553,0.9092445879204243,0.025052022502072113
2,0,9,128,instant,predictor,0.0,0.0,0.0,0.0
2,1,9,2,trace,embedding,0.9648921199830056,0.3130393166216296,0.7945677137796763,0.09151146649984304
2,1,9,2,trace,decoder,0.9999999607720321,0.0,0.999999999999303,0.43937012605569836
2,1,9,2,trace,decay,0.9826792104340043,0.18914037543173404,0.944832539097538,0.0001812615665716449
2,1,9,2,trace,phase,0.9999999462942396,0.0,0.9999999999764999,0.0003864940134756259
2,1,9,2,trace,write,0.9617477853941717,0.401800327152979,0.6678052755154084,0.0023208804942977997
2,1,9,2,trace,phase_controller,0.999999975472703,0.0,0.9999999999930642,0.004437043126797144
2,1,9,2,trace,other,0.9914939110327715,0.1375297000040317,0.9470536971853797,0.4617931059105914
2,1,9,2,trace,predictor,0.0,0.0,0.0,0.0
2,1,9,2,instant,embedding,0.9719736339860242,0.2659482605592624,0.8476312716011826,0.09151146649984304
2,1,9,2,instant,decoder,0.9999999607720321,0.0,0.999999999999303,0.43937012605569836
2,1,9,2,instant,decay,0.6511381802260249,0.889728356273691,1.1154633195649986,0.0001812615665716449
2,1,9,2,instant,phase,0.9999999462942396,0.0,0.9999999999764999,0.0003864940134756259
2,1,9,2,instant,write,0.9424163433311674,0.34740450196848355,0.8484038064660366,0.0023208804942977997
2,1,9,2,instant,phase_controller,0.999999975472703,0.0,0.9999999999930642,0.004437043126797144
2,1,9,2,instant,other,0.9914939110327715,0.1375297000040317,0.9470536971853797,0.4617931059105914
2,1,9,2,instant,predictor,0.0,0.0,0.0,0.0
2,1,9,4,trace,embedding,0.878579282735042,0.4778185936340917,0.8640043252515008,0.08931125834001075
2,1,9,4,trace,decoder,1.0000000450127422,4.491681575454149e-08,0.9999999999989805,0.48754963492074466
2,1,9,4,trace,decay,0.9142159047202653,0.40808687057280035,0.8659908534156178,0.0004449163372453703
2,1,9,4,trace,phase,0.9923312056769856,0.12410024830607856,1.0033918086913614,0.0020296889562077666
2,1,9,4,trace,write,0.9228520663585645,0.43232165475692486,0.7264898494490297,0.002631848612030169
2,1,9,4,trace,phase_controller,0.9930611276162135,0.11819418550470133,1.0048977373549044,0.023416287394861082
2,1,9,4,trace,other,0.981042040189441,0.19776540271164988,0.9416050170475203,0.3946159279268
2,1,9,4,trace,predictor,0.0,0.0,0.0,0.0
2,1,9,4,instant,embedding,0.9531591317157077,0.309213639115037,0.888928627280047,0.08931125834001075
2,1,9,4,instant,decoder,1.0000000450127422,4.491681575454149e-08,0.9999999999989805,0.48754963492074466
2,1,9,4,instant,decay,0.6981859612728664,0.7196905401223447,0.6245771662038667,0.0004449163372453703
2,1,9,4,instant,phase,0.8169132222645371,0.6523299539540507,0.5121483990101654,0.0020296889562077666
2,1,9,4,instant,write,0.9487541417228099,0.39215882553328696,0.7165405990520662,0.002631848612030169
2,1,9,4,instant,phase_controller,0.8141672179455615,0.6653956146038825,0.4891758853618053,0.023416287394861082
2,1,9,4,instant,other,0.981042040189441,0.19776540271164988,0.9416050170475203,0.3946159279268
2,1,9,4,instant,predictor,0.0,0.0,0.0,0.0
2,1,9,8,trace,embedding,0.9624991688012405,0.28897497327950905,0.862945589770333,0.06941154058142518
2,1,9,8,trace,decoder,1.0000000235260538,6.135676016665205e-08,0.9999999094384083,0.2620533436395601
2,1,9,8,trace,decay,0.9926732576516499,0.13358772763060422,0.9356987755222739,0.0005018022249321197
2,1,9,8,trace,phase,0.9996145785381315,0.028156555308765353,1.0043195109564853,0.03956266314134311
2,1,9,8,trace,write,0.9604541623745464,0.2911216913822095,1.0454487466418423,0.0018975784465501675
2,1,9,8,trace,phase_controller,0.9995652337958278,0.029862438232443115,1.004275872604151,0.39529373387058286
2,1,9,8,trace,other,0.9357751269339122,0.35392256359415303,0.9051741713731473,0.23127944862301408
2,1,9,8,trace,predictor,0.0,0.0,0.0,0.0
2,1,9,8,instant,embedding,0.791032369288246,0.6128348664774241,0.7549913902389184,0.06941154058142518
2,1,9,8,instant,decoder,1.0000000235260538,6.135676016665205e-08,0.9999999094384083,0.2620533436395601
2,1,9,8,instant,decay,0.7524768671067104,0.7258061282284086,0.44749149498830315,0.0005018022249321197
2,1,9,8,instant,phase,0.9737104678378599,0.5996481904784627,0.419012228551837,0.03956266314134311
2,1,9,8,instant,write,0.8186245233102118,0.597971502018593,0.6521437996317624,0.0018975784465501675
2,1,9,8,instant,phase_controller,0.9667764582706642,0.6015226279849195,0.4222711394299394,0.39529373387058286
2,1,9,8,instant,other,0.9357751269339122,0.35392256359415303,0.9051741713731473,0.23127944862301408
2,1,9,8,instant,predictor,0.0,0.0,0.0,0.0
2,1,9,16,trace,embedding,0.9291542881807063,0.37853806057599165,0.8477987334302728,0.0788383716541575
2,1,9,16,trace,decoder,1.0000000562772882,8.220346201579635e-08,0.9999999999978619,0.35744546703505087
2,1,9,16,trace,decay,0.9868726028290792,0.16202470813588776,0.9738565159383458,0.0010243336891678394
2,1,9,16,trace,phase,0.9153254336202069,0.41000149823247,0.9922790873139178,0.02441607754104941
2,1,9,16,trace,write,0.9774518959596975,0.2482378233427789,0.8469361944080196,0.0024349574633111422
2,1,9,16,trace,phase_controller,0.9177791245330441,0.404053820004293,0.9924643275360471,0.24822921392550493
2,1,9,16,trace,other,0.9497767841796911,0.31698126610942,0.899248165164962,0.2876114807321626
2,1,9,16,trace,predictor,0.0,0.0,0.0,0.0
2,1,9,16,instant,embedding,0.8086462258933046,0.5882949270650025,0.8084491274251493,0.0788383716541575
2,1,9,16,instant,decoder,1.0000000562772882,8.220346201579635e-08,0.9999999999978619,0.35744546703505087
2,1,9,16,instant,decay,0.8850865097537017,0.6770261041753559,0.39341343857055266,0.0010243336891678394
2,1,9,16,instant,phase,0.9742374635127995,0.5835271957792953,0.436052850783238,0.02441607754104941
2,1,9,16,instant,write,0.9555546040279906,0.3798076240931125,0.7161001152016192,0.0024349574633111422
2,1,9,16,instant,phase_controller,0.9649587132403766,0.5865275643610935,0.440401937194845,0.24822921392550493
2,1,9,16,instant,other,0.9497767841796911,0.31698126610942,0.899248165164962,0.2876114807321626
2,1,9,16,instant,predictor,0.0,0.0,0.0,0.0
2,1,9,32,trace,embedding,0.9195921810852536,0.4197115276899039,0.7719180364551129,0.0862548695743996
2,1,9,32,trace,decoder,1.0000000557029207,1.1050524574863114e-07,0.9999999999977301,0.2778590913545844
2,1,9,32,trace,decay,0.9892697941533389,0.1463541956841344,0.997902215664985,0.0009781993291025277
2,1,9,32,trace,phase,0.8925074394025879,0.5048317564755573,0.6657373855228411,0.041378800374698814
2,1,9,32,trace,write,0.9435891636686896,0.33124510898489823,0.9344539449694732,0.0011779128637195637
2,1,9,32,trace,phase_controller,0.8930340041784953,0.502101784409868,0.6702871556349026,0.41292561958414836
2,1,9,32,trace,other,0.9552375119007915,0.29649670187861343,0.935515860903422,0.1794251288591715
2,1,9,32,trace,predictor,0.0,0.0,0.0,0.0
2,1,9,32,instant,embedding,0.7241185115164906,0.6903142533919927,0.6944283482525567,0.0862548695743996
2,1,9,32,instant,decoder,1.0000000557029207,1.1050524574863114e-07,0.9999999999977301,0.2778590913545844
2,1,9,32,instant,decay,0.8387298560269716,0.738809216113423,0.33942337331879563,0.0009781993291025277
2,1,9,32,instant,phase,0.4591011276870529,0.9166776083174423,0.2331105676400641,0.041378800374698814
2,1,9,32,instant,write,0.8484294629880125,0.5333763283651449,0.782681546913977,0.0011779128637195637
2,1,9,32,instant,phase_controller,0.46031088066011355,0.9156357888114415,0.23608973873013922,0.41292561958414836
2,1,9,32,instant,other,0.9552375119007915,0.29649670187861343,0.935515860903422,0.1794251288591715
2,1,9,32,instant,predictor,0.0,0.0,0.0,0.0
2,1,9,64,trace,embedding,0.9262472605840734,0.41913526835562126,0.7429216155847377,0.06357865591969668
2,1,9,64,trace,decoder,0.9999999988801355,1.6449497511256582e-07,1.0000001403786571,0.15524060853994173
2,1,9,64,trace,decay,0.9886317229119673,0.17265369972782924,1.0734979532427589,0.0004726364454802087
2,1,9,64,trace,phase,0.9411600244574863,0.42020877359449904,0.6914448428893548,0.060382088975263856
2,1,9,64,trace,write,0.9652601180785917,0.26178792601588063,0.949131084054449,0.0007120318333817663
2,1,9,64,trace,phase_controller,0.9410261645417651,0.4191436630136533,0.6936159573734039,0.599541010282807
2,1,9,64,trace,other,0.946009035338792,0.3243339770557451,0.934782693708469,0.12007267692223252
2,1,9,64,trace,predictor,0.0,0.0,0.0,0.0
2,1,9,64,instant,embedding,0.6830066031565399,0.7311645788785698,0.6498426209159416,0.06357865591969668
2,1,9,64,instant,decoder,0.9999999988801355,1.6449497511256582e-07,1.0000001403786571,0.15524060853994173
2,1,9,64,instant,decay,0.9132803759236409,0.7582614616072391,0.27371682411042825,0.0004726364454802087
2,1,9,64,instant,phase,0.3948503714675841,0.9504446604526083,0.15143332220204123,0.060382088975263856
2,1,9,64,instant,write,0.8033389612228925,0.6003731073579351,0.7271715124490323,0.0007120318333817663
2,1,9,64,instant,phase_controller,0.39466393221281937,0.9497385000179702,0.15432474143753455,0.599541010282807
2,1,9,64,instant,other,0.946009035338792,0.3243339770557451,0.934782693708469,0.12007267692223252
2,1,9,64,instant,predictor,0.0,0.0,0.0,0.0
2,1,9,128,trace,embedding,0.921295654211008,0.42125977023527056,0.7592913511891248,0.05964318375078498
2,1,9,128,trace,decoder,1.0000000458431988,2.3353771627760844e-07,0.999999999997654,0.1567027701646201
2,1,9,128,trace,decay,0.9852654240363198,0.19580845464142876,1.0806022906317998,0.0005589649578583611
2,1,9,128,trace,phase,0.9314139478256094,0.43936778620731154,0.6852920896527214,0.05995670824730288
2,1,9,128,trace,write,0.9392047449341887,0.34442083069960056,0.9662475410044301,0.0007165764771444047
2,1,9,128,trace,phase_controller,0.93141056806897,0.43803860853777304,0.6876818602522089,0.596163323144448
2,1,9,128,trace,other,0.9412122067581986,0.3381846722151553,0.9254155330476714,0.12625857565839887
2,1,9,128,trace,predictor,0.0,0.0,0.0,0.0
2,1,9,128,instant,embedding,0.6928876273080681,0.7213884364068937,0.6706578339971203,0.05964318375078498
2,1,9,128,instant,decoder,1.0000000458431988,2.3353771627760844e-07,0.999999999997654,0.1567027701646201
2,1,9,128,instant,decay,0.9459874251982477,0.7770816969283518,0.23976634126643595,0.0005589649578583611
2,1,9,128,instant,phase,0.31368498454267896,0.9608167726715808,0.16682807680027878,0.05995670824730288
2,1,9,128,instant,write,0.7772664504694395,0.6345476889300862,0.6948398453810843,0.0007165764771444047
2,1,9,128,instant,phase_controller,0.31649451572211557,0.9597207096813067,0.17078028291781777,0.596163323144448
2,1,9,128,instant,other,0.9412122067581986,0.3381846722151553,0.9254155330476714,0.12625857565839887
2,1,9,128,instant,predictor,0.0,0.0,0.0,0.0
